Date,Open,High,Low,Close,Volume,Dividends,Stock Splits
2021-03-04 00:00:00-05:00,118.58394833274576,120.38583846392305,115.53534519039708,117.00607299804688,178155000,0.0,0.0
2021-03-05 00:00:00-05:00,117.83399731994245,118.76903225470893,114.51266857773292,118.2625503540039,153766600,0.0,0.0
2021-03-08 00:00:00-05:00,117.7852730985796,117.85345248459532,113.18801326724598,113.33411407470703,154376600,0.0,0.0
2021-03-09 00:00:00-05:00,115.93468789918522,118.8858931954571,115.7009310503409,117.94111633300781,129525800,0.0,0.0
2021-03-10 00:00:00-05:00,118.52552453136408,118.99303824849771,116.34376908141869,116.85999298095703,111943300,0.0,0.0
2021-03-11 00:00:00-05:00,119.35342480023796,120.00600008566362,118.1067115889779,118.78850555419922,103026500,0.0,0.0
2021-03-12 00:00:00-05:00,117.26908344492222,118.01905686222865,116.06133086091033,117.88269805908203,88105100,0.0,0.0
2021-03-15 00:00:00-04:00,118.25279105319385,120.77543569972144,117.28853020817765,120.76569366455078,92403800,0.0,0.0
2021-03-16 00:00:00-04:00,122.43123557963636,123.91171295180644,121.47672411823375,122.30461883544922,115227900,0.0,0.0
2021-03-17 00:00:00-04:00,120.82416526324258,122.58709503966791,119.15862613615897,121.51570129394531,111932600,0.0,0.0
2021-03-18 00:00:00-04:00,119.68457136117527,119.97677300065472,117.19114511333716,117.39568328857422,121229700,0.0,0.0
2021-03-19 00:00:00-04:00,116.78206442899135,118.27227638684158,116.56778422545804,116.86972045898438,185549500,0.0,0.0
2021-03-22 00:00:00-04:00,117.20088850037816,120.64883370339138,117.13270910784668,120.18131256103516,111912300,0.0,0.0
2021-03-23 00:00:00-04:00,120.12288150317761,121.0092136525593,118.96382433837393,119.35342407226562,95467100,0.0,0.0
2021-03-24 00:00:00-04:00,119.62613612617307,119.70405755554833,116.94764829711929,116.96712493896484,88530500,0.0,0.0
2021-03-25 00:00:00-04:00,116.43143354135354,118.49630686413842,115.9054750318424,117.4541244506836,98844700,0.0,0.0
2021-03-26 00:00:00-04:00,117.22036189731419,118.32098161470867,115.82754797615723,118.05799865722656,94071200,0.0,0.0
2021-03-29 00:00:00-04:00,118.48655542775977,119.3923715504468,117.59048134086395,118.23331451416016,80819200,0.0,0.0
2021-03-30 00:00:00-04:00,116.98660451621751,117.26906411360106,115.76911009525196,116.78206634521484,85671900,0.0,0.0
2021-03-31 00:00:00-04:00,118.4865815437807,120.30794879540358,117.99958368082311,118.97357940673828,118323800,0.0,0.0
2021-04-01 00:00:00-04:00,120.44430093685868,120.9507753854183,119.30472042335516,119.80146026611328,75089100,0.0,0.0
2021-04-05 00:00:00-04:00,120.6488353850815,122.87928615898178,119.86963594729222,122.62604522705078,88651200,0.0,0.0
2021-04-06 00:00:00-04:00,123.21043811923847,123.82405264578033,122.38254338092113,122.927978515625,80171300,0.0,0.0
2021-04-07 00:00:00-04:00,122.55787260556289,124.59351991699825,121.88581323910961,124.57404327392578,83466700,0.0,0.0
2021-04-08 00:00:00-04:00,125.59672494440802,126.99928093380576,125.17791398584798,126.97006225585938,88844600,0.0,0.0
2021-04-09 00:00:00-04:00,126.42461457311639,129.58035037412546,126.1031942856078,129.54139709472656,106686700,0.0,0.0
2021-04-12 00:00:00-04:00,129.07389975073812,129.39532007888374,127.23304868008105,127.82718658447266,91420000,0.0,0.0
2021-04-13 00:00:00-04:00,128.99596262492872,131.15823376064404,128.49921542278324,130.9342041015625,91266500,0.0,0.0
2021-04-14 00:00:00-04:00,131.43093339635666,131.48937073876672,128.2362298740332,128.5966033935547,87222800,0.0,0.0
2021-04-15 00:00:00-04:00,130.34008581919048,131.48939338315375,130.1647588997771,131.0023956298828,89347100,0.0,0.0
2021-04-16 00:00:00-04:00,130.80765399926287,131.16802773098817,129.81417400731962,130.67129516601562,84922400,0.0,0.0
2021-04-19 00:00:00-04:00,130.0381412567294,131.9471790846723,129.87256379574342,131.33355712890625,94264200,0.0,0.0
2021-04-20 00:00:00-04:00,131.50891027779352,132.00564275979164,128.38237738217003,129.64857482910156,94812300,0.0,0.0
2021-04-21 00:00:00-04:00,128.91804235349915,130.27189547649485,127.88560952240783,130.0283966064453,68847100,0.0,0.0
2021-04-22 00:00:00-04:00,129.58034294411806,130.66147844484067,127.99274053029319,128.5089569091797,84566500,0.0,0.0
2021-04-23 00:00:00-04:00,128.72323846633472,131.6062565911259,128.72323846633472,130.8270721435547,78657500,0.0,0.0
2021-04-26 00:00:00-04:00,131.32381490404939,131.54782970744535,130.0868364590517,131.2166748046875,66905100,0.0,0.0
2021-04-27 00:00:00-04:00,131.49915149684074,131.88875868630524,130.62256132903624,130.89527893066406,66015800,0.0,0.0
2021-04-28 00:00:00-04:00,130.81735115204378,131.50889459107745,129.61934068424674,130.10633850097656,107760100,0.0,0.0
2021-04-29 00:00:00-04:00,132.92116293750138,133.5055661641117,129.0056969879915,130.0089111328125,151101000,0.0,0.0
2021-04-30 00:00:00-04:00,128.35315956120257,130.0868708182536,127.66163089702832,128.04148864746094,109839500,0.0,0.0
2021-05-03 00:00:00-04:00,128.60637073689202,130.58359545105438,128.401839986388,129.09336853027344,75135100,0.0,0.0
2021-05-04 00:00:00-04:00,127.77847859118502,128.07068022860358,123.40523322106765,124.52532958984375,137564700,0.0,0.0
2021-05-05 00:00:00-04:00,125.84023856195147,127.05773315883954,124.6422280399721,124.76885223388672,84000900,0.0,0.0
2021-05-06 00:00:00-04:00,124.56429033642047,126.37592265450229,123.82405163749547,126.3661880493164,78128300,0.0,0.0
2021-05-07 00:00:00-04:00,127.66379828936026,128.06380344320834,126.32714777247271,127.03938293457031,78973300,0.22,0.0
2021-05-10 00:00:00-04:00,126.25885342470616,126.38567778466182,123.72215780429457,123.76118469238281,88071200,0.0,0.0
2021-05-11 00:00:00-04:00,120.492788250042,123.19533577203656,119.7805603965293,122.84410858154297,126142800,0.0,0.0
2021-05-12 00:00:00-04:00,120.39522003263365,121.60502403427476,119.27322096428664,119.78055572509766,112172300,0.0,0.0
2021-05-13 00:00:00-04:00,121.54646856304096,123.07823863645709,121.23426088704589,121.92697143554688,105861300,0.0,0.0
2021-05-14 00:00:00-04:00,123.17581868284023,124.7758841676664,122.7855571745272,124.34659576416016,81918000,0.0,0.0
2021-05-17 00:00:00-04:00,123.7319305977149,123.83925269137897,122.12210663637244,123.19532012939453,74244600,0.0,0.0
2021-05-18 00:00:00-04:00,123.47827441492306,123.8978042561465,121.74161842592076,121.8099136352539,63342900,0.0,0.0
2021-05-19 00:00:00-04:00,120.16105011854478,121.87818865261369,119.86835215925528,121.65379333496094,92612000,0.0,0.0
2021-05-20 00:00:00-04:00,122.18065274217139,124.61001915730156,122.05381347828964,124.20999908447266,76857100,0.0,0.0
2021-05-21 00:00:00-04:00,124.70757329750661,124.88319058200729,122.16112639405591,122.37577056884766,79295400,0.0,0.0
2021-05-24 00:00:00-04:00,122.94165678285485,124.82466155300955,122.87336158160026,124.00511169433594,63092900,0.0,0.0
2021-05-25 00:00:00-04:00,124.7075784829674,125.19541091008112,123.24410353248182,123.80998229980469,72009500,0.0,0.0
2021-05-26 00:00:00-04:00,123.86850677372105,124.28803651614747,123.34165494995638,123.76118469238281,56575900,0.0,0.0
2021-05-27 00:00:00-04:00,123.36117332838509,124.53195020806949,122.03428889481324,122.22941589355469,94625600,0.0,0.0
2021-05-28 00:00:00-04:00,122.51236002849775,122.736762785055,121.51720038633076,121.57573699951172,71311100,0.0,0.0
2021-06-01 00:00:00-04:00,122.03428414331518,122.29770632572136,120.92204391783555,121.2537612915039,67637100,0.0,0.0
2021-06-02 00:00:00-04:00,121.25376479927095,122.19038778236961,121.02936949732552,122.0147705078125,59278900,0.0,0.0
2021-06-03 00:00:00-04:00,121.64403199734149,121.80989069682863,120.13177164794705,120.53179168701172,76229200,0.0,0.0
2021-06-04 00:00:00-04:00,121.04889463757115,123.08800699874061,120.83425044759345,122.82457733154297,75169300,0.0,0.0
2021-06-07 00:00:00-04:00,123.09775754946514,123.24410653680496,121.7903901347652,122.83433532714844,71057600,0.0,0.0
2021-06-08 00:00:00-04:00,123.51728685562117,125.33200387040455,123.13678395621102,123.65387725830078,74403800,0.0,0.0
2021-06-09 00:00:00-04:00,124.11243947005046,124.63929137968418,123.43923856713752,124.03438568115234,56877900,0.0,0.0
2021-06-10 00:00:00-04:00,123.92705266664278,125.06856875877892,122.87335638380547,123.03921508789062,71186400,0.0,0.0
2021-06-11 00:00:00-04:00,123.4489755912786,124.33682053678962,123.02944585374593,124.24900817871094,53522400,0.0,0.0
2021-06-14 00:00:00-04:00,124.70755558634418,127.36131675668122,123.97581824545021,127.30278015136719,96906500,0.0,0.0
2021-06-15 00:00:00-04:00,126.77595907590421,127.4198916269695,126.23934861668313,126.48326110839844,62746300,0.0,0.0
2021-06-16 00:00:00-04:00,127.19544857162282,127.70279059181216,125.33196893040208,126.98080444335938,91815000,0.0,0.0
2021-06-17 00:00:00-04:00,126.63935317228925,129.32239025268845,126.49299676283543,128.5808868408203,96721700,0.0,0.0
2021-06-18 00:00:00-04:00,127.52720715689915,128.30771518043744,127.06865050509046,127.28329467773438,108953300,0.0,0.0
2021-06-21 00:00:00-04:00,127.12716125698881,129.18578275784907,126.06370663710283,129.07846069335938,79663300,0.0,0.0
2021-06-22 00:00:00-04:00,128.91264666080772,130.8151612925248,128.41505560442437,130.71759033203125,74783600,0.0,0.0
2021-06-23 00:00:00-04:00,130.51273014944366,131.04934073165782,129.98587070972775,130.44442749023438,60214200,0.0,0.0
2021-06-24 00:00:00-04:00,131.1761533209972,131.36152922245495,129.69316099657445,130.16148376464844,68711000,0.0,0.0
2021-06-25 00:00:00-04:00,130.21028847287667,130.6298109330751,129.57610688018707,129.86880493164062,70783700,0.0,0.0
2021-06-28 00:00:00-04:00,130.1614419453381,131.95663398446408,130.10290533994575,131.49807739257812,62111300,0.0,0.0
2021-06-29 00:00:00-04:00,131.51763255879192,133.16648356087228,131.07859300425446,133.0103759765625,64556100,0.0,0.0
2021-06-30 00:00:00-04:00,132.8542586809143,134.0640700400228,132.56156070353867,133.62503051757812,63261400,0.0,0.0
2021-07-01 00:00:00-04:00,133.27382165358517,133.98604212249344,132.45426418125246,133.92750549316406,52485800,0.0,0.0
2021-07-02 00:00:00-04:00,134.54212006442484,136.5909908825578,134.39577852908815,136.55197143554688,78852600,0.0,0.0
2021-07-06 00:00:00-04:00,136.65931393358588,139.6643030810213,136.65931393358588,138.56182861328125,108181800,0.0,0.0
2021-07-07 00:00:00-04:00,140.04478004189397,141.36191336128311,139.1862182535438,141.04971313476562,104911600,0.0,0.0
2021-07-08 00:00:00-04:00,138.1324779595245,140.55208490078437,137.24463321327704,139.75205993652344,105575500,0.0,0.0
2021-07-09 00:00:00-04:00,139.27403406481795,142.10341304013653,139.17646311232951,141.57656860351562,99890800,0.0,0.0
2021-07-12 00:00:00-04:00,142.64979816390084,142.75712026323748,140.49360503622404,140.98143005371094,76299700,0.0,0.0
2021-07-13 00:00:00-04:00,140.52287651879445,143.8693639556699,140.1326224508896,142.0936737060547,100827100,0.0,0.0
2021-07-14 00:00:00-04:00,144.49378305932458,145.92798987044893,144.08399692422722,145.51820373535156,127050800,0.0,0.0
2021-07-15 00:00:00-04:00,145.6060054508676,146.34749406137325,143.50834910364574,144.864501953125,106820300,0.0,0.0
2021-07-16 00:00:00-04:00,144.84498071759424,146.11331359035626,142.32780236268064,142.82537841796875,93251400,0.0,0.0
2021-07-19 00:00:00-04:00,140.24968646910114,140.56190161268026,138.2203326975493,138.98133850097656,121434600,0.0,0.0
2021-07-20 00:00:00-04:00,139.96676145319105,143.518127007473,139.47893643261804,142.59124755859375,96350000,0.0,0.0
2021-07-21 00:00:00-04:00,141.9863363279922,142.57173225410514,141.10825732605966,141.8594970703125,74993500,0.0,0.0
2021-07-22 00:00:00-04:00,142.38634335455993,144.59130668501456,142.25950410848452,143.22540283203125,77338200,0.0,0.0
2021-07-23 00:00:00-04:00,143.95717990319216,145.09868877076016,143.34251555633264,144.9425811767578,71447400,0.0,0.0
2021-07-26 00:00:00-04:00,144.65963709619385,146.18164879238583,144.1035094217646,145.3621063232422,72434100,0.0,0.0
2021-07-27 00:00:00-04:00,145.48893575716545,145.57675557902394,142.00587269876928,143.1961669921875,104818600,0.0,0.0
2021-07-28 00:00:00-04:00,141.2838940706625,143.39130194121526,139.06916408946387,141.4497528076172,118931200,0.0,0.0
2021-07-29 00:00:00-04:00,141.16680912935195,142.9815188308623,141.05948702759235,142.0936737060547,56699500,0.0,0.0
2021-07-30 00:00:00-04:00,140.86434605990442,142.76686050541852,140.60091640214495,142.3083038330078,70440600,0.0,0.0
2021-08-02 00:00:00-04:00,142.7961201026742,143.37174997131473,141.71314811709883,141.97657775878906,62880000,0.0,0.0
2021-08-03 00:00:00-04:00,142.25949882463198,144.43519376937195,141.64483467000184,143.77175903320312,64786600,0.0,0.0
2021-08-04 00:00:00-04:00,143.68399557594776,144.19132291330385,142.71809660960577,143.3717803955078,56368300,0.0,0.0
2021-08-05 00:00:00-04:00,143.40107216868265,144.2401319943391,142.61079783385628,143.4791259765625,46397700,0.0,0.0
2021-08-06 00:00:00-04:00,143.0003050001657,143.74290453377364,142.29678337483543,142.79510498046875,54126800,0.22,0.0
2021-08-09 00:00:00-04:00,142.8537139522462,143.3422697557146,142.18928521610837,142.74623107910156,48908700,0.0,0.0
2021-08-10 00:00:00-04:00,143.08821088010203,144.3291466635416,141.9743043631005,142.26744079589844,69023100,0.0,0.0
2021-08-11 00:00:00-04:00,142.7071990606952,143.3618622586966,142.19909668704307,142.52154541015625,48493500,0.0,0.0
2021-08-12 00:00:00-04:00,142.84397881224007,145.63851920327534,142.5019837127135,145.482177734375,72282600,0.0,0.0
2021-08-13 00:00:00-04:00,145.56031813141018,146.01956178212575,144.87634298445295,145.68734741210938,59375000,0.0,0.0
2021-08-16 00:00:00-04:00,145.1401525423691,147.72950726446174,143.11753925492116,147.66110229492188,103296000,0.0,0.0
2021-08-17 00:00:00-04:00,146.79147353422863,148.2082823920191,145.67756689112312,146.7523956298828,92229700,0.0,0.0
2021-08-18 00:00:00-04:00,146.37135309386304,147.27029417589944,142.80488601790597,143.0100860595703,86326000,0.0,0.0
2021-08-19 00:00:00-04:00,141.71049530140775,144.61251796964282,141.19262734198236,143.34226989746094,86960300,0.0,0.0
2021-08-20 00:00:00-04:00,144.06535347049768,145.10108950161558,143.42045616108942,144.79818725585938,60549600,0.0,0.0
2021-08-23 00:00:00-04:00,144.91545125791524,146.7524262457425,144.50506608373868,146.28341674804688,60131800,0.0,0.0
2021-08-24 00:00:00-04:00,146.0293121440176,147.40704295099573,145.7361757091974,146.19541931152344,48606400,0.0,0.0
2021-08-25 00:00:00-04:00,146.3811342523207,146.87947087329786,144.41714466186295,144.96432495117188,58991300,0.0,0.0
2021-08-26 00:00:00-04:00,144.95455911573424,145.7069245583274,144.13377377269998,144.1630859375,48597200,0.0,0.0
2021-08-27 00:00:00-04:00,144.10446179134948,145.34539810446006,143.46934500714787,145.19883728027344,55802400,0.0,0.0
2021-08-30 00:00:00-04:00,145.58964568755835,149.97688265994054,145.2085727146907,149.61534118652344,90956700,0.0,0.0
2021-08-31 00:00:00-04:00,149.1659241974142,149.30271928350763,147.82727059470037,148.35491943359375,86453100,0.0,0.0
2021-09-01 00:00:00-04:00,149.3319699829077,151.43275399237308,148.85317992388826,149.019287109375,80313700,0.0,0.0
2021-09-02 00:00:00-04:00,150.34819027947748,151.17874128646721,148.91183471793337,150.1332244873047,71115500,0.0,0.0
2021-09-03 00:00:00-04:00,150.24073800356902,151.09083559479697,149.58607474290594,150.7683868408203,57808700,0.0,0.0
2021-09-07 00:00:00-04:00,151.42301943650597,153.660598936694,150.85629279363835,153.10365295410156,82278300,0.0,0.0
2021-09-08 00:00:00-04:00,153.38700877891932,153.4456331023822,150.45567332943037,151.559814453125,74420200,0.0,0.0
2021-09-09 00:00:00-04:00,151.93106027193494,152.53686458211524,150.42630033372717,150.54356384277344,57305700,0.0,0.0
2021-09-10 00:00:00-04:00,151.45231569560596,151.9213251437336,145.2965089144569,145.56033325195312,140893200,0.0,0.0
2021-09-13 00:00:00-04:00,147.18232700871462,147.9542386226374,145.3453524055779,146.12704467773438,102404300,0.0,0.0
2021-09-14 00:00:00-04:00,146.90878293557242,147.61230470977705,143.54751554982687,144.7298126220703,109296300,0.0,0.0
2021-09-15 00:00:00-04:00,145.15971382126716,146.0195769004921,143.01983678244974,145.61895751953125,83281300,0.0,0.0
2021-09-16 00:00:00-04:00,145.0424802595639,145.56034832894838,143.85040265204483,145.38446044921875,68034100,0.0,0.0
2021-09-17 00:00:00-04:00,145.41380316434896,145.41380316434896,142.42382816362286,142.7169647216797,129868800,0.0,0.0
2021-09-20 00:00:00-04:00,140.50866688674913,141.52485650500037,138.0365754530921,139.66835021972656,123478900,0.0,0.0
2021-09-21 00:00:00-04:00,140.6356964105484,141.29037444715544,139.51202378684255,140.1471405029297,75834000,0.0,0.0
2021-09-22 00:00:00-04:00,141.14378392401113,143.0784609405733,140.4109501394529,142.51174926757812,76404300,0.0,0.0
2021-09-23 00:00:00-04:00,143.29342671393508,143.71359250338787,142.30654925147212,143.4693145751953,64838200,0.0,0.0
2021-09-24 00:00:00-04:00,142.3261258424034,144.0946960320379,142.22840868658764,143.55728149414062,53477900,0.0,0.0
2021-09-27 00:00:00-04:00,142.14044174425882,142.61923184992318,140.52821338546616,142.042724609375,74150700,0.0,0.0
2021-09-28 00:00:00-04:00,139.9712677848058,141.43693551030117,138.44697573581755,138.6619415283203,108972300,0.0,0.0
2021-09-29 00:00:00-04:00,139.2091217179658,141.14379894035906,138.77919013309102,139.56088256835938,74602000,0.0,0.0
2021-09-30 00:00:00-04:00,140.37184064806678,141.07536211571664,138.0463105239165,138.2612762451172,89056700,0.0,0.0
2021-10-01 00:00:00-04:00,138.65214546670163,139.64880358400276,135.9260103602956,139.38497924804688,94639600,0.0,0.0
2021-10-04 00:00:00-04:00,138.51538125819243,138.95509355251514,135.1052701786628,135.95535278320312,98322000,0.0,0.0
2021-10-05 00:00:00-04:00,136.29731756814027,138.9843747661612,136.17028827499877,137.88023376464844,80861100,0.0,0.0
2021-10-06 00:00:00-04:00,136.27775625309343,138.8964081885175,135.20292752763442,138.74984741210938,83221100,0.0,0.0
2021-10-07 00:00:00-04:00,139.7855986818326,140.9190518423827,139.45338427911526,140.0103302001953,61732700,0.0,0.0
2021-10-08 00:00:00-04:00,140.73339820397527,140.87995899645605,139.2970427994977,139.62925720214844,58773200,0.0,0.0
2021-10-11 00:00:00-04:00,139.0137174402137,141.49557516408288,138.56423939549762,139.54135131835938,64452200,0.0,0.0
2021-10-12 00:00:00-04:00,139.95169027343047,139.97123668009885,137.81181348420836,138.27105712890625,73035900,0.0,0.0
2021-10-13 00:00:00-04:00,138.00726310614547,138.16358964828814,136.0139468710265,137.684814453125,78762700,0.0,0.0
2021-10-14 00:00:00-04:00,138.8573456179309,140.58683751822448,138.27107262847971,140.46957397460938,69907100,0.0,0.0
2021-10-15 00:00:00-04:00,140.47935479013262,141.58348088448486,140.22529620330172,141.5248565673828,67940300,0.0,0.0
2021-10-18 00:00:00-04:00,140.16670208595596,143.479110901774,139.88334618906478,143.1957550048828,85589200,0.0,0.0
2021-10-19 00:00:00-04:00,143.64520263819782,145.75576773810008,143.19573955238386,145.3551483154297,76378900,0.0,0.0
2021-10-20 00:00:00-04:00,145.29650879090318,146.32247907181252,144.7297822080243,145.84368896484375,58418800,0.0,0.0
2021-10-21 00:00:00-04:00,145.40399172614036,146.21499623763387,144.4855043297612,146.05865478515625,61421000,0.0,0.0
2021-10-22 00:00:00-04:00,146.26382415540198,146.74259925266702,145.23785408913082,145.28671264648438,58883400,0.0,0.0
2021-10-25 00:00:00-04:00,145.27697769272697,145.95118723150932,144.24124155296286,145.23789978027344,50720600,0.0,0.0
2021-10-26 00:00:00-04:00,145.912078981119,147.387512149544,145.5993961083312,145.90231323242188,60893400,0.0,0.0
2021-10-27 00:00:00-04:00,145.94140632392705,146.30293288736218,145.09132390307514,145.44308471679688,56094900,0.0,0.0
2021-10-28 00:00:00-04:00,146.3908846714247,149.66419997930225,146.29316753585874,149.07794189453125,100077900,0.0,0.0
2021-10-29 00:00:00-04:00,143.85037288076313,146.5081176612954,143.05891485963772,146.37132263183594,124953200,0.0,0.0
2021-11-01 00:00:00-04:00,145.57989504750188,146.2736360885386,144.41712959922393,145.5505828857422,74588300,0.0,0.0
2021-11-02 00:00:00-04:00,145.25743118168475,148.10082985163274,145.2476505224247,146.5863037109375,69122000,0.0,0.0
2021-11-03 00:00:00-04:00,146.9478455977698,148.49168405814817,146.3908996149076,148.02267456054688,54511500,0.0,0.0
2021-11-04 00:00:00-04:00,148.11059575284676,148.94113176601576,147.192108353955,147.50479125976562,60394600,0.0,0.0
2021-11-05 00:00:00-04:00,148.63012712450208,148.93347149692437,146.83940090236302,148.03321838378906,65463900,0.22,0.0
2021-11-08 00:00:00-05:00,148.1603949099799,148.31696452355757,146.93722280009231,147.21121215820312,55020900,0.0,0.0
2021-11-09 00:00:00-05:00,146.97637928946335,148.17997664131613,146.83938459031998,147.5732879638672,56787900,0.0,0.0
2021-11-10 00:00:00-05:00,146.80022003816552,146.90785977516097,144.67679516407316,144.7452850341797,65187100,0.0,0.0
2021-11-11 00:00:00-05:00,145.7630135429795,146.22291262356347,144.51047128224292,144.69639587402344,41000000,0.0,0.0
2021-11-12 00:00:00-05:00,145.24437287945577,147.17209373098063,144.3147648635999,146.77090454101562,63804000,0.0,0.0
2021-11-15 00:00:00-05:00,147.14273967083543,148.620341460146,146.22291165316477,146.7806854248047,59222800,0.0,0.0
2021-11-16 00:00:00-05:00,146.72195341819835,148.23868992516853,146.13482479249984,147.7592010498047,59256200,0.0,0.0
2021-11-17 00:00:00-05:00,147.7592208106454,151.67337235529826,147.7494408070529,150.19578552246094,88807000,0.0,0.0
2021-11-18 00:00:00-05:00,150.411059635024,155.2645990140686,149.7652210699027,154.4817657470703,137827700,0.0,0.0
2021-11-19 00:00:00-05:00,154.26644947880266,157.56413140418218,153.17049212484577,157.10421752929688,117305600,0.0,0.0
2021-11-22 00:00:00-05:00,158.21000213967926,162.14372871908944,157.54460352782965,157.56417846679688,117467900,0.0,0.0
2021-11-23 00:00:00-05:00,157.66200120676388,158.3274146566765,155.64621578340464,157.94578552246094,96041900,0.0,0.0
2021-11-24 00:00:00-05:00,157.29999955243147,158.66016691398406,156.21382166433506,158.46446228027344,69463600,0.0,0.0
2021-11-26 00:00:00-05:00,156.14526203093936,157.00636502097973,153.0041495633598,153.44448852539062,76959800,0.0,0.0
2021-11-29 00:00:00-05:00,155.94953492440175,157.73048055072377,155.38198131594635,156.80087280273438,88748200,0.0,0.0
2021-11-30 00:00:00-05:00,156.55627065978888,161.9675835913138,156.48776584559891,161.75230407714844,174048100,0.0,0.0
2021-12-01 00:00:00-05:00,163.88548659020162,166.64497001692308,160.99880341826756,161.23365783691406,152052500,0.0,0.0
2021-12-02 00:00:00-05:00,155.3330674414379,160.67587449430678,154.41323968804676,160.2453155517578,136739200,0.0,0.0
2021-12-03 00:00:00-05:00,160.49978216462458,161.41961013164072,156.29206642790317,158.36656188964844,118023100,0.0,0.0
2021-12-06 00:00:00-05:00,160.76394307511896,164.27690456731682,160.75416307393996,161.7718505859375,107497000,0.0,0.0
2021-12-07 00:00:00-05:00,165.45115282756737,167.8974970290668,164.7270295686555,167.50607299804688,120405400,0.0,0.0
2021-12-08 00:00:00-05:00,168.43568937410808,172.18349034092375,167.03637277945757,171.32237243652344,116998900,0.0,0.0
2021-12-09 00:00:00-05:00,171.15603176332104,172.9565375380552,170.18727407030087,170.81353759765625,108923700,0.0,0.0
2021-12-10 00:00:00-05:00,171.4496116481563,175.77474686026093,170.9407678198788,175.59860229492188,115402700,0.0,0.0
2021-12-13 00:00:00-05:00,177.232738467209,178.22107107247726,171.7627164613835,171.9682159423828,153237000,0.0,0.0
2021-12-14 00:00:00-05:00,171.48875398461132,173.92531854630914,168.51400556372403,170.5885009765625,139380400,0.0,0.0
2021-12-15 00:00:00-05:00,171.35175229088827,175.6475325738547,168.611843504033,175.4518280029297,131063300,0.0,0.0
2021-12-16 00:00:00-05:00,175.43223547777242,177.25231617436867,167.08531019517628,168.56289672851562,150185800,0.0,0.0
2021-12-17 00:00:00-05:00,166.28294252078598,169.74697513874438,166.0481029746897,167.46697998046875,195432700,0.0,0.0
2021-12-20 00:00:00-05:00,164.66835958996737,166.91899978685493,163.86596626176092,166.1068115234375,107499100,0.0,0.0
2021-12-21 00:00:00-05:00,167.87793543850688,169.48273676499653,165.49030091905374,169.27725219726562,91185900,0.0,0.0
2021-12-22 00:00:00-05:00,169.32615733120278,172.08564081700152,168.4552593739479,171.870361328125,92135300,0.0,0.0
2021-12-23 00:00:00-05:00,172.07587897729215,173.05441678226669,171.50832525865067,172.49664306640625,68356600,0.0,0.0
2021-12-27 00:00:00-05:00,173.28926405046633,176.54779687853835,173.26970404402934,176.45973205566406,74919600,0.0,0.0
2021-12-28 00:00:00-05:00,176.293354548695,177.4382418590108,174.69833332933095,175.4420166015625,79144300,0.0,0.0
2021-12-29 00:00:00-05:00,175.48117571727812,176.7532777728696,174.316713410959,175.5301055908203,62348900,0.0,0.0
2021-12-30 00:00:00-05:00,175.6181590245021,176.6945564474762,174.26777224500728,174.3754119873047,59773000,0.0,0.0
2021-12-31 00:00:00-05:00,174.2677704894889,175.3833028387427,173.45558242966288,173.75894165039062,64062300,0.0,0.0
2022-01-03 00:00:00-05:00,174.0133871781769,178.9550062933326,173.89596741451703,178.10366821289062,104487900,0.0,0.0
2022-01-04 00:00:00-05:00,178.7103390737201,179.01368336177322,175.2756623032222,175.8432159423828,99310400,0.0,0.0
2022-01-05 00:00:00-05:00,175.7551459173302,176.30312460609773,170.89181265756935,171.16580200195312,94537600,0.0,0.0
2022-01-06 00:00:00-05:00,168.99347567343597,171.53767993498516,167.95622799076347,168.30850219726562,96904000,0.0,0.0
2022-01-07 00:00:00-05:00,169.17943258086993,170.4026050689991,167.3593513212815,168.47488403320312,86709100,0.0,0.0
2022-01-10 00:00:00-05:00,165.45116232460057,168.79775959259328,164.5606894006289,168.49441528320312,106765600,0.0,0.0
2022-01-11 00:00:00-05:00,168.62161391540354,171.42021724210562,167.15380744997546,171.32237243652344,76138300,0.0,0.0
2022-01-12 00:00:00-05:00,172.34004419476074,173.37729170304524,171.0679572091586,171.76271057128906,74805200,0.0,0.0
2022-01-13 00:00:00-05:00,172.0073621746904,172.82933029006384,168.10299122971512,168.49441528320312,84505800,0.0,0.0
2022-01-14 00:00:00-05:00,167.66266389110206,170.05029852382498,167.4180294399018,169.3555450439453,80440800,0.0,0.0
2022-01-18 00:00:00-05:00,167.82902257608225,168.83691537487223,165.77410203397278,166.15573120117188,90956700,0.0,0.0
2022-01-19 00:00:00-05:00,166.35141442818917,167.40823697043027,162.3785536255594,162.66232299804688,94815000,0.0,0.0
2022-01-20 00:00:00-05:00,163.3962221186515,166.0382709410417,160.6563135530504,160.97923278808594,91420500,0.0,0.0
2022-01-21 00:00:00-05:00,160.89118731707072,162.76019814543096,158.81669190708894,158.92433166503906,122848900,0.0,0.0
2022-01-24 00:00:00-05:00,156.58563920962845,158.8167044309835,151.3798104055977,158.1512908935547,162294600,0.0,0.0
2022-01-25 00:00:00-05:00,155.56793581393717,159.26680751652682,153.65001008067688,156.35076904296875,115798400,0.0,0.0
2022-01-26 00:00:00-05:00,159.99093736491258,160.8618354481178,154.43284958250229,156.26271057128906,108275300,0.0,0.0
2022-01-27 00:00:00-05:00,158.96348400735147,160.32365113506773,154.88298262420264,155.8028106689453,121954600,0.0,0.0
2022-01-28 00:00:00-05:00,162.15350702087153,166.69392186078738,159.30595841103175,166.67434692382812,179935700,0.0,0.0
2022-01-31 00:00:00-05:00,166.5079991576081,171.24411862639118,165.87194061535732,171.02883911132812,115541600,0.0,0.0
2022-02-01 00:00:00-05:00,170.27537434014533,171.08756258764447,168.61186289898112,170.8625030517578,86213900,0.0,0.0
2022-02-02 00:00:00-05:00,170.99946801633135,172.10522042730014,169.60994623393472,172.06607055664062,84914300,0.0,0.0
2022-02-03 00:00:00-05:00,170.7352853699913,172.4575215973305,168.42593537257994,169.18919372558594,89418100,0.0,0.0
2022-02-04 00:00:00-05:00,168.20937580635172,170.58046717103358,167.22959142271642,168.905029296875,82465400,0.22,0.0
2022-02-07 00:00:00-05:00,169.36552707422473,170.43348845120025,167.49413533637534,168.18978881835938,77251200,0.0,0.0
2022-02-08 00:00:00-05:00,168.2583925780297,171.80522273077705,167.96445422996524,171.2957305908203,74829200,0.0,0.0
2022-02-09 00:00:00-05:00,172.49106914991745,173.07893089654075,171.36430797248656,172.71641540527344,71285000,0.0,0.0
2022-02-10 00:00:00-05:00,170.61968723864308,171.93259499604034,168.08204874852603,168.64051818847656,90865900,0.0,0.0
2022-02-11 00:00:00-05:00,168.846288443205,169.5811269216294,164.64300397443432,165.2308807373047,98670700,0.0,0.0
2022-02-14 00:00:00-05:00,163.98650420148718,166.15183422384362,163.19288125878157,165.4659881591797,86185500,0.0,0.0
2022-02-15 00:00:00-05:00,167.5137664381475,169.45373566949445,166.80832036305304,169.29696655273438,62527400,0.0,0.0
2022-02-16 00:00:00-05:00,168.3759520184021,169.83582117930217,166.61233714082573,169.06179809570312,61177400,0.0,0.0
2022-02-17 00:00:00-05:00,167.57251856143097,168.43473358576446,165.06427298190405,165.4659881591797,69589300,0.0,0.0
2022-02-18 00:00:00-05:00,166.3870146722984,167.0924457737123,162.83039207397334,163.91795349121094,82772700,0.0,0.0
2022-02-22 00:00:00-05:00,161.6448765238355,163.32031494834902,158.87208401329053,160.99822998046875,91162800,0.0,0.0
2022-02-23 00:00:00-05:00,162.19348215264228,162.7911511578424,156.52053778387523,156.83407592773438,90009200,0.0,0.0
2022-02-24 00:00:00-05:00,149.49552020889521,159.55791116992768,148.9272434071185,159.45013427734375,141147500,0.0,0.0
2022-02-25 00:00:00-05:00,160.5278642931215,161.78198706491756,157.61790357800902,161.5174560546875,91974200,0.0,0.0
2022-02-28 00:00:00-05:00,159.76364417956287,162.07593599497437,159.14637521454355,161.78199768066406,95056600,0.0,0.0
2022-03-01 00:00:00-05:00,161.37050993245586,163.23210951924372,158.69570233786408,159.9008331298828,83474400,0.0,0.0
2022-03-02 00:00:00-05:00,161.06674095056368,163.9767015261093,159.65584916238132,163.19287109375,79724800,0.0,0.0
2022-03-03 00:00:00-05:00,165.06427499633645,165.4953825137644,162.2033064128783,162.8695526123047,76678400,0.0,0.0
2022-03-04 00:00:00-05:00,161.16473673176029,162.20330577402447,158.82305268070243,159.8714141845703,83737200,0.0,0.0
2022-03-07 00:00:00-05:00,160.05758861933697,161.68403439715155,155.82491261205914,156.0796661376953,96418800,0.0,0.0
2022-03-08 00:00:00-05:00,155.60938587479396,159.58730866544224,152.65043241487155,154.2572784423828,131148300,0.0,0.0
2022-03-09 00:00:00-05:00,158.21558423430952,160.1065759424101,156.187438255504,159.65586853027344,91454900,0.0,0.0
2022-03-10 00:00:00-05:00,156.96149116992498,157.1476526374479,152.82679892923494,155.31546020507812,105342000,0.0,0.0
2022-03-11 00:00:00-05:00,155.71717401765326,156.060104640192,151.37673500562354,151.60208129882812,96970100,0.0,0.0
2022-03-14 00:00:00-04:00,148.38837253642478,151.00439558659642,147.06567231572745,147.5751495361328,108732100,0.0,0.0
2022-03-15 00:00:00-04:00,147.84947354452075,152.42508026860065,147.33999637401098,151.95477294921875,92964300,0.0,0.0
2022-03-16 00:00:00-04:00,153.87515407206308,156.76551526978483,151.33751588171134,156.36380004882812,102300200,0.0,0.0
2022-03-17 00:00:00-04:00,155.40360925613626,157.74529344907543,154.44342469949348,157.3729705810547,75615400,0.0,0.0
2022-03-18 00:00:00-04:00,157.2652159266267,161.15496186500974,156.53037749922927,160.66506958007812,123511700,0.0,0.0
2022-03-21 00:00:00-04:00,160.2045664067095,162.9871658912754,159.71467413165345,162.03677368164062,95811400,0.0,0.0
2022-03-22 00:00:00-04:00,162.16411234772428,165.9950729796282,161.57625067180703,165.40721130371094,81532000,0.0,0.0
2022-03-23 00:00:00-04:00,164.59402668830268,169.1500192740017,164.2608885491977,166.76914978027344,98062700,0.0,0.0
2022-03-24 00:00:00-04:00,167.60192566241446,170.61966356312797,166.76911784992285,170.55108642578125,90131400,0.0,0.0
2022-03-25 00:00:00-04:00,170.36494232979024,171.73663471959298,169.25778100424003,171.18795776367188,80546200,0.0,0.0
2022-03-28 00:00:00-04:00,168.6895021580393,172.1775327221898,168.52294058057433,172.0501708984375,90371900,0.0,0.0
2022-03-29 00:00:00-04:00,173.11810933027303,175.39120138120336,172.77517880756406,175.34222412109375,100589400,0.0,0.0
2022-03-30 00:00:00-04:00,174.94054611178674,175.97911541230812,173.12793859273035,174.1763153076172,92633200,0.0,0.0
2022-03-31 00:00:00-04:00,174.24490046314256,174.43106194071976,170.87443883843048,171.0802001953125,103049300,0.0,0.0
2022-04-01 00:00:00-04:00,170.51191638497735,171.3447392929013,168.46417011530542,170.7862548828125,78751300,0.0,0.0
2022-04-04 00:00:00-04:00,171.0409871856376,174.8817406281064,170.9136104166494,174.83274841308594,76468400,0.0,0.0
2022-04-05 00:00:00-04:00,173.91176443413826,174.6955950948926,170.89402610794616,171.52108764648438,73401800,0.0,0.0
2022-04-06 00:00:00-04:00,168.87565359700926,170.1199840728932,166.69073839236125,168.3563690185547,89058800,0.0,0.0
2022-04-07 00:00:00-04:00,167.69991063657648,169.85543344405016,166.41639539463952,168.66009521484375,77594700,0.0,0.0
2022-04-08 00:00:00-04:00,168.30738857225097,168.30738857225097,165.77954264267717,166.65155029296875,76575500,0.0,0.0
2022-04-11 00:00:00-04:00,165.29944535757966,165.61296861541499,162.1543306146452,162.39927673339844,72246700,0.0,0.0
2022-04-12 00:00:00-04:00,164.62339868320723,166.4359910689201,163.27129126604743,164.2706756591797,79265200,0.0,0.0
2022-04-13 00:00:00-04:00,164.00613046155772,167.58233798502656,163.39866884231074,166.9552764892578,70618900,0.0,0.0
2022-04-14 00:00:00-04:00,167.17081545269417,167.80768430539896,161.70361651341247,161.9485626220703,75329400,0.0,0.0
2022-04-18 00:00:00-04:00,160.6063014028095,163.23213209405864,160.26338573831293,161.73306274414062,69023900,0.0,0.0
2022-04-19 00:00:00-04:00,161.68406811950865,164.42746814637917,160.59650655333354,164.0159454345703,67723800,0.0,0.0
2022-04-20 00:00:00-04:00,165.34843439183405,165.4660187034269,162.74221886501599,163.849365234375,67929800,0.0,0.0
2022-04-21 00:00:00-04:00,165.49540922825548,168.06243992326603,162.55605562621574,163.0557403564453,87227800,0.0,0.0
2022-04-22 00:00:00-04:00,163.0949398073809,164.47642463552896,158.23520194954875,158.5193328857422,84882400,0.0,0.0
2022-04-25 00:00:00-04:00,157.8628502431654,159.8714111577949,155.25663522524357,159.5872802734375,96046400,0.0,0.0
2022-04-26 00:00:00-04:00,158.9700254572649,159.05820246882445,153.55181869779824,153.6302032470703,95623200,0.0,0.0
2022-04-27 00:00:00-04:00,152.7581849182673,156.5597381127117,152.2389003975014,153.40484619140625,88063200,0.0,0.0
2022-04-28 00:00:00-04:00,156.0306713643422,161.19413952588084,155.71713316880462,160.33192443847656,130216800,0.0,0.0
2022-04-29 00:00:00-04:00,158.5683119363977,162.84017274008735,154.0711048951049,154.4630126953125,131747600,0.0,0.0
2022-05-02 00:00:00-04:00,153.54208417289016,155.0313463200433,150.17162203400616,154.76681518554688,123055300,0.0,0.0
2022-05-03 00:00:00-04:00,154.95291204808,157.46117291588328,153.15991957685017,156.2560272216797,88966500,0.0,0.0
2022-05-04 00:00:00-04:00,156.44219580516028,163.1145261346623,156.04048055543203,162.66383361816406,108256500,0.0,0.0
2022-05-05 00:00:00-04:00,160.53770657596968,160.76305283929582,151.8176149978829,153.600830078125,130525300,0.0,0.0
2022-05-06 00:00:00-04:00,153.0807608024048,156.44636712680793,151.2851189689877,154.32691955566406,116124600,0.23,0.0
2022-05-09 00:00:00-04:00,152.02108038887474,152.90419128161756,148.64568122313855,149.20497131347656,131577900,0.0,0.0
2022-05-10 00:00:00-04:00,152.59997843272657,153.79707304983472,150.05859659800515,151.6089324951172,115366700,0.0,0.0
2022-05-11 00:00:00-04:00,150.61788122808568,152.53126499841446,143.0722664113859,143.7493133544922,142689800,0.0,0.0
2022-05-12 00:00:00-04:00,140.08936442340104,143.45495579096956,136.19390367446763,139.88330078125,182602000,0.0,0.0
2022-05-13 00:00:00-04:00,141.87518108716213,145.3192870677171,140.42297369266063,144.34786987304688,113990900,0.0,0.0
2022-05-16 00:00:00-04:00,142.81717961196202,144.75019240669823,141.47289233038416,142.80735778808594,86643800,0.0,0.0
2022-05-17 00:00:00-04:00,146.06502676243824,146.95794432736452,143.92595034164182,146.43789672851562,78336300,0.0,0.0
2022-05-18 00:00:00-04:00,144.09277542323014,144.59319436014727,137.27325546059197,138.17599487304688,109742900,0.0,0.0
2022-05-19 00:00:00-04:00,137.2536291483144,139.00020681352638,134.03521536260072,134.77113342285156,136095600,0.0,0.0
2022-05-20 00:00:00-04:00,136.47845848613497,138.0582299092985,130.1201304167111,135.00662231445312,137426100,0.0,0.0
2022-05-23 00:00:00-04:00,135.20285452842407,140.57015125059797,135.0654837610607,140.4229736328125,117726300,0.0,0.0
2022-05-24 00:00:00-04:00,138.16617251433556,139.30439614103204,134.7515166065387,137.72462463378906,104132700,0.0,0.0
2022-05-25 00:00:00-04:00,135.83083742178036,139.12775081330722,135.7425308510417,137.88160705566406,92482700,0.0,0.0
2022-05-26 00:00:00-04:00,134.8103917996885,141.62989697300142,134.56508575048807,141.08041381835938,90601500,0.0,0.0
2022-05-27 00:00:00-04:00,142.6601657784012,146.869610416665,142.5326018592053,146.8303680419922,90978500,0.0,0.0
2022-05-31 00:00:00-04:00,146.27110250820675,147.831245433681,144.0829617048982,146.04541015625,103718400,0.0,0.0
2022-06-01 00:00:00-04:00,147.08547543452738,148.89093902040028,144.90715690011942,145.91783142089844,74286600,0.0,0.0
2022-06-02 00:00:00-04:00,145.05435330119587,148.429766433254,144.1025647736461,148.3708953857422,72348100,0.0,0.0
2022-06-03 00:00:00-04:00,144.14184075062616,145.19175791698237,141.74766608402808,142.650390625,88570300,0.0,0.0
2022-06-06 00:00:00-04:00,144.26939183778111,145.7804854788439,142.17937951644433,143.39610290527344,71598400,0.0,0.0
2022-06-07 00:00:00-04:00,141.63969407079793,146.20237980048756,141.39438806442126,145.91783142089844,67808200,0.0,0.0
2022-06-08 00:00:00-04:00,145.79028471849585,147.0560572730291,144.69131847131706,145.1819305419922,53950200,0.0,0.0
2022-06-09 00:00:00-04:00,144.31844471982856,145.17210490927135,139.85387199936835,139.96180725097656,69473000,0.0,0.0
2022-06-10 00:00:00-04:00,137.64613290864105,138.1171163437947,134.4865897104107,134.55528259277344,91437900,0.0,0.0
2022-06-13 00:00:00-04:00,130.37521064148712,132.6614640522055,128.97206769596104,129.40380859375,122207100,0.0,0.0
2022-06-14 00:00:00-04:00,130.63036655754385,131.3760914682962,129.01133784221852,130.26730346679688,84784300,0.0,0.0
2022-06-15 00:00:00-04:00,131.76858160626196,134.7613181921413,129.67858439406757,132.88717651367188,91533000,0.0,0.0
2022-06-16 00:00:00-04:00,129.60009621204748,129.90427332336094,126.61716621170363,127.6180191040039,108123900,0.0,0.0
2022-06-17 00:00:00-04:00,127.62781429709099,130.58129318016776,127.37268647196602,129.08982849121094,134520300,0.0,0.0
2022-06-21 00:00:00-04:00,130.91494269803155,134.48659850718005,130.8168292526159,133.31893920898438,81000500,0.0,0.0
2022-06-22 00:00:00-04:00,132.25918724085466,135.17342395812105,131.39572023105475,132.80868530273438,73409200,0.0,0.0
2022-06-23 00:00:00-04:00,134.25110181028134,135.98785785879153,133.08344262037107,135.6738739013672,72433800,0.0,0.0
2022-06-24 00:00:00-04:00,137.27323450557805,139.24550436943025,137.14568556404583,139.0001983642578,89116800,0.0,0.0
2022-06-27 00:00:00-04:00,140.02066475796738,140.79584011879487,138.32315139441545,139.0001983642578,70207900,0.0,0.0
2022-06-28 00:00:00-04:00,139.46139501178652,140.7271675936439,134.7417091855751,134.8594512939453,67083400,0.0,0.0
2022-06-29 00:00:00-04:00,134.87907356263912,138.02879459026983,134.1038981265762,136.61582946777344,66242400,0.0,0.0
2022-06-30 00:00:00-04:00,134.6730322892134,135.77199869053038,131.2583759906255,134.15298461914062,98964500,0.0,0.0
2022-07-01 00:00:00-04:00,133.48571986150768,136.4293921589786,133.11286488498627,136.3214569091797,71051600,0.0,0.0
2022-07-05 00:00:00-04:00,135.18325151505502,138.951148551157,134.35901187342057,138.90208435058594,73353800,0.0,0.0
2022-07-06 00:00:00-04:00,138.69602774966668,141.41400763305737,138.43109305954474,140.23654174804688,74064300,0.0,0.0
2022-07-07 00:00:00-04:00,140.5995991745189,143.79839942455877,140.58979232323185,143.60215759277344,66253700,0.0,0.0
2022-07-08 00:00:00-04:00,142.53262737695925,144.77963926575595,142.27751446518533,144.27920532226562,64547800,0.0,0.0
2022-07-11 00:00:00-04:00,142.93489980535588,143.88668829327412,141.08038702449986,142.14991760253906,63141600,0.0,0.0
2022-07-12 00:00:00-04:00,143.0232094985196,145.66270453987497,142.32654882035914,143.121337890625,77588800,0.0,0.0
2022-07-13 00:00:00-04:00,140.30527050583888,143.70029825885086,139.45159516871811,142.75833129882812,71185600,0.0,0.0
2022-07-14 00:00:00-04:00,141.37478416032295,146.1533412106034,140.5603662797928,145.68235778808594,78140700,0.0,0.0
2022-07-15 00:00:00-04:00,146.96775651820843,148.0274804295402,145.41742051675783,147.35043334960938,76259900,0.0,0.0
2022-07-18 00:00:00-04:00,147.90971463576915,148.7241323716371,143.9455611978647,144.30862426757812,81420900,0.0,0.0
2022-07-19 00:00:00-04:00,145.14266864096726,148.3905180514349,144.15163767930207,148.1648406982422,82982400,0.0,0.0
2022-07-20 00:00:00-04:00,148.28258588894056,150.83377461851506,147.5466677906739,150.16653442382812,64823400,0.0,0.0
2022-07-21 00:00:00-04:00,151.59913522400217,152.6490522792443,149.08720372847873,152.4331817626953,65086600,0.0,0.0
2022-07-22 00:00:00-04:00,152.47241748797757,153.34570636779952,150.5295978961148,151.1968231201172,66675400,0.0,0.0
2022-07-25 00:00:00-04:00,151.11832702232695,152.1289867062053,149.42081342303993,150.07823181152344,53623900,0.0,0.0
2022-07-26 00:00:00-04:00,149.40113639411533,150.21555397747602,147.96855797310025,148.7535400390625,55138700,0.0,0.0
2022-07-27 00:00:00-04:00,149.71517016840275,154.37598449377768,149.3030578563077,153.8461151123047,78620700,0.0,0.0
2022-07-28 00:00:00-04:00,154.03252108827954,154.6801324449434,151.5107834924773,154.3955841064453,81378700,0.0,0.0
2022-07-29 00:00:00-04:00,158.21258113398608,160.55770616166393,156.50524578988953,159.45872497558594,101786900,0.0,0.0
2022-08-01 00:00:00-04:00,157.98689646537588,160.5184565925083,157.86915435741844,158.47750854492188,67829400,0.0,0.0
2022-08-02 00:00:00-04:00,157.0939978250213,159.36062329417274,156.6328212608233,157.00567626953125,59907000,0.0,0.0
2022-08-03 00:00:00-04:00,157.82007379818262,163.4621121282082,157.73176722636683,163.01075744628906,82507500,0.0,0.0
2022-08-04 00:00:00-04:00,162.8929733518443,164.05082533305747,161.34263780170815,162.6967315673828,55474100,0.0,0.0
2022-08-05 00:00:00-04:00,160.36807379339814,162.9621035680302,160.16172387120494,162.47080993652344,56697000,0.23,0.0
2022-08-08 00:00:00-04:00,163.47301089783898,164.88793871959618,161.3407986917232,161.99913024902344,60276900,0.0,0.0
2022-08-09 00:00:00-04:00,161.16391080154307,162.93257025599664,160.40731467514888,162.04823303222656,63135500,0.0,0.0
2022-08-10 00:00:00-04:00,164.76018146628317,166.3912794896035,163.99376480339055,166.29302978515625,70170500,0.0,0.0
2022-08-11 00:00:00-04:00,167.09874512344325,168.0125588424397,165.26131220591463,165.55609130859375,57149200,0.0,0.0
2022-08-12 00:00:00-04:00,166.86294364369544,169.1720142653812,166.45024387983412,169.10324096679688,68039400,0.0,0.0
2022-08-15 00:00:00-04:00,168.53332166791955,170.370754508125,168.36628368181792,170.1742401123047,54091700,0.0,0.0
2022-08-16 00:00:00-04:00,169.77141253005902,170.6852264080059,168.6709196812625,170.01705932617188,56377100,0.0,0.0
2022-08-17 00:00:00-04:00,169.76157057327157,173.08270464114312,169.5650561598673,171.5105743408203,79542000,0.0,0.0
2022-08-18 00:00:00-04:00,170.72449438338106,171.85446345688476,170.10545976423154,171.11752319335938,62290100,0.0,0.0
2022-08-19 00:00:00-04:00,170.01704154998163,170.71468497495962,168.32699056998192,168.53334045410156,70346300,0.0,0.0
2022-08-22 00:00:00-04:00,166.73522546568063,166.9022634916105,164.22962509055057,164.6521453857422,69026800,0.0,0.0
2022-08-23 00:00:00-04:00,164.17064162540487,165.7722632709113,163.74812140904885,164.31802368164062,54147100,0.0,0.0
2022-08-24 00:00:00-04:00,164.4064885816526,165.1827258305819,163.355113138006,164.61282348632812,53841500,0.0,0.0
2022-08-25 00:00:00-04:00,165.841056236527,167.17737534622174,165.41855096314578,167.0692901611328,51218200,0.0,0.0
2022-08-26 00:00:00-04:00,167.5998495010736,168.0714870002958,160.7119059513814,160.77085876464844,78961000,0.0,0.0
2022-08-29 00:00:00-04:00,158.3439099366534,160.0634374134409,157.03708224821386,158.56991577148438,73314000,0.0,0.0
2022-08-30 00:00:00-04:00,159.30682979347176,159.72933499269527,154.9736176696823,156.1428985595703,77906200,0.0,0.0
2022-08-31 00:00:00-04:00,157.51850501455607,157.78380767810359,154.4037063115704,154.48231506347656,87991100,0.0,0.0
2022-09-01 00:00:00-04:00,153.9124655541372,155.66146965189284,151.9767674808192,155.20948791503906,74229900,0.0,0.0
2022-09-02 00:00:00-04:00,156.9682732301626,157.56765189981036,152.2715085702032,153.0968780517578,76957800,0.0,0.0
2022-09-06 00:00:00-04:00,153.74540904842692,154.3546082697241,151.01381803326322,151.8391876220703,73714800,0.0,0.0
2022-09-07 00:00:00-04:00,152.1241142058328,153.94189101263512,150.9351774352468,153.2442626953125,87449600,0.0,0.0
2022-09-08 00:00:00-04:00,151.9472441951636,153.63729493578492,150.0213671908206,151.7703857421875,84923800,0.0,0.0
2022-09-09 00:00:00-04:00,152.76279054534643,155.07187581808674,152.0553267593616,154.62969970703125,68028800,0.0,0.0
2022-09-12 00:00:00-04:00,156.81106723949068,161.39974706706778,156.52612358553827,160.58419799804688,104956000,0.0,0.0
2022-09-13 00:00:00-04:00,157.11565333541313,157.7445084078153,150.6993615052029,151.1611785888672,122656600,0.0,0.0
2022-09-14 00:00:00-04:00,152.09465656902455,154.36444545311878,150.93521094229624,152.60560607910156,87965400,0.0,0.0
2022-09-15 00:00:00-04:00,151.9570633678186,152.5368010537083,148.7440148881969,149.71676635742188,90481100,0.0,0.0
2022-09-16 00:00:00-04:00,148.57701100499813,148.7145726076231,145.78645207689314,148.0758819580078,162278800,0.0,0.0
2022-09-19 00:00:00-04:00,146.71006595451675,151.8686478234834,146.50373107588743,151.7900390625,81474200,0.0,0.0
2022-09-20 00:00:00-04:00,150.72886783406594,155.32738364566532,150.41444773199837,154.1679229736328,107689800,0.0,0.0
2022-09-21 00:00:00-04:00,154.60026528272206,155.97589634819317,150.9253987780384,151.04330444335938,101696800,0.0,0.0
2022-09-22 00:00:00-04:00,149.7266360650785,151.78023962875704,148.28223174210513,150.0803680419922,86652500,0.0,0.0
2022-09-23 00:00:00-04:00,148.55733788432917,148.8324610577634,145.97312915554878,147.81056213378906,96029900,0.0,0.0
2022-09-26 00:00:00-04:00,147.0539508051786,151.0923833374164,147.03429487021683,148.14462280273438,93339400,0.0,0.0
2022-09-27 00:00:00-04:00,150.08036255735442,152.02588086273627,147.33893608818533,149.11741638183594,84442700,0.0,0.0
2022-09-28 00:00:00-04:00,145.06914652315353,148.01690757279204,142.31789987820665,147.2308349609375,146691400,0.0,0.0
2022-09-29 00:00:00-04:00,143.55596808972413,144.16516723784525,138.2303333041484,139.99899291992188,128138200,0.0,0.0
2022-09-30 00:00:00-04:00,138.8198877735382,140.60820327947016,135.59700366840286,135.79351806640625,124925300,0.0,0.0
2022-10-03 00:00:00-04:00,135.80335372086685,140.57872706512543,135.2924042908768,139.96951293945312,114311700,0.0,0.0
2022-10-04 00:00:00-04:00,142.50460908002574,143.67389015390162,141.74801279814906,143.5559844970703,87830100,0.0,0.0
2022-10-05 00:00:00-04:00,141.56130887045842,144.8136692711772,140.51975411083046,143.85072326660156,79471000,0.0,0.0
2022-10-06 00:00:00-04:00,143.2710319630231,144.9709035584296,142.69130913468942,142.89764404296875,68402200,0.0,0.0
2022-10-07 00:00:00-04:00,140.05793931227225,140.60820060654387,137.02174919053795,137.65060424804688,85925600,0.0,0.0
2022-10-10 00:00:00-04:00,137.97486877441406,139.4192729060871,136.15709176712548,137.97486877441406,74899000,0.0,0.0
2022-10-11 00:00:00-04:00,137.46393012049913,138.88869341854974,135.8131909792421,136.55995178222656,77033700,0.0,0.0
2022-10-12 00:00:00-04:00,136.70734348798558,137.91592138284778,135.75423283314072,135.93109130859375,70433700,0.0,0.0
2022-10-13 00:00:00-04:00,132.63941157890508,141.08964995811803,132.03019750307845,140.50010681152344,113224000,0.0,0.0
2022-10-14 00:00:00-04:00,141.79711592519322,142.00346577520415,135.78368877686898,135.9703826904297,88598000,0.0,0.0
2022-10-17 00:00:00-04:00,138.61355854500806,140.41167960335844,137.82748592791265,139.9302215576172,85250900,0.0,0.0
2022-10-18 00:00:00-04:00,142.95660950013638,144.14553155258784,138.1615794221166,141.2469024658203,99136600,0.0,0.0
2022-10-19 00:00:00-04:00,139.22275323737964,142.42598143245377,139.03605931008337,141.35496520996094,61758300,0.0,0.0
2022-10-20 00:00:00-04:00,140.52962076392365,143.3496411342512,140.16605331698352,140.89317321777344,64522000,0.0,0.0
2022-10-21 00:00:00-04:00,140.3821753657461,145.27546856585172,140.16600506406664,144.70556640625,86548600,0.0,0.0
2022-10-24 00:00:00-04:00,144.6270145421138,147.6140730780798,143.45773335763306,146.84765625,75981900,0.0,0.0
2022-10-25 00:00:00-04:00,147.47651092815792,149.83472923085242,146.7592264620596,149.6873321533203,74732300,0.0,0.0
2022-10-26 00:00:00-04:00,148.33135548203074,149.3434189974195,145.46218795090752,146.7493896484375,88194300,0.0,0.0
2022-10-27 00:00:00-04:00,145.49165853167307,146.45458955551916,141.62026350591435,142.27859497070312,109180200,0.0,0.0
2022-10-28 00:00:00-04:00,145.6193922207591,154.75745443354808,145.24601935139384,153.02810668945312,164762400,0.0,0.0
2022-10-31 00:00:00-04:00,150.4930176480896,151.55421333060897,149.27460445858512,150.6698760986328,97943200,0.0,0.0
2022-11-01 00:00:00-04:00,152.3796018355527,152.74315424703352,146.5332118743015,148.0267333984375,80379300,0.0,0.0
2022-11-02 00:00:00-04:00,146.35633217647393,149.5202635488904,142.47511648464766,142.5045928955078,93604600,0.0,0.0
2022-11-03 00:00:00-04:00,139.58632020230726,140.31344004952294,136.33395931941936,136.46170043945312,97918500,0.0,0.0
2022-11-04 00:00:00-04:00,139.84737436397546,140.41822196260875,132.25907054843208,136.19593811035156,140814800,0.23,0.0
2022-11-07 00:00:00-05:00,134.94600177423487,136.95379796987663,133.52872680415337,136.72743225097656,83374600,0.0,0.0
2022-11-08 00:00:00-05:00,138.19393528890745,139.1978259809836,135.3200229786847,137.2982940673828,89908500,0.0,0.0
2022-11-09 00:00:00-05:00,136.3140296124831,136.3632434570898,132.4657382407741,132.74131774902344,74917800,0.0,0.0
2022-11-10 00:00:00-05:00,139.0108242882595,144.5519561767578,137.2982811810409,144.5519561767578,118854000,0.0,0.0
2022-11-11 00:00:00-05:00,143.51854343102002,147.64240042758996,142.09141663457416,147.33729553222656,93979700,0.0,0.0
2022-11-14 00:00:00-05:00,146.61877874685428,147.90810035945074,145.10307645601756,145.93966674804688,73374100,0.0,0.0
2022-11-15 00:00:00-05:00,149.81752177217496,151.16589433590542,146.2152837355369,147.6719207763672,89868300,0.0,0.0
2022-11-16 00:00:00-05:00,146.7763108997982,147.5046219917799,144.96533989912186,146.44166564941406,64218300,0.0,0.0
2022-11-17 00:00:00-05:00,144.11888720950952,149.0891860323431,143.8433076526517,148.3411865234375,80389400,0.0,0.0
2022-11-18 00:00:00-05:00,149.9060967599958,150.2899408094876,147.60303246304494,148.90219116210938,74829600,0.0,0.0
2022-11-21 00:00:00-05:00,147.79001023834212,147.9966873729924,145.3885186493538,145.67393493652344,58724100,0.0,0.0
2022-11-22 00:00:00-05:00,145.79205967642807,148.04590985414606,144.6109873377189,147.8096923828125,51804100,0.0,0.0
2022-11-23 00:00:00-05:00,147.09124229312135,149.4336837921187,146.98297781162248,148.68568420410156,58301400,0.0,0.0
2022-11-25 00:00:00-05:00,145.96922504559745,146.5302359602774,144.79800437919693,145.7723846435547,35195900,0.0,0.0
2022-11-28 00:00:00-05:00,142.84927987681326,144.32560563619245,141.1170630589414,141.9438018798828,69246000,0.0,0.0
2022-11-29 00:00:00-05:00,142.01266197350824,142.5244590100729,138.13485967272496,138.94190979003906,83763800,0.0,0.0
2022-11-30 00:00:00-05:00,139.16829999405587,146.3727767919922,138.3317244213744,145.69366455078125,111380900,0.0,0.0
2022-12-01 00:00:00-05:00,145.8708408287867,146.7763188693085,144.29608726911914,145.96925354003906,71250400,0.0,0.0
2022-12-02 00:00:00-05:00,143.6563344518848,145.66413072697534,143.35121453595042,145.4771270751953,65447400,0.0,0.0
2022-12-05 00:00:00-05:00,145.4377569527139,148.53803463745106,143.46932286260514,144.3157501220703,68826400,0.0,0.0
2022-12-06 00:00:00-05:00,144.74882702977874,144.9751927748334,139.68009957146649,140.65447998046875,64727200,0.0,0.0
2022-12-07 00:00:00-05:00,139.94580150371553,141.10717022124382,137.79036411926236,138.7155303955078,69721100,0.0,0.0
2022-12-08 00:00:00-05:00,140.11314322681335,141.25483863673134,138.87303512029186,140.3985595703125,62128300,0.0,0.0
2022-12-09 00:00:00-05:00,140.09344213199822,143.27247380855323,138.67616726979998,139.91629028320312,76097000,0.0,0.0
2022-12-12 00:00:00-05:00,140.44776160871248,142.21935519606154,138.8336463442299,142.2095184326172,70462700,0.0,0.0
2022-12-13 00:00:00-05:00,147.14043487810696,147.6030180487257,141.9634590975565,143.17404174804688,93886200,0.0,0.0
2022-12-14 00:00:00-05:00,143.05597702965818,144.34529916781915,138.93210452988586,140.9497528076172,82291200,0.0,0.0
2022-12-15 00:00:00-05:00,138.88286801559113,139.5619801804679,133.88304361781863,134.3456268310547,98931900,0.0,0.0
2022-12-16 00:00:00-05:00,134.5326248058533,135.47746472052233,131.61933586337778,132.38702392578125,160156900,0.0,0.0
2022-12-19 00:00:00-05:00,132.97755207276447,133.0661279935264,129.24737645818792,130.28079223632812,79592600,0.0,0.0
2022-12-20 00:00:00-05:00,129.31625782088165,131.14690185461754,127.83993247167396,130.21189880371094,77432800,0.0,0.0
2022-12-21 00:00:00-05:00,130.881192518899,134.6507460089221,130.65482677922608,133.3122100830078,85928000,0.0,0.0
2022-12-22 00:00:00-05:00,132.2295555538223,132.4362327068824,128.24347383297044,130.14300537109375,77852100,0.0,0.0
2022-12-23 00:00:00-05:00,128.85367283616628,130.32999816428637,127.59387642427377,129.77883911132812,63814900,0.0,0.0
2022-12-27 00:00:00-05:00,129.30644411453827,129.33596942535033,126.68842309082302,127.97774505615234,69007800,0.0,0.0
2022-12-28 00:00:00-05:00,127.62342547026658,128.9619612841453,123.883405115354,124.05072021484375,85438400,0.0,0.0
2022-12-29 00:00:00-05:00,125.9699349180437,128.42063320760047,125.71404389802797,127.56436920166016,75703700,0.0,0.0
2022-12-30 00:00:00-05:00,126.38328138510155,127.89896863112506,125.41874562865388,127.87928009033203,77034200,0.0,0.0
2023-01-03 00:00:00-05:00,128.2237854341601,128.83399514878522,122.21021915687207,123.09601593017578,112117500,0.0,0.0
2023-01-04 00:00:00-05:00,124.88729543343348,126.62936374107429,123.10586505340991,124.36566162109375,89113600,0.0,0.0
2023-01-05 00:00:00-05:00,125.12350481122068,125.75340309203497,122.79091532129203,123.04680633544922,80962700,0.0,0.0
2023-01-06 00:00:00-05:00,124.02118700839063,128.23362708296847,122.91886125861728,127.57420349121094,87754700,0.0,0.0
2023-01-09 00:00:00-05:00,128.4108124086458,131.30441322455866,127.83996466106093,128.09585571289062,70790800,0.0,0.0
2023-01-10 00:00:00-05:00,128.20408860626057,129.1883055110105,126.09786503081405,128.6666717529297,63896200,0.0,0.0
2023-01-11 00:00:00-05:00,129.1784814447806,131.4028064616691,128.40095662151043,131.3831329345703,69458900,0.0,0.0
2023-01-12 00:00:00-05:00,131.76699610111268,132.14098840377943,129.36550386584642,131.30441284179688,71379600,0.0,0.0
2023-01-13 00:00:00-05:00,129.94616380817476,132.7905502170586,129.58200833933589,132.63307189941406,57809700,0.0,0.0
2023-01-17 00:00:00-05:00,132.70199775252627,135.12316348796887,132.01304876349633,133.7944793701172,63646600,0.0,0.0
2023-01-18 00:00:00-05:00,134.6605787592018,136.42232060237055,132.8988218980733,133.07598876953125,69672800,0.0,0.0
2023-01-19 00:00:00-05:00,131.96380450388668,134.09955338686564,131.65869966602656,133.13502502441406,58280400,0.0,0.0
2023-01-20 00:00:00-05:00,133.14483676564612,135.8415959866414,132.10156944464916,135.69395446777344,80223600,0.0,0.0
2023-01-23 00:00:00-05:00,135.94001423665182,141.05795340870893,135.7234853477745,138.88282775878906,81760300,0.0,0.0
2023-01-24 00:00:00-05:00,138.0954934654877,140.90051809732327,138.0856567013407,140.28045654296875,66435100,0.0,0.0
2023-01-25 00:00:00-05:00,138.6663409653264,140.18202862963406,136.61916767862735,139.62103271484375,65799300,0.0,0.0
2023-01-26 00:00:00-05:00,140.9103416541343,141.9732977828438,139.6603818984353,141.68788146972656,54105100,0.0,0.0
2023-01-27 00:00:00-05:00,140.90049992434123,144.9062550377642,140.82176076743906,143.62677001953125,70555800,0.0,0.0
2023-01-30 00:00:00-05:00,142.67208313488993,143.25276748002082,140.59538495227355,140.74301147460938,64015300,0.0,0.0
2023-01-31 00:00:00-05:00,140.4477633640219,142.06187864867766,140.03439402480078,142.01266479492188,65874500,0.0,0.0
2023-02-01 00:00:00-05:00,141.69774073810188,144.29607334830789,139.08957136310852,143.1346893310547,77663600,0.0,0.0
2023-02-02 00:00:00-05:00,146.54988091267057,148.79389409791816,145.83140682722515,148.43959045410156,118339000,0.0,0.0
2023-02-03 00:00:00-05:00,145.6936529941079,154.8960886893848,145.496812581912,152.06153869628906,154357300,0.0,0.0
2023-02-06 00:00:00-05:00,150.16198925829823,150.68362304726807,148.40023248441526,149.33523559570312,69858300,0.0,0.0
2023-02-07 00:00:00-05:00,148.26246234257331,152.7800151967711,148.26246234257331,152.20916748046875,83322600,0.0,0.0
2023-02-08 00:00:00-05:00,151.45133472995892,152.14028370808583,148.7840997356859,149.5222625732422,64120100,0.0,0.0
2023-02-09 00:00:00-05:00,151.35289040745275,151.89421276586904,148.04592065726195,148.4888153076172,56007100,0.0,0.0
2023-02-10 00:00:00-05:00,147.32567733632254,149.17882019931434,147.08909918660703,148.85353088378906,57450700,0.23,0.0
2023-02-13 00:00:00-05:00,148.79438841262413,152.0571182724141,148.7648180243575,151.65298461914062,62199000,0.0,0.0
2023-02-14 00:00:00-05:00,149.94765859116993,151.5741049324063,148.70565732767898,151.01223754882812,61707600,0.0,0.0
2023-02-15 00:00:00-05:00,150.923562968411,153.279432747917,150.696851620169,153.1118621826172,65573800,0.0,0.0
2023-02-16 00:00:00-05:00,151.3178281549916,154.09756497312395,151.16012443154224,151.51498413085938,68167900,0.0,0.0
2023-02-17 00:00:00-05:00,150.17441057100683,150.81512239489066,148.69583093968438,150.37155151367188,59144100,0.0,0.0
2023-02-21 00:00:00-05:00,148.05510409777494,149.1394018439348,146.29067235544917,146.3596649169922,58867200,0.0,0.0
2023-02-22 00:00:00-05:00,146.74408634882758,147.80866542554767,145.0585140913541,146.7835235595703,51011300,0.0,0.0
2023-02-23 00:00:00-05:00,147.946689634791,148.19311959888688,145.13739706863274,147.26654052734375,48394200,0.0,0.0
2023-02-24 00:00:00-05:00,145.00924162382364,145.0881010134071,143.6390916917033,144.61495971679688,55469600,0.0,0.0
2023-02-27 00:00:00-05:00,145.60067024018994,147.039812645864,145.34437348016522,145.8076629638672,44998500,0.0,0.0
2023-02-28 00:00:00-05:00,144.9501024216552,146.95111245136155,144.73324285815977,145.30496215820312,50547000,0.0,0.0
2023-03-01 00:00:00-05:00,144.73322244168676,145.12750429739225,142.9392054041828,143.23492431640625,55479000,0.0,0.0
2023-03-02 00:00:00-05:00,142.31820514818978,144.61493369350907,141.8450488958328,143.82635498046875,52238100,0.0,0.0
2023-03-03 00:00:00-05:00,145.9259379185379,148.95210462024477,145.2260853537234,148.8732452392578,70732300,0.0,0.0
2023-03-06 00:00:00-05:00,151.59386356059247,154.06803024605406,151.26858921507775,151.63330078125,87558000,0.0,0.0
2023-03-07 00:00:00-05:00,151.50510660246357,151.83039589059405,148.9718149331636,149.4351043701172,56182000,0.0,0.0
2023-03-08 00:00:00-05:00,150.6278251668401,151.27840377958802,149.6618240709013,150.6869659423828,47204800,0.0,0.0
2023-03-09 00:00:00-05:00,151.36710263865677,152.33310365607178,148.08465449485655,148.43951416015625,53833600,0.0,0.0
2023-03-10 00:00:00-05:00,148.0649820559655,148.78455331931613,145.50210448552664,146.37939453125,68572400,0.0,0.0
2023-03-13 00:00:00-04:00,145.69924028415588,150.9531285889032,145.59081050522525,148.32125854492188,84457100,0.0,0.0
2023-03-14 00:00:00-04:00,149.11968969699433,151.209410853691,147.95654755608294,150.41098022460938,73695900,0.0,0.0
2023-03-15 00:00:00-04:00,149.03099896531148,151.06157961922946,147.7791304398882,150.8052978515625,77167900,0.0,0.0
2023-03-16 00:00:00-04:00,149.98711209240733,154.22570978036399,149.47453364061312,153.62442016601562,76161100,0.0,0.0
2023-03-17 00:00:00-04:00,153.85112382009055,154.50170239485772,152.07682545294745,152.7865447998047,98944600,0.0,0.0
2023-03-20 00:00:00-04:00,152.85558396503848,155.56631354554972,151.94870846939224,155.1522979736328,73641400,0.0,0.0
2023-03-21 00:00:00-04:00,155.07339980370813,157.12368313888845,154.304524751908,157.00540161132812,73938300,0.0,0.0
2023-03-22 00:00:00-04:00,157.0251659140942,159.82460651427928,155.5564380089166,155.57615661621094,75701800,0.0,0.0
2023-03-23 00:00:00-04:00,156.56186795883147,159.24302685232914,155.4282812343858,156.66043090820312,67622100,0.0,0.0
2023-03-24 00:00:00-04:00,156.59142861861952,158.0502895303303,155.59585715875076,157.96157836914062,59196500,0.0,0.0
2023-03-27 00:00:00-04:00,157.6560126824132,158.47416184588545,155.61556566491817,156.01971435546875,52390300,0.0,0.0
2023-03-28 00:00:00-04:00,155.71418027651652,156.22675885726497,153.75259217928735,155.39874267578125,45992200,0.0,0.0
2023-03-29 00:00:00-04:00,157.09413508315754,158.7501519087846,157.0744315196879,158.47415161132812,51305700,0.0,0.0
2023-03-30 00:00:00-04:00,159.22333929957506,160.1499184415396,158.9670575321584,160.04148864746094,49501700,0.0,0.0
2023-03-31 00:00:00-04:00,160.12033413577524,162.64377453412575,159.597903820846,162.54519653320312,68749800,0.0,0.0
2023-04-03 00:00:00-04:00,161.92419649331373,163.91533966892132,161.87490749491164,163.79705810546875,56976200,0.0,0.0
2023-04-04 00:00:00-04:00,164.22090454094308,164.45746763773894,162.75217680448466,163.26475524902344,46278300,0.0,0.0
2023-04-05 00:00:00-04:00,162.38749456021097,162.69306530915642,159.48947577581393,161.42147827148438,51511700,0.0,0.0
2023-04-06 00:00:00-04:00,160.1104432538072,162.60432792623257,159.68659100348637,162.30860900878906,45390100,0.0,0.0
2023-04-10 00:00:00-04:00,159.11486640899105,159.71615600585938,157.79400566862077,159.71615600585938,47716900,0.0,0.0
2023-04-11 00:00:00-04:00,160.03162242596915,160.0414742096721,158.21788648492154,158.50375366210938,47644200,0.0,0.0
2023-04-12 00:00:00-04:00,158.9177372546322,159.7457382241708,157.49829842634344,157.81373596191406,50133100,0.0,0.0
2023-04-13 00:00:00-04:00,159.32188371142138,163.4323331532267,159.11487595150933,163.1957550048828,68445600,0.0,0.0
2023-04-14 00:00:00-04:00,162.23962776220338,163.94493394539444,161.48063430124813,162.8507843017578,49386500,0.0,0.0
2023-04-17 00:00:00-04:00,162.73248322378927,163.02820218114718,161.6876226098968,162.8704833984375,41516200,0.0,0.0
2023-04-18 00:00:00-04:00,163.72806193096773,165.01935243982652,163.2844759960185,164.0927734375,49923000,0.0,0.0
2023-04-19 00:00:00-04:00,163.4323069277827,165.75860570342462,163.17601021464827,165.23617553710938,47720200,0.0,0.0
2023-04-20 00:00:00-04:00,163.71818673436218,165.47276665465435,163.1957564794937,164.2701873779297,52456400,0.0,0.0
2023-04-21 00:00:00-04:00,162.6930683177726,164.07307012591417,162.141067594516,162.6634979248047,58337300,0.0,0.0
2023-04-24 00:00:00-04:00,162.643765839196,163.23520373133107,161.54961626736943,162.96905517578125,41949600,0.0,0.0
2023-04-25 00:00:00-04:00,162.8310711478655,163.93507261234095,161.3919134894812,161.4313507080078,48714100,0.0,0.0
2023-04-26 00:00:00-04:00,160.73147738017352,162.91977666468185,160.47519563222698,161.42147827148438,45498800,0.0,0.0
2023-04-27 00:00:00-04:00,162.8310621018307,166.15293313578908,162.8310621018307,166.0050811767578,64902300,0.0,0.0
2023-04-28 00:00:00-04:00,166.08393356927388,167.424513091262,165.4826438930684,167.25692749023438,55275900,0.0,0.0
2023-05-01 00:00:00-04:00,166.86264216717663,168.01593249804148,166.2317821133474,167.168212890625,52472900,0.0,0.0
2023-05-02 00:00:00-04:00,167.66107793363267,167.91737470896658,165.1474894240389,166.13320922851562,48425700,0.0,0.0
2023-05-03 00:00:00-04:00,167.07949000013943,168.47921017635485,164.77290950021637,165.0587615966797,65136000,0.0,0.0
2023-05-04 00:00:00-04:00,162.53534351356944,164.6546351492701,161.9636242025262,163.4224853515625,81235400,0.0,0.0
2023-05-05 00:00:00-04:00,168.5383442631647,171.81094077356033,168.32148473339686,171.09136962890625,113453200,0.0,0.0
2023-05-08 00:00:00-04:00,170.01693107088172,171.3673772990156,169.65221959190652,171.02236938476562,55962800,0.0,0.0
2023-05-09 00:00:00-04:00,170.57881302608763,171.06180609803263,169.14952233576255,169.3170928955078,45326900,0.0,0.0
2023-05-10 00:00:00-04:00,170.54924563088602,171.54481722364216,169.4452292165715,171.08152770996094,53724500,0.0,0.0
2023-05-11 00:00:00-04:00,171.36736154745756,172.0967844383617,169.71134476851833,171.26878356933594,49514700,0.0,0.0
2023-05-12 00:00:00-04:00,171.3773829679925,171.8117019924622,168.79122976444327,170.34095764160156,45533100,0.24,0.0
2023-05-15 00:00:00-04:00,170.92332917405315,170.97268634600138,169.2551561693846,169.847412109375,37266700,0.0,0.0
2023-05-16 00:00:00-04:00,169.76844364659667,170.903583292935,169.58089543020992,169.847412109375,42110300,0.0,0.0
2023-05-17 00:00:00-04:00,169.492059065459,170.69628668546216,168.21871333171157,170.4593963623047,57951600,0.0,0.0
2023-05-18 00:00:00-04:00,170.7653713447007,172.97644284674885,170.350798262134,172.7888946533203,65496700,0.0,0.0
2023-05-19 00:00:00-04:00,174.11159953538055,174.11159953538055,172.68033195301507,172.89749145507812,55809500,0.0,0.0
2023-05-22 00:00:00-04:00,171.73274586766902,172.45332751081392,171.2095929310653,171.9499053955078,43570900,0.0,0.0
2023-05-23 00:00:00-04:00,170.89370662105455,171.1404774028389,169.0675968111729,169.34397888183594,50747300,0.0,0.0
2023-05-24 00:00:00-04:00,168.88004898113246,170.19287135053577,168.3174194294986,169.620361328125,45143500,0.0,0.0
2023-05-25 00:00:00-04:00,170.18302884098296,171.65377326209193,169.47232768730396,170.7555389404297,56058300,0.0,0.0
2023-05-26 00:00:00-04:00,171.08127033696854,173.49962120538788,170.87397623432938,173.16400146484375,54835000,0.0,0.0
2023-05-30 00:00:00-04:00,174.6742524991613,176.67803022234617,174.28929064745816,175.00985717773438,55964400,0.0,0.0
2023-05-31 00:00:00-04:00,175.03947872320146,177.03339115324283,174.47683402760893,174.96051025390625,99625300,0.0,0.0
2023-06-01 00:00:00-04:00,175.40466591116137,177.79340523372372,174.64460769798924,177.7637939453125,68901800,0.0,0.0
2023-06-02 00:00:00-04:00,178.69165461361322,179.4319669478336,176.94451328757913,178.61268615722656,61996900,0.0,0.0
2023-06-05 00:00:00-04:00,180.27099781019854,182.56102285189482,175.7402747725204,177.26039123535156,121946500,0.0,0.0
2023-06-06 00:00:00-04:00,177.64536518975015,177.79342164547316,175.13816542041533,176.8951873779297,64848400,0.0,0.0
2023-06-07 00:00:00-04:00,176.13511905525095,178.8693435880805,175.0295907510138,175.52313232421875,61944600,0.0,0.0
2023-06-08 00:00:00-04:00,175.60208462454239,178.50411146672758,175.16778069465795,178.23760986328125,50214900,0.0,0.0
2023-06-09 00:00:00-04:00,179.15563804055773,179.8762047090654,178.29688029779246,178.62261962890625,48900000,0.0,0.0
2023-06-12 00:00:00-04:00,178.92857679274874,181.51472997018058,178.63244881890137,181.416015625,54274900,0.0,0.0
2023-06-13 00:00:00-04:00,180.43882318354116,181.77137654932005,180.08347260699438,180.94223022460938,54929100,0.0,0.0
2023-06-14 00:00:00-04:00,181.00144926283193,182.00827838693002,179.66889592317074,181.57395935058594,57462900,0.0,0.0
2023-06-15 00:00:00-04:00,181.5838370156226,184.11076766616947,181.4061542027307,183.6073455810547,65433200,0.0,0.0
2023-06-16 00:00:00-04:00,184.31806678939995,184.57471809579366,181.8898502216663,182.5314483642578,101256200,0.0,0.0
2023-06-20 00:00:00-04:00,182.0279984336963,183.69617128575536,182.0279984336963,182.6202392578125,49799100,0.0,0.0
2023-06-21 00:00:00-04:00,182.51166200493424,183.01508403325016,180.2315024183292,181.5838165283203,49515700,0.0,0.0
2023-06-22 00:00:00-04:00,181.3666633051449,184.63390612000734,181.29756025506936,184.5845489501953,51245300,0.0,0.0
2023-06-23 00:00:00-04:00,183.15329819733586,185.13733008755815,182.62026481317798,184.26869201660156,53117000,0.0,0.0
2023-06-26 00:00:00-04:00,184.41677010681076,185.62101290744985,182.83743084186574,182.87692260742188,48088700,0.0,0.0
2023-06-27 00:00:00-04:00,183.48887561115208,185.9565833444032,183.27171612569057,185.63084411621094,50730800,0.0,0.0
2023-06-28 00:00:00-04:00,185.50255431027165,187.4471095844542,185.17683008088284,186.80551147460938,51216800,0.0,0.0
2023-06-29 00:00:00-04:00,186.6376758009822,187.61489349976054,186.49948476837957,187.14108276367188,46347300,0.0,0.0
2023-06-30 00:00:00-04:00,189.15475231695294,191.96793030893548,188.7895213028153,191.4645233154297,85213200,0.0,0.0
2023-07-03 00:00:00-04:00,191.27697146600818,191.37568580561538,189.28305928715224,189.97402954101562,31458200,0.0,0.0
2023-07-05 00:00:00-04:00,189.09553270560195,190.48730854754436,188.15779163185775,188.85862731933594,46920300,0.0,0.0
2023-07-06 00:00:00-04:00,187.3878728511301,189.53972207962792,186.756140199604,189.33242797851562,45094300,0.0,0.0
2023-07-07 00:00:00-04:00,188.9375920522482,190.1813114167851,187.7827065576724,188.21701049804688,46815000,0.0,0.0
2023-07-10 00:00:00-04:00,186.8153651594175,187.5359467558433,184.62403920180722,186.17376708984375,59922200,0.0,0.0
2023-07-11 00:00:00-04:00,186.71665587805697,186.85484691926047,184.18972537508213,185.65060424804688,46638100,0.0,0.0
2023-07-12 00:00:00-04:00,187.22989192987248,189.22380376156053,186.03552996172553,187.31874084472656,60750200,0.0,0.0
2023-07-13 00:00:00-04:00,188.03935020331573,188.72044002337208,187.32864909209994,188.07882690429688,41342300,0.0,0.0
2023-07-14 00:00:00-04:00,187.7728180713282,188.71054402484233,187.1805772351739,188.2268829345703,41616200,0.0,0.0
2023-07-17 00:00:00-04:00,189.42126802557274,191.81002272437502,189.33243414864154,191.48428344726562,50520200,0.0,0.0
2023-07-18 00:00:00-04:00,190.8525644573039,191.81990188608006,189.93456914478574,191.22764587402344,48288200,0.0,0.0
2023-07-19 00:00:00-04:00,190.6057743707706,195.66950100927124,190.16157487576123,192.57994079589844,80507300,0.0,0.0
2023-07-20 00:00:00-04:00,192.57005054034346,193.93223012421538,190.01350876450033,190.6353759765625,59581200,0.0,0.0
2023-07-21 00:00:00-04:00,191.59284231983003,192.4515998266043,188.75990348350925,189.4607391357422,71951700,0.0,0.0
2023-07-24 00:00:00-04:00,190.91177825353577,192.3924031537896,189.76675804919924,190.2602996826172,45377800,0.0,0.0
2023-07-25 00:00:00-04:00,190.83280156435973,191.92846454581797,190.42809382758358,191.11904907226562,37283200,0.0,0.0
2023-07-26 00:00:00-04:00,191.16839008411552,193.112945076557,190.82292002182845,191.9876708984375,47471900,0.0,0.0
2023-07-27 00:00:00-04:00,193.48804855415668,194.65279947329122,190.06286872536143,190.72421264648438,47460200,0.0,0.0
2023-07-28 00:00:00-04:00,192.15547128634879,194.0901608500724,191.63231843190331,193.3004913330078,48291400,0.0,0.0
2023-07-31 00:00:00-04:00,193.52752900074864,193.95198260711592,192.7378594315981,193.91249084472656,38824100,0.0,0.0
2023-08-01 00:00:00-04:00,193.7052413515144,194.1889025518439,192.7576347116685,193.0833740234375,35175100,0.0,0.0
2023-08-02 00:00:00-04:00,192.52068429221174,192.65887532596588,189.37190180440743,190.09246826171875,50389300,0.0,0.0
2023-08-03 00:00:00-04:00,189.09554118067888,189.885195713569,188.22690312046603,188.70069885253906,61235200,0.0,0.0
2023-08-04 00:00:00-04:00,183.12368481919472,184.95966022717982,179.57017917093492,179.6392822265625,115956800,0.0,0.0
2023-08-07 00:00:00-04:00,179.77747246914834,180.7645556934903,175.0592158617292,176.5398406982422,97576100,0.0,0.0
2023-08-08 00:00:00-04:00,177.36897457174686,177.94148460917899,175.2862285117603,177.47755432128906,67823000,0.0,0.0
2023-08-09 00:00:00-04:00,178.53372709089916,178.59294967088076,174.72358547458126,175.8883514404297,60378500,0.0,0.0
2023-08-10 00:00:00-04:00,177.16169386807627,178.41529378720278,175.30598763799586,175.67120361328125,54686900,0.0,0.0
2023-08-11 00:00:00-04:00,175.26597277471524,176.55090180538758,174.50488805624465,175.7305145263672,52036700,0.24,0.0
2023-08-14 00:00:00-04:00,175.90841909398483,177.60849603671858,175.2560608313475,177.38116455078125,43675600,0.0,0.0
2023-08-15 00:00:00-04:00,176.8078826094104,177.40092323969566,174.99907927707545,175.39443969726562,43622600,0.0,0.0
2023-08-16 00:00:00-04:00,175.07813825565708,176.471793411816,174.45543132326716,174.52462768554688,46964900,0.0,0.0
2023-08-17 00:00:00-04:00,175.08803154260252,175.4537406821077,171.47042491030345,171.98440551757812,66062900,0.0,0.0
2023-08-18 00:00:00-04:00,170.30411608587545,173.0716844916875,169.96805819399307,172.46875,61172200,0.0,0.0
2023-08-21 00:00:00-04:00,173.0420157807921,174.08973444525807,171.7274205434044,173.80308532714844,46311900,0.0,0.0
2023-08-22 00:00:00-04:00,175.00895776189057,175.62177093693052,174.2083431088137,175.17698669433594,42038900,0.0,0.0
2023-08-23 00:00:00-04:00,176.45205395893973,179.44695366375947,176.264252478764,179.0219268798828,52722800,0.0,0.0
2023-08-24 00:00:00-04:00,178.57715186115848,179.00217866700072,173.9711287799832,174.33685302734375,54945800,0.0,0.0
2023-08-25 00:00:00-04:00,175.3252527852027,177.07473842454561,173.78332608108835,176.54100036621094,51449600,0.0,0.0
2023-08-28 00:00:00-04:00,178.003859262239,178.49806733287568,176.48170504077262,178.1027069091797,43820700,0.0,0.0
2023-08-29 00:00:00-04:00,177.61837000977968,182.75813070921157,177.4206898063463,181.98716735839844,53003900,0.0,0.0
2023-08-30 00:00:00-04:00,182.7976884731864,185.67398314097,182.6000082560471,185.47628784179688,60813900,0.0,0.0
2023-08-31 00:00:00-04:00,185.66408956621913,186.92926105598286,185.30825914209595,185.69374084472656,60794500,0.0,0.0
2023-09-01 00:00:00-04:00,187.29497110047913,187.7199827815663,186.09898099052413,187.26531982421875,45766500,0.0,0.0
2023-09-05 00:00:00-04:00,186.09896874874457,187.77927298177536,185.43673181910435,187.5025177001953,45280000,0.0,0.0
2023-09-06 00:00:00-04:00,186.21759365485326,186.66239298088038,179.3678770840619,180.79119873046875,81755800,0.0,0.0
2023-09-07 00:00:00-04:00,173.15073850258275,176.1456533918577,171.52973657694065,175.503173828125,112488800,0.0,0.0
2023-09-08 00:00:00-04:00,176.2840260730559,178.15213198996554,175.7305003611282,176.11598205566406,65551300,0.0,0.0
2023-09-11 00:00:00-04:00,177.9840695669679,178.21140101532347,175.2856831308839,177.28228759765625,58953100,0.0,0.0
2023-09-12 00:00:00-04:00,177.4108165912451,178.043402311121,172.79491507430095,174.2577667236328,90370200,0.0,0.0
2023-09-13 00:00:00-04:00,174.46534664942806,175.24620393193433,171.96465474647994,172.19200134277344,84267900,0.0,0.0
2023-09-14 00:00:00-04:00,171.98438956640607,174.06006926639952,171.56925664281374,173.70423889160156,60895800,0.0,0.0
2023-09-15 00:00:00-04:00,174.4356540223445,174.45542656560403,171.80647888602266,172.98268127441406,109259500,0.0,0.0
2023-09-18 00:00:00-04:00,174.43567131089117,177.30208708635865,174.1292647291417,175.90841674804688,67257600,0.0,0.0
2023-09-19 00:00:00-04:00,175.4636488877364,177.54920768301113,175.07816717117066,176.99569702148438,51826900,0.0,0.0
2023-09-20 00:00:00-04:00,177.18347129792434,177.61837681135137,173.36818440563272,173.4571533203125,58436200,0.0,0.0
2023-09-21 00:00:00-04:00,172.52805046683002,174.25777881422758,171.84604087673065,171.91522216796875,63149100,0.0,0.0
2023-09-22 00:00:00-04:00,172.6466384244914,175.0287248458324,172.03382526857388,172.76524353027344,56725400,0.0,0.0
2023-09-25 00:00:00-04:00,172.18205638108142,174.9199727999802,172.13263256691485,174.040283203125,46172700,0.0,0.0
2023-09-26 00:00:00-04:00,172.79493440563715,173.17052232124786,169.6715354659317,169.9680633544922,64588900,0.0,0.0
2023-09-27 00:00:00-04:00,170.6203831944849,171.0355161486817,167.09174554279588,168.45574951171875,66921800,0.0,0.0
2023-09-28 00:00:00-04:00,167.3783703364052,170.03721192481018,165.678293523344,168.71273803710938,56294400,0.0,0.0
2023-09-29 00:00:00-04:00,170.027329658855,171.06516950648842,168.3667828862352,169.22671508789062,51861100,0.0,0.0
2023-10-02 00:00:00-04:00,169.23661305458424,172.28093658205415,168.9499639274405,171.7373046875,52164500,0.0,0.0
2023-10-03 00:00:00-04:00,170.26457643095287,171.61871693838452,168.84126971126884,170.4029541015625,49594600,0.0,0.0
2023-10-04 00:00:00-04:00,169.10810929534875,172.19197782627828,168.98950418793981,171.64834594726562,53020300,0.0,0.0
2023-10-05 00:00:00-04:00,171.77682905786853,173.41760341955526,170.67968657288918,172.8838653564453,48527900,0.0,0.0
2023-10-06 00:00:00-04:00,171.78673241813826,175.92819856079907,171.17390414032383,175.43399047851562,57266700,0.0,0.0
2023-10-09 00:00:00-04:00,174.7618406122257,176.97589800927489,173.76354582426052,176.91659545898438,42390800,0.0,0.0
2023-10-10 00:00:00-04:00,176.03691333055846,177.6381425852869,175.88864186643335,176.32354736328125,43698000,0.0,0.0
2023-10-11 00:00:00-04:00,176.13575227199846,177.76664794425923,175.54271164011269,177.71722412109375,47551100,0.0,0.0
2023-10-12 00:00:00-04:00,177.98408304070654,180.2277765858699,176.96600064702005,178.61666870117188,56743100,0.0,0.0
2023-10-13 00:00:00-04:00,179.31846581874476,179.82255265296823,176.0764618780152,176.7782440185547,51427100,0.0,0.0
2023-10-16 00:00:00-04:00,174.70255348644375,177.0055649122618,174.46532818230494,176.6497344970703,52517000,0.0,0.0
2023-10-17 00:00:00-04:00,174.60370757241088,176.35320838797153,172.77514673671925,175.09791564941406,57549400,0.0,0.0
2023-10-18 00:00:00-04:00,173.54610256783715,175.52293478970745,173.08154578913502,173.80308532714844,54764400,0.0,0.0
2023-10-19 00:00:00-04:00,174.00075828264139,175.7799102245973,173.16061367257353,173.427490234375,59302900,0.0,0.0
2023-10-20 00:00:00-04:00,173.2792242572037,173.38795063159753,170.64015507731645,170.87738037109375,64244000,0.0,0.0
2023-10-23 00:00:00-04:00,168.93020088937016,171.99428177951037,167.96154224302492,170.99598693847656,55980100,0.0,0.0
2023-10-24 00:00:00-04:00,171.04542648826694,171.6582397062376,169.46395453488128,171.430908203125,43816600,0.0,0.0
2023-10-25 00:00:00-04:00,169.88895954662036,171.05528327402416,168.6731969171006,169.1179962158203,57157000,0.0,0.0
2023-10-26 00:00:00-04:00,168.3964558542296,169.39476582537458,163.75090293239452,164.95677185058594,70625300,0.0,0.0
2023-10-27 00:00:00-04:00,164.9765244498122,167.00278034322866,164.8974493569631,166.27134704589844,58499100,0.0,0.0
2023-10-30 00:00:00-04:00,167.06208999172168,169.18717852998205,166.91381853056686,168.31736755371094,51131000,0.0,0.0
2023-10-31 00:00:00-04:00,167.3882903979478,168.92032345051314,165.95507483465602,168.79183959960938,44846000,0.0,0.0
2023-11-01 00:00:00-04:00,169.01916053768616,172.2117404582064,168.14934950515965,171.9547576904297,56934900,0.0,0.0
2023-11-02 00:00:00-04:00,173.48679033388817,175.72060519042475,173.42748778366638,175.51304626464844,77334800,0.0,0.0
2023-11-03 00:00:00-04:00,172.2216424329047,174.77175801380423,171.34195262679097,174.6037139892578,79829200,0.0,0.0
2023-11-06 00:00:00-05:00,174.33684685023218,177.35150406781844,174.16881791314302,177.15382385253906,63841300,0.0,0.0
2023-11-07 00:00:00-05:00,177.1043884447924,180.32663456302825,176.89682951103612,179.7138214111328,70530000,0.0,0.0
2023-11-08 00:00:00-05:00,180.23771569933098,181.32496456419335,179.4865096698249,180.77145385742188,49340300,0.0,0.0
2023-11-09 00:00:00-05:00,180.84061367506283,181.98716487212562,179.7039261272927,180.29698181152344,53763500,0.0,0.0
2023-11-10 00:00:00-05:00,182.07851182586327,184.65178594080095,181.6430332739287,184.4835205078125,66133400,0.24,0.0
2023-11-13 00:00:00-05:00,183.9094496896321,184.1172820619318,182.31600272709323,182.89993286132812,43627500,0.0,0.0
2023-11-14 00:00:00-05:00,185.77012344749633,186.17591157835597,184.38452385663774,185.51280212402344,60108400,0.0,0.0
2023-11-15 00:00:00-05:00,185.91859136162876,187.55162053928348,185.84930383072194,186.07693481445312,53790500,0.0,0.0
2023-11-16 00:00:00-05:00,187.6209309899597,188.9966390106662,186.71037673999564,187.75949096679688,54412900,0.0,0.0
2023-11-17 00:00:00-05:00,188.29390964052354,188.42257785422723,186.63119011836693,187.7396697998047,50922700,0.0,0.0
2023-11-20 00:00:00-05:00,187.93759410143886,189.9368291546864,187.9277023558229,189.48155212402344,46505100,0.0,0.0
2023-11-21 00:00:00-05:00,189.442003783256,189.5508734120303,187.78917585688575,188.67991638183594,38134500,0.0,0.0
2023-11-22 00:00:00-05:00,189.52115946327928,190.9463411053134,188.8679417719912,189.34300231933594,39617700,0.0,0.0
2023-11-24 00:00:00-05:00,188.90754041885276,188.93723076179566,187.30420149232032,188.0167999267578,24048300,0.0,0.0
2023-11-27 00:00:00-05:00,187.96732179253766,188.70961061258598,186.95780476873864,187.83865356445312,40552600,0.0,0.0
2023-11-28 00:00:00-05:00,187.82871659191514,189.11535325725313,187.45261884770375,188.4423370361328,38415400,0.0,0.0
2023-11-29 00:00:00-05:00,188.93722623545,190.11499348364924,187.02707707633283,187.42295837402344,43014200,0.0,0.0
2023-11-30 00:00:00-05:00,187.888109148078,188.36318478193425,186.2550800746654,187.99697875976562,48794400,0.0,0.0
2023-12-01 00:00:00-05:00,188.37308016671426,189.59042941044567,187.2843840288066,189.2737274169922,45704800,0.0,0.0
2023-12-04 00:00:00-05:00,188.0267090138373,188.09599655502976,185.52272251537218,187.48236083984375,43389500,0.0,0.0
2023-12-05 00:00:00-05:00,188.25434777036742,192.4012552746417,188.22464232394302,191.43133544921875,66628400,0.0,0.0
2023-12-06 00:00:00-05:00,192.4507413057332,192.75755159573393,190.1348038567878,190.3426513671875,41089700,0.0,0.0
2023-12-07 00:00:00-05:00,191.63916388460834,192.99507315570867,191.59956669458757,192.2725830078125,47477700,0.0,0.0
2023-12-08 00:00:00-05:00,192.2032849129047,193.97488907234165,191.67873543823174,193.69776916503906,53406400,0.0,0.0
2023-12-11 00:00:00-05:00,191.12452944175106,191.50062728331056,189.45190285406377,191.1938018798828,60943700,0.0,0.0
2023-12-12 00:00:00-05:00,191.09482308550778,192.71796059458774,189.7488055095461,192.70806884765625,52696900,0.0,0.0
2023-12-13 00:00:00-05:00,193.08413511536142,195.96421892707963,192.8466123940007,195.9246368408203,70404200,0.0,0.0
2023-12-14 00:00:00-05:00,195.98404908233329,197.56758952005956,194.14317218582164,196.0731201171875,66831600,0.0,0.0
2023-12-15 00:00:00-05:00,195.4990685795855,196.36011872958818,194.9745190512041,195.53866577148438,128538400,0.0,0.0
2023-12-18 00:00:00-05:00,194.07384089090513,194.60829718334298,192.39132294807408,193.8759002685547,55751900,0.0,0.0
2023-12-19 00:00:00-05:00,194.14313632648785,194.92500710230044,193.87590816937887,194.9151153564453,40714100,0.0,0.0
2023-12-20 00:00:00-05:00,194.87552171417178,195.64750075817219,192.82681274414062,192.82681274414062,52242800,0.0,0.0
2023-12-21 00:00:00-05:00,194.08377332368417,195.05369307239374,191.51049958819766,192.67835998535156,46482500,0.0,0.0
2023-12-22 00:00:00-05:00,193.173238924369,193.40088504018271,190.98596961710052,191.6094970703125,37149600,0.0,0.0
2023-12-26 00:00:00-05:00,191.6193643540786,191.89648427525853,190.84738527337694,191.06512451171875,28919300,0.0,0.0
2023-12-27 00:00:00-05:00,190.51087517820892,191.51048519395766,189.12526053943682,191.16407775878906,48087700,0.0,0.0
2023-12-28 00:00:00-05:00,192.14390044821914,192.65855816674446,191.18387253758047,191.58966064453125,34049900,0.0,0.0
2023-12-29 00:00:00-05:00,191.90638540499626,192.40124458871406,189.75869835988954,190.55047607421875,42672100,0.0,0.0
2024-01-02 00:00:00-05:00,185.22579259007347,186.50253778362813,181.99931604152513,183.7313232421875,82488700,0.0,0.0
2024-01-03 00:00:00-05:00,182.32593099304364,183.9688672168001,181.5440449736598,182.35562133789062,58414500,0.0,0.0
2024-01-04 00:00:00-05:00,180.27718031693732,181.2075179249861,179.0202489631632,180.03965759277344,71983600,0.0,0.0
2024-01-05 00:00:00-05:00,180.1188384374096,180.88091065327836,178.31754388665928,179.31715393066406,62379700,0.0,0.0
2024-01-08 00:00:00-05:00,180.21780632812883,183.6917273170526,179.63387614033877,183.65213012695312,59144500,0.0,0.0
2024-01-09 00:00:00-05:00,182.0289926299427,183.24634194188326,180.85122540618832,183.2364501953125,42841800,0.0,0.0
2024-01-10 00:00:00-05:00,182.4545871112419,184.48349768333688,182.02900036017593,184.27566528320312,46792900,0.0,0.0
2024-01-11 00:00:00-05:00,184.62205313633504,185.12681915669637,181.73207738578324,183.68182373046875,49128400,0.0,0.0
2024-01-12 00:00:00-05:00,184.14699807850627,184.82001442518902,183.28594792653803,184.00843811035156,40477800,0.0,0.0
2024-01-16 00:00:00-05:00,180.28710192352952,182.3655014396163,179.06973745492456,181.7419891357422,65603000,0.0,0.0
2024-01-17 00:00:00-05:00,179.40622086308548,181.0491415840924,178.4461930088501,180.8017120361328,47317400,0.0,0.0
2024-01-18 00:00:00-05:00,184.17668914088887,187.1953332109462,183.9193677995691,186.69058227539062,78005800,0.0,0.0
2024-01-19 00:00:00-05:00,187.3833561379468,189.97641309339812,186.87860527237555,189.59042358398438,68903000,0.0,0.0
2024-01-22 00:00:00-05:00,190.32283587135973,193.32168117146784,190.2832386815117,191.896484375,60133900,0.0,0.0
2024-01-23 00:00:00-05:00,193.01485907067706,193.7373491711095,191.83709192633378,193.17320251464844,42355600,0.0,0.0
2024-01-24 00:00:00-05:00,193.41075266703035,194.36088890095834,192.34185506707502,192.50021362304688,53631300,0.0,0.0
2024-01-25 00:00:00-05:00,193.21282181305796,194.2520291241628,191.1245154438125,192.17361450195312,54822100,0.0,0.0
2024-01-26 00:00:00-05:00,192.2725896171282,192.75754194727924,189.9665440310004,190.4416046142578,44594000,0.0,0.0
2024-01-29 00:00:00-05:00,190.03580216218106,190.22385105233468,187.63079398239137,189.75868225097656,47145600,0.0,0.0
2024-01-30 00:00:00-05:00,188.97682064057707,189.82797900977772,185.54249682198056,186.10662841796875,55859400,0.0,0.0
2024-01-31 00:00:00-05:00,185.11689921687164,185.17629499887522,182.45456974695213,182.50404357910156,55467800,0.0,0.0
2024-02-01 00:00:00-05:00,182.09829474891072,185.0278527702626,181.93004443231115,184.93878173828125,64885400,0.0,0.0
2024-02-02 00:00:00-05:00,178.01074479617154,185.40394215196616,177.40701599262258,183.9391632080078,102551700,0.0,0.0
2024-02-05 00:00:00-05:00,186.21547393955785,187.30417000412038,183.92922730587782,185.75030517578125,69668800,0.0,0.0
2024-02-06 00:00:00-05:00,184.93876832266957,187.36357521832525,184.8496972971495,187.3536834716797,43490800,0.0,0.0
2024-02-07 00:00:00-05:00,188.67990426473503,189.0856924097343,186.67077723703076,187.46255493164062,53439000,0.0,0.0
2024-02-08 00:00:00-05:00,187.44276462432762,187.59121634154823,185.42374576060666,186.38377380371094,40962000,0.0,0.0
2024-02-09 00:00:00-05:00,186.9486117161699,188.27653811843788,186.30447993507684,187.14682006835938,45155200,0.24,0.0
2024-02-12 00:00:00-05:00,186.72067805809255,186.96842336096995,185.1053738445565,185.46212768554688,41781900,0.0,0.0
2024-02-13 00:00:00-05:00,184.094566630165,184.53060074172208,181.85493962465304,183.3711395263672,56529500,0.0,0.0
2024-02-14 00:00:00-05:00,183.64865818230027,183.85675578337245,180.79462725534452,182.48919677734375,54630500,0.0,0.0
2024-02-15 00:00:00-05:00,181.89459574378543,182.82612045767794,179.71444020641266,182.20179748535156,65434500,0.0,0.0
2024-02-16 00:00:00-05:00,181.76577652013776,183.18288755084293,180.03155935687485,180.66578674316406,49752500,0.0,0.0
2024-02-20 00:00:00-05:00,180.15046783149373,180.78469520216953,178.3766181157698,179.92254638671875,53665600,0.0,0.0
2024-02-21 00:00:00-05:00,180.2991577041748,181.24058700664372,179.03070272630967,180.6757354736328,41371400,0.0,0.0
2024-02-22 00:00:00-05:00,181.82524161821627,183.29190480468338,180.81445159653885,182.70721435546875,52292200,0.0,0.0
2024-02-23 00:00:00-05:00,183.34143499372246,183.3711632214272,180.58650833781007,180.8739013671875,45119700,0.0,0.0
2024-02-26 00:00:00-05:00,180.5963996998619,181.11169898060157,179.02072827105397,179.52613830566406,40867400,0.0,0.0
2024-02-27 00:00:00-05:00,179.4666949255866,182.2612539462515,177.94057546451762,180.98289489746094,54318900,0.0,0.0
2024-02-28 00:00:00-05:00,180.86399474191828,181.4684939502017,178.50546948959806,179.78382873535156,48953900,0.0,0.0
2024-02-29 00:00:00-05:00,179.63518756564144,180.92346630197014,177.9108746304469,179.119873046875,136682600,0.0,0.0
2024-03-01 00:00:00-05:00,177.93069482167198,178.90185225837237,175.78026722267666,178.03970336914062,73563100,0.0,0.0
2024-03-04 00:00:00-05:00,174.56134649455421,175.30458245485661,172.2226300679557,173.5208282470703,81510100,0.0,0.0
2024-03-05 00:00:00-05:00,169.21996658252752,170.48842147609815,168.09024847040442,168.5857391357422,95132400,0.0,0.0
2024-03-06 00:00:00-05:00,169.5172478388351,169.69563232435493,167.15870765798908,167.59474182128906,68587700,0.0,0.0
2024-03-07 00:00:00-05:00,167.6244864884472,169.19023880968834,166.9704503005263,167.47584533691406,71765100,0.0,0.0
2024-03-08 00:00:00-05:00,167.47583792632756,172.13344696276567,167.41638146834518,169.1902313232422,76267000,0.0,0.0
2024-03-11 00:00:00-04:00,171.3802901891083,172.8073055285168,170.49831753088682,171.19200134277344,60139500,0.0,0.0
2024-03-12 00:00:00-04:00,171.58841376968752,172.46048219171502,169.4677142970823,171.66769409179688,59825400,0.0,0.0
2024-03-13 00:00:00-04:00,171.21181736641944,171.6280276345068,169.21993557914925,169.58660888671875,52488700,0.0,0.0
2024-03-14 00:00:00-04:00,171.35057361629615,172.73794133442243,170.49832912625453,171.43975830078125,72913500,0.0,0.0
2024-03-15 00:00:00-04:00,169.62625165850892,171.06317138671875,168.75418335618096,171.06317138671875,121752700,0.0,0.0
2024-03-18 00:00:00-04:00,173.98658058844927,176.107279800922,171.95506605696912,172.15325927734375,75604200,0.0,0.0
2024-03-19 00:00:00-04:00,172.76766112194616,175.01719271038215,171.46947815172825,174.49197387695312,55215200,0.0,0.0
2024-03-20 00:00:00-04:00,174.1352174960067,177.05860900878906,173.51089450186836,177.05860900878906,53423100,0.0,0.0
2024-03-21 00:00:00-04:00,175.45324461547284,175.88927881289044,169.29924400405602,169.824462890625,106181300,0.0,0.0
2024-03-22 00:00:00-04:00,170.210942813777,171.48931715990707,168.5262776263353,170.72625732421875,71160100,0.0,0.0
2024-03-25 00:00:00-04:00,169.03165430796025,170.38929358279395,167.92174518816086,169.3091278076172,54288300,0.0,0.0
2024-03-26 00:00:00-04:00,168.4668059986792,169.87399750483326,168.0505957042821,168.17942810058594,57388400,0.0,0.0
2024-03-27 00:00:00-04:00,168.87312383270142,172.0343565405087,168.57582642397568,171.74696350097656,60273300,0.0,0.0
2024-03-28 00:00:00-04:00,170.20102558587905,170.67669234048742,168.97220342186947,169.93345642089844,65672700,0.0,0.0
2024-04-01 00:00:00-04:00,169.64609346633853,169.70554992575666,167.9515087670476,168.49655151367188,46240500,0.0,0.0
2024-04-02 00:00:00-04:00,167.55510167176752,167.81275133793278,166.71276161053132,167.3172607421875,49329500,0.0,0.0
2024-04-03 00:00:00-04:00,167.26770493028647,169.14065873561202,167.05960735256843,168.1199493408203,47691700,0.0,0.0
2024-04-04 00:00:00-04:00,168.75419869027797,170.3695030458197,167.29747009277344,167.29747009277344,53704400,0.0,0.0
2024-04-05 00:00:00-04:00,168.06050251317026,168.85329051832247,167.42627513328318,168.05059814453125,42104800,0.0,0.0
2024-04-08 00:00:00-04:00,167.50554175274334,167.67400673287588,166.72267330140122,166.93077087402344,37425500,0.0,0.0
2024-04-09 00:00:00-04:00,167.17854792228746,168.54610700117138,166.8317135282985,168.13980102539062,42373800,0.0,0.0
2024-04-10 00:00:00-04:00,167.27763553824258,167.5650134431552,165.60287483124418,166.26683044433594,49709300,0.0,0.0
2024-04-11 00:00:00-04:00,166.8217782077108,173.87757491447604,166.64340884278624,173.4613494873047,91070300,0.0,0.0
2024-04-12 00:00:00-04:00,172.68839280877705,176.7514221146486,172.63885584160187,174.95774841308594,101670900,0.0,0.0
2024-04-15 00:00:00-04:00,173.77847120218846,175.0370216134587,170.94426424521788,171.13255310058594,73531800,0.0,0.0
2024-04-16 00:00:00-04:00,170.20102235595408,172.19288913903023,166.7524119884344,167.85240173339844,73711200,0.0,0.0
2024-04-17 00:00:00-04:00,168.08031301583728,169.1109267558204,166.48483276367188,166.48483276367188,50901200,0.0,0.0
2024-04-18 00:00:00-04:00,166.51456987389489,167.11906901091456,165.0479219314042,165.5334930419922,43122900,0.0,0.0
2024-04-19 00:00:00-04:00,164.7109957890585,164.89926951971245,162.6002009445124,163.51190185546875,68149400,0.0,0.0
2024-04-22 00:00:00-04:00,164.0272236912775,165.75152141981465,163.28398774037723,164.34432983398438,48116400,0.0,0.0
2024-04-23 00:00:00-04:00,163.85873621547074,165.54340111554177,163.4326064657252,165.39474487304688,49537800,0.0,0.0
2024-04-24 00:00:00-04:00,165.03797684476805,167.7730942108889,164.71096640602562,167.49562072753906,48251800,0.0,0.0
2024-04-25 00:00:00-04:00,168.00103426472305,169.07129572836638,166.63347542987228,168.3577880859375,50558300,0.0,0.0
2024-04-26 00:00:00-04:00,168.34785734315807,169.79468113723124,167.65415854529743,167.77308654785156,44838400,0.0,0.0
2024-04-29 00:00:00-04:00,171.80639405446584,174.4424074952563,171.5388400360099,171.9352264404297,68169400,0.0,0.0
2024-04-30 00:00:00-04:00,171.76678225756265,173.41181476528868,168.46681287321124,168.79383850097656,65934800,0.0,0.0
2024-05-01 00:00:00-04:00,168.0505600185278,171.15233539143642,167.5847977382134,167.77308654785156,50383100,0.0,0.0
2024-05-02 00:00:00-04:00,170.95416794412498,171.8559644998941,169.34878317714927,171.469482421875,94214900,0.0,0.0
2024-05-03 00:00:00-04:00,184.96666391602972,185.3135134388507,181.012657985983,181.72616577148438,163224100,0.0,0.0
2024-05-06 00:00:00-04:00,180.7054248623681,182.53873097916653,178.79282331517493,180.07119750976562,78569700,0.0,0.0
2024-05-07 00:00:00-04:00,181.79550770435065,183.23242749590466,179.68472791941784,180.75497436523438,77305800,0.0,0.0
2024-05-08 00:00:00-04:00,181.20091221961113,181.41892928578648,179.81352951475225,181.09190368652344,45057100,0.0,0.0
2024-05-09 00:00:00-04:00,180.9135439323752,182.99461071341904,180.46760537105857,182.90542602539062,48983000,0.0,0.0
2024-05-10 00:00:00-04:00,183.4809650708303,183.66950932429603,180.7322345449188,181.64517211914062,50759500,0.25,0.0
2024-05-13 00:00:00-04:00,184.0167922414492,185.66405574980115,183.20307828852305,184.850341796875,72044800,0.0,0.0
2024-05-14 00:00:00-04:00,186.07090395104018,186.85484938535834,184.86026592315986,185.99151611328125,52393600,0.0,0.0
2024-05-15 00:00:00-04:00,186.46785537715886,189.1868170758504,185.93199122253947,188.2639617919922,70400000,0.0,0.0
2024-05-16 00:00:00-04:00,189.0082265089993,189.6333963773736,188.20444533062346,188.383056640625,52845200,0.0,0.0
2024-05-17 00:00:00-04:00,188.05555831413108,189.34558420614056,187.7280891548122,188.4127960205078,41282900,0.0,0.0
2024-05-20 00:00:00-04:00,187.87693908543721,190.44705781727768,187.55938774134125,189.5738067626953,44361300,0.0,0.0
2024-05-21 00:00:00-04:00,189.62343971650407,191.25085261805762,189.4547462309282,190.873779296875,42309400,0.0,0.0
2024-05-22 00:00:00-04:00,190.79438668312676,191.34016861791716,188.80973611420333,189.4348907470703,34648500,0.0,0.0
2024-05-23 00:00:00-04:00,189.5142796080912,189.5341303535584,185.1976736824305,185.4457550048828,51005900,0.0,0.0
2024-05-24 00:00:00-04:00,187.37087155015982,189.11735863774422,186.59684388111853,188.52195739746094,36327000,0.0,0.0
2024-05-28 00:00:00-04:00,190.04024519822877,191.51881559867596,187.6487523245995,188.53192138671875,52280100,0.0,0.0
2024-05-29 00:00:00-04:00,188.15480064928906,190.7745388343773,188.05556206266323,188.82957458496094,53068000,0.0,0.0
2024-05-30 00:00:00-04:00,189.29599865097472,190.70509898235173,189.16700663796175,189.82192993164062,49889100,0.0,0.0
2024-05-31 00:00:00-04:00,189.9707854632458,191.09211806054816,188.45252874493116,190.77456665039062,75158300,0.0,0.0
2024-06-03 00:00:00-04:00,191.41954585254337,193.49351725389894,191.04247253185534,192.54087829589844,50080500,0.0,0.0
2024-06-04 00:00:00-04:00,193.1462119125533,193.82100104656786,191.548567440495,192.8584442138672,47471400,0.0,0.0
2024-06-05 00:00:00-04:00,193.9003813531384,195.38886948576234,193.37445009094603,194.3667755126953,54156800,0.0,0.0
2024-06-06 00:00:00-04:00,194.1881317208236,194.99191275531385,192.67979309240934,192.98741149902344,41181800,0.0,0.0
2024-06-07 00:00:00-04:00,193.15610745634936,195.42854080055034,192.65002702042116,195.37892150878906,53103900,0.0,0.0
2024-06-10 00:00:00-04:00,195.3888517006261,195.7857909182053,190.6753063763642,191.6378631591797,97010200,0.0,0.0
2024-06-11 00:00:00-04:00,192.1638033246204,205.57012886730556,192.14396771907968,205.56019592285156,172373300,0.0,0.0
2024-06-12 00:00:00-04:00,205.77850209290926,218.51003809526938,205.3121079690946,211.4347686767578,198134300,0.0,0.0
2024-06-13 00:00:00-04:00,213.09197266170435,215.08654136592511,209.9760713532356,212.59580993652344,97862700,0.0,0.0
2024-06-14 00:00:00-04:00,212.20878551515116,213.5186471242216,209.67835280423736,210.85922241210938,70122700,0.0,0.0
2024-06-17 00:00:00-04:00,211.7324642876032,217.26964179829142,211.08745883873982,215.00714111328125,93728300,0.0,0.0
2024-06-18 00:00:00-04:00,215.92007781385274,216.95210469802018,211.36530791117931,212.64540100097656,79943300,0.0,0.0
2024-06-20 00:00:00-04:00,212.28815296354617,212.59578653831548,207.24715355520107,208.07077026367188,86172500,0.0,0.0
2024-06-21 00:00:00-04:00,208.77535128006048,210.26383945834172,205.52052500822026,205.89761352539062,241805100,0.0,0.0
2024-06-24 00:00:00-04:00,206.12584292738626,211.06761941054305,205.0045103276704,206.54261779785156,80727000,0.0,0.0
2024-06-25 00:00:00-04:00,207.54482679949032,209.75772308170346,207.0089778092255,207.4654541015625,55549700,0.0,0.0
2024-06-26 00:00:00-04:00,209.87680350658064,213.21101716086312,209.02340313251779,211.61337280273438,66213200,0.0,0.0
2024-06-27 00:00:00-04:00,213.0423164247351,214.0842609953053,210.72027890747495,212.45684814453125,49772700,0.0,0.0
2024-06-28 00:00:00-04:00,214.1140398112984,214.41174043740799,208.68601906723538,209.00355529785156,82542700,0.0,0.0
2024-07-01 00:00:00-04:00,210.46227761796723,215.84067914098924,210.29358412725625,215.08651733398438,60402900,0.0,0.0
2024-07-02 00:00:00-04:00,214.4911377013164,218.68868521261126,213.44920810314017,218.57952880859375,58046200,0.0,0.0
2024-07-03 00:00:00-04:00,218.31157833867707,219.8496856689453,217.34902153194005,219.8496856689453,37369800,0.0,0.0
2024-07-05 00:00:00-04:00,219.9489270685169,224.71209219476,219.9489270685169,224.60293579101562,60412400,0.0,0.0
2024-07-08 00:00:00-04:00,225.34717053841655,226.10134753003678,221.53664465186893,226.0715789794922,59085900,0.0,0.0
2024-07-09 00:00:00-04:00,226.180713251394,227.63943274976205,224.63268810415036,226.92495727539062,48076100,0.0,0.0
2024-07-10 00:00:00-04:00,227.54020555015646,231.29119415797783,227.49058625437067,231.19195556640625,62627700,0.0,0.0
2024-07-11 00:00:00-04:00,229.61416127735984,230.60648662367137,224.03729767642758,225.823486328125,64710600,0.0,0.0
2024-07-12 00:00:00-04:00,227.16311346469493,230.8545649156238,226.92494993371525,228.7706756591797,53046500,0.0,0.0
2024-07-15 00:00:00-04:00,234.66509753137677,235.409341553401,231.30111515749465,232.60105895996094,62631300,0.0,0.0
2024-07-16 00:00:00-04:00,233.19646408342908,234.4567215545301,230.54695713829173,233.01785278320312,43234300,0.0,0.0
2024-07-17 00:00:00-04:00,227.6890612108438,229.6836449661141,224.9006292447048,227.12344360351562,57345900,0.0,0.0
2024-07-18 00:00:00-04:00,228.5126628842939,228.6714385621368,220.5641428905974,222.45947265625,66034600,0.0,0.0
2024-07-19 00:00:00-04:00,223.09458131167176,225.05938116686082,221.5663918696606,222.58848571777344,49151500,0.0,0.0
2024-07-22 00:00:00-04:00,225.2677604657143,226.03185518490554,221.37784711424985,222.24118041992188,48201800,0.0,0.0
2024-07-23 00:00:00-04:00,222.64803919770813,225.19832267550643,220.97100689389265,223.2831268310547,39960300,0.0,0.0
2024-07-24 00:00:00-04:00,222.2808652028311,223.07472846403482,215.4635952984219,216.86276245117188,61777600,0.0,0.0
2024-07-25 00:00:00-04:00,217.24978234747041,219.15506035064124,212.97286249707204,215.8208465576172,51391200,0.0,0.0
2024-07-26 00:00:00-04:00,217.02154248476683,217.80548795978973,214.35218497553956,216.2872314453125,41601300,0.0,0.0
2024-07-29 00:00:00-04:00,215.29491873308154,217.61695646267233,214.0941983741811,216.56509399414062,36311800,0.0,0.0
2024-07-30 00:00:00-04:00,217.50779485320817,218.63904514115285,214.46134877521007,217.12078857421875,41643800,0.0,0.0
2024-07-31 00:00:00-04:00,219.7405227481965,222.10226187087767,218.93674165630796,220.3756103515625,50036300,0.0,0.0
2024-08-01 00:00:00-04:00,222.64804374939,222.7572001483694,215.35446119036925,216.68417358398438,62501000,0.0,0.0
2024-08-02 00:00:00-04:00,217.468110743228,223.8686218452105,216.03917485082664,218.17266845703125,105568600,0.0,0.0
2024-08-05 00:00:00-04:00,197.5620745135683,211.86148819381572,194.49579244022425,207.66395568847656,119548600,0.0,0.0
2024-08-06 00:00:00-04:00,203.72440665766518,208.37841518370308,199.52687447574846,205.63958740234375,69660500,0.0,0.0
2024-08-07 00:00:00-04:00,205.31211338628992,212.00039184379946,204.80603289763474,208.209716796875,63516400,0.0,0.0
2024-08-08 00:00:00-04:00,211.47445056104476,212.5560815310077,207.22729938249148,211.67291259765625,47161100,0.0,0.0
2024-08-09 00:00:00-04:00,210.47221789303094,215.11629337558463,210.3432107490655,214.5804443359375,42201600,0.0,0.0
2024-08-12 00:00:00-04:00,214.65991863613397,218.07745621052726,214.19298467780987,216.11038208007812,38028100,0.25,0.0
2024-08-13 00:00:00-04:00,217.58072790378117,220.44193777769505,217.58072790378117,219.82598876953125,44155300,0.0,0.0
2024-08-14 00:00:00-04:00,219.13056699635618,221.57450454206742,218.2662343099079,220.27305603027344,41960600,0.0,0.0
2024-08-15 00:00:00-04:00,223.13425172393934,223.87935717471936,221.30624816369337,223.2534637451172,46414000,0.0,0.0
2024-08-16 00:00:00-04:00,222.4587092482856,225.34972239527664,222.19046700804645,224.57481384277344,44340200,0.0,0.0
2024-08-19 00:00:00-04:00,224.2469437652095,224.51518597934856,221.58442566604344,224.41583251953125,40687800,0.0,0.0
2024-08-20 00:00:00-04:00,224.2966382287883,225.68749582093912,223.97871925960482,225.03179931640625,30299000,0.0,0.0
2024-08-21 00:00:00-04:00,225.04174306182065,226.49220666639903,223.58133501497932,224.92251586914062,34765500,0.0,0.0
2024-08-22 00:00:00-04:00,226.30343225653021,226.84984597984075,222.43881906323927,223.06471252441406,43695300,0.0,0.0
2024-08-23 00:00:00-04:00,224.187342377279,226.73063334528243,222.866020162344,225.35963439941406,38677300,0.0,0.0
2024-08-26 00:00:00-04:00,225.28014571740593,225.79675641202357,222.4288803537143,225.69740295410156,30602200,0.0,0.0
2024-08-27 00:00:00-04:00,224.52511915345738,227.35652605602343,223.4223624308928,226.5418701171875,35934600,0.0,0.0
2024-08-28 00:00:00-04:00,226.43257756563742,228.35991942602843,224.20719049274723,225.0119171142578,38052200,0.0,0.0
2024-08-29 00:00:00-04:00,228.59836441740794,231.39995310375193,227.3863249726349,228.29037475585938,51906300,0.0,0.0
2024-08-30 00:00:00-04:00,228.68777538921813,228.89639643358683,225.99545426270925,227.5055389404297,52990800,0.0,0.0
2024-09-03 00:00:00-04:00,227.05847075546578,227.50553099413642,219.7266282681139,221.31619262695312,50190600,0.0,0.0
2024-09-04 00:00:00-04:00,220.2134333758585,220.33264539565292,216.06070449558098,219.40872192382812,43840200,0.0,0.0
2024-09-05 00:00:00-04:00,220.1836512012438,224.0085170705176,220.07436845302396,220.9287567138672,36615400,0.0,0.0
2024-09-06 00:00:00-04:00,222.4884846157397,223.7700744804958,218.33577084564575,219.37892150878906,48423000,0.0,0.0
2024-09-09 00:00:00-04:00,219.37894424631622,219.82600453136772,215.29576534565257,219.46835327148438,67180000,0.0,0.0
2024-09-10 00:00:00-04:00,217.49130185519834,220.0345925843304,215.31559161387113,218.6735382080078,51591000,0.0,0.0
2024-09-11 00:00:00-04:00,220.01474349397893,221.63409569372266,216.46803428284608,221.2069091796875,44587100,0.0,0.0
2024-09-12 00:00:00-04:00,221.04795042006705,222.09110108310472,218.38544755210194,221.31619262695312,37455600,0.0,0.0
2024-09-13 00:00:00-04:00,222.12089674811224,222.57788625371046,220.461797151476,221.04794311523438,36766600,0.0,0.0
2024-09-16 00:00:00-04:00,215.126845002842,215.80241517960704,212.52394807405793,214.90829467773438,59357400,0.0,0.0
2024-09-17 00:00:00-04:00,214.34200737227792,215.48449636527135,213.10016491936787,215.37521362304688,45519300,0.0,0.0
2024-09-18 00:00:00-04:00,216.13027852526886,221.25660816461058,216.12033408306178,219.24978637695312,59894900,0.0,0.0
2024-09-19 00:00:00-04:00,223.52170475455895,228.32018565098164,223.16405353373213,227.37637329101562,66781300,0.0,0.0
2024-09-20 00:00:00-04:00,228.46920754640476,231.56884144729943,226.1345376792504,226.71075439453125,318679900,0.0,0.0
2024-09-23 00:00:00-04:00,225.8563676699032,227.95259834339626,224.33635371548323,224.99205017089844,54146000,0.0,0.0
2024-09-24 00:00:00-04:00,227.15779954496355,227.8532433973514,224.2568575968381,225.8861541748047,43556100,0.0,0.0
2024-09-25 00:00:00-04:00,223.462095237407,225.80669443859438,222.55804543582803,224.8927001953125,42308700,0.0,0.0
2024-09-26 00:00:00-04:00,225.81662129607273,227.00878694842402,223.93895622483703,226.03518676757812,36636700,0.0,0.0
2024-09-27 00:00:00-04:00,226.9690772008412,228.02215721764472,225.81664372013879,226.30343627929688,34026000,0.0,0.0
2024-09-30 00:00:00-04:00,228.5387415800987,231.47943115234375,228.1512873446241,231.47943115234375,54541900,0.0,0.0
2024-10-01 00:00:00-04:00,228.02214574584622,228.15128705136544,222.2798675150603,224.73374938964844,63285000,0.0,0.0
2024-10-02 00:00:00-04:00,224.41582711263038,225.8861642954019,221.56456176324298,225.30001831054688,32880600,0.0,0.0
2024-10-03 00:00:00-04:00,223.67072564154154,225.3298253274289,221.8626109260752,224.197265625,34044200,0.0,0.0
2024-10-04 00:00:00-04:00,226.41269745663615,226.51205091107013,222.66731173997377,225.31988525390625,37245100,0.0,0.0
2024-10-07 00:00:00-04:00,223.0349151567562,224.2171516536621,219.8856043654075,220.24325561523438,39505400,0.0,0.0
2024-10-08 00:00:00-04:00,222.83622285599392,224.50525191173782,221.79307211654884,224.296630859375,31855700,0.0,0.0
2024-10-09 00:00:00-04:00,223.76015205132026,228.25065892191472,223.36276850208282,228.04202270507812,33591100,0.0,0.0
2024-10-10 00:00:00-04:00,226.29350107451606,228.00227752622936,225.68748134269669,227.54527282714844,28183500,0.0,0.0
2024-10-11 00:00:00-04:00,227.80358186995707,227.91286461183438,225.85636623992795,226.06500244140625,31759200,0.0,0.0
2024-10-14 00:00:00-04:00,227.20748901369805,230.21771386522883,227.1081507143634,229.79052734375,39882100,0.0,0.0
2024-10-15 00:00:00-04:00,232.08544385770335,235.9401275315396,230.853530735341,232.32388305664062,64751400,0.0,0.0
2024-10-16 00:00:00-04:00,230.0885617348273,230.60515724916505,228.34003796565733,230.2673797607422,34082200,0.0,0.0
2024-10-17 00:00:00-04:00,231.9066247344228,232.3238971476739,229.0156269629083,230.63497924804688,32993800,0.0,0.0
2024-10-18 00:00:00-04:00,234.63864623478992,234.63864623478992,232.48280980290272,233.4663543701172,46431500,0.0,0.0
2024-10-21 00:00:00-04:00,232.91995571367772,235.3043021987925,232.91995571367772,234.93670654296875,36254500,0.0,0.0
2024-10-22 00:00:00-04:00,232.36364046895116,234.67843677993508,231.0820656392084,234.32078552246094,38846600,0.0,0.0
2024-10-23 00:00:00-04:00,232.55238437433343,233.60546433739609,226.27362172475395,229.25404357910156,52287000,0.0,0.0
2024-10-24 00:00:00-04:00,228.47914643577636,229.3136761173618,226.91940013747097,229.0653076171875,31109500,0.0,0.0
2024-10-25 00:00:00-04:00,228.24072625952675,231.69801159617745,228.07183749564092,229.8998260498047,38802300,0.0,0.0
2024-10-28 00:00:00-04:00,231.7973512193415,233.19813797949908,231.032372026897,231.87681579589844,36087100,0.0,0.0
2024-10-29 00:00:00-04:00,231.57880823795904,232.80077708078602,230.8038996879506,232.14508056640625,35417200,0.0,0.0
2024-10-30 00:00:00-04:00,231.09197226998216,231.94636045913163,228.05194445904854,228.59835815429688,47070900,0.0,0.0
2024-10-31 00:00:00-04:00,227.84333875182722,228.33014650168323,223.8992454954501,224.43572998046875,64370100,0.0,0.0
2024-11-01 00:00:00-04:00,219.5279346472888,223.87935529424118,218.83250593091054,221.4552764892578,65276700,0.0,0.0
2024-11-04 00:00:00-05:00,219.54779428408165,221.33603510883145,218.27614895309117,220.56112670898438,44944500,0.0,0.0
2024-11-05 00:00:00-05:00,220.35251908634842,222.4884819564664,219.6968226591573,221.9917449951172,28111300,0.0,0.0
2024-11-06 00:00:00-05:00,221.15722727351368,224.59465366535846,219.7464961432124,221.26651000976562,54561100,0.0,0.0
2024-11-07 00:00:00-05:00,223.16406118155706,226.39285156162418,223.10445516924474,225.99545288085938,42137700,0.0,0.0
2024-11-08 00:00:00-05:00,225.93576400556717,227.41767417057122,225.17989861433574,225.72691345214844,38328800,0.25,0.0
2024-11-11 00:00:00-05:00,223.77755477883602,224.4737485807484,220.29657059338746,223.01173400878906,42005600,0.0,0.0
2024-11-12 00:00:00-05:00,223.3300027044557,224.36434561359883,222.14646565326132,223.01173400878906,40398300,0.0,0.0
2024-11-13 00:00:00-05:00,222.79294167641658,225.4185978724207,221.54973296285615,223.89691162109375,48566200,0.0,0.0
2024-11-14 00:00:00-05:00,223.7974607959322,227.62653447284012,223.77756520755418,226.98007202148438,44923900,0.0,0.0
2024-11-15 00:00:00-05:00,225.16996034674554,225.68713943052106,223.0515429787679,223.77757263183594,47923700,0.0,0.0
2024-11-18 00:00:00-05:00,224.0262188410909,228.49183017609323,223.94665165924164,226.7811737060547,44633700,0.0,0.0
2024-11-19 00:00:00-05:00,225.74680903538962,228.90953992555222,225.4285554930197,227.0397491455078,36211800,0.0,0.0
2024-11-20 00:00:00-05:00,226.82093350733243,228.68076882556113,224.66272507245372,227.75582885742188,35169600,0.0,0.0
2024-11-21 00:00:00-05:00,227.63651765548505,228.90956230117874,224.4837418395179,227.27847290039062,42108300,0.0,0.0
2024-11-22 00:00:00-05:00,226.82094518602503,229.46649702017746,226.82094518602503,228.62110900878906,38168300,0.0,0.0
2024-11-25 00:00:00-05:00,230.20248468460477,231.98275293866183,228.49182822914253,231.6048126220703,90152800,0.0,0.0
2024-11-26 00:00:00-05:00,232.06231657216094,234.29015208323423,232.06231657216094,233.7829132080078,45986200,0.0,0.0
2024-11-27 00:00:00-05:00,233.19611792325418,234.40949083683986,232.53970008294309,233.6536102294922,33498400,0.0,0.0
2024-11-29 00:00:00-05:00,233.5342752849028,236.51797629056327,232.698842645531,236.04058837890625,28481400,0.0,0.0
2024-12-02 00:00:00-05:00,235.9809120539101,239.4817769036961,235.8715090788613,238.28829956054688,48137100,0.0,0.0
2024-12-03 00:00:00-05:00,238.5070985351772,241.44106801091166,237.60203896586935,241.3316650390625,38861000,0.0,0.0
2024-12-04 00:00:00-05:00,241.55047375645148,242.78374225546824,239.9392801306149,241.68971252441406,44383900,0.0,0.0
2024-12-05 00:00:00-05:00,242.6644095132275,243.21140922639395,240.81451427308068,241.7195587158203,40033900,0.0,0.0
2024-12-06 00:00:00-05:00,241.59025685240857,243.30091318780651,240.76476447856876,241.5206298828125,36870600,0.0,0.0
2024-12-09 00:00:00-05:00,240.516140724136,245.89675186527563,240.43657354260168,245.40940856933594,44649200,0.0,0.0
2024-12-10 00:00:00-05:00,245.54865007065558,246.861485816723,244.0070681600661,246.4238739013672,36914800,0.0,0.0
2024-12-11 00:00:00-05:00,246.61281718111218,249.43738355757404,244.92204129682997,245.1508026123047,45205800,0.0,0.0
2024-12-12 00:00:00-05:00,245.54864477609476,247.3885997871069,244.34521203481492,246.6128387451172,32777500,0.0,0.0
2024-12-13 00:00:00-05:00,246.47359279661413,247.9355922748061,244.90217516923994,246.7819061279297,33155300,0.0,0.0
2024-12-16 00:00:00-05:00,246.64268436980004,250.01426601000418,246.30452004436617,249.6761016845703,51694800,0.0,0.0
2024-12-17 00:00:00-05:00,248.72130738305802,252.45093348613432,248.42293425963442,252.1028289794922,51356400,0.0,0.0
2024-12-18 00:00:00-05:00,250.7900177691265,252.89849494785605,246.39403346062903,246.7023468017578,56774100,0.0,0.0
2024-12-19 00:00:00-05:00,246.15534002348284,250.63089166027345,245.74756389880645,248.43289184570312,60882300,0.0,0.0
2024-12-20 00:00:00-05:00,246.69239156062656,253.6145845456153,244.35516822034685,253.10736083984375,147495300,0.0,0.0
2024-12-23 00:00:00-05:00,253.38584941381717,254.2610580907384,252.07301363460223,253.8831329345703,40858800,0.0,0.0
2024-12-24 00:00:00-05:00,254.101957652135,256.80716624287646,253.90303208844082,256.7972412109375,23234700,0.0,0.0
2024-12-26 00:00:00-05:00,256.78725468311694,258.6868812844183,256.23029959445824,257.61273193359375,27237100,0.0,0.0
2024-12-27 00:00:00-05:00,256.42919055718573,257.29448932345014,251.68511699924173,254.2013702392578,42355300,0.0,0.0
2024-12-30 00:00:00-05:00,250.85962400320443,252.1227283114492,249.38766912858338,250.8297882080078,35557500,0.0,0.0
2024-12-31 00:00:00-05:00,251.0684930674946,251.90392569582917,248.07483671879714,249.05946350097656,39480700,0.0,0.0
2025-01-02 00:00:00-05:00,247.57756417344766,247.74665392379396,240.5062071395791,242.52517700195312,55740700,0.0,0.0
2025-01-03 00:00:00-05:00,242.03782653808594,242.85336358935695,240.5758118291158,242.03782653808594,40244100,0.0,0.0
2025-01-06 00:00:00-05:00,242.98266113735735,245.98625772407811,241.87869116125097,243.66891479492188,45045600,0.0,0.0
2025-01-07 00:00:00-05:00,241.6598944370817,244.21593900697974,240.03876048613398,240.8940887451172,40856000,0.0,0.0
2025-01-08 00:00:00-05:00,240.6056476428208,242.38593107741448,238.74581220273618,241.38140869140625,37628900,0.0,0.0
2025-01-10 00:00:00-05:00,238.70600665338932,238.85520080045117,231.73409784256125,235.5631866455078,61710900,0.0,0.0
2025-01-13 00:00:00-05:00,232.2612269401141,233.39503269669683,228.47192915300568,233.12649536132812,49630700,0.0,0.0
2025-01-14 00:00:00-05:00,233.47460320476435,234.8371551382162,231.20699165927476,232.01258850097656,39435300,0.0,0.0
2025-01-15 00:00:00-05:00,233.36520475508792,237.66174156203553,233.15633900368562,236.57765197753906,39832000,0.0,0.0
2025-01-16 00:00:00-05:00,236.06047699847062,236.7168796666606,226.79110553013876,227.0198516845703,71759100,0.0,0.0
2025-01-17 00:00:00-05:00,230.85888730040747,231.0279618693864,227.2386640256131,228.7305145263672,68488300,0.0,0.0
2025-01-21 00:00:00-05:00,222.78301644137267,223.20073277609362,218.18812158355374,221.43040466308594,98070400,0.0,0.0
2025-01-22 00:00:00-05:00,218.59587812819439,222.9023551356524,218.59587812819439,222.6139373779297,64126500,0.0,0.0
2025-01-23 00:00:00-05:00,223.5189735650416,225.7965251191765,221.09222786837518,222.44483947753906,60234800,0.0,0.0
2025-01-24 00:00:00-05:00,223.55875977197638,224.4041477572621,220.2070739772995,221.5696258544922,54697900,0.0,0.0
2025-01-27 00:00:00-05:00,222.8029226609303,230.8887427434636,222.76313147902692,228.61119079589844,94863400,0.0,0.0
2025-01-28 00:00:00-05:00,229.59580038333414,238.88505261672515,229.5560092044273,236.9655303955078,75707600,0.0,0.0
2025-01-29 00:00:00-05:00,232.84801856891494,238.55683854812662,232.73861559310797,238.05955505371094,45486100,0.0,0.0
2025-01-30 00:00:00-05:00,237.37329797187644,239.48177510143526,235.9212386876704,236.29916381835938,55658300,0.0,0.0
2025-01-31 00:00:00-05:00,245.8470107317681,245.8470107317681,232.1717149504871,234.71780395507812,100959800,0.0,0.0
2025-02-03 00:00:00-05:00,228.7404478557844,230.5704473180637,224.4737473364884,226.7711944580078,73063300,0.0,0.0
2025-02-04 00:00:00-05:00,226.0153521080233,231.86341095944582,225.4186058340825,231.5352020263672,45067300,0.0,0.0
2025-02-05 00:00:00-05:00,227.2883891710869,231.4058958330951,227.0298072213747,231.2069854736328,39620300,0.0,0.0
2025-02-06 00:00:00-05:00,230.03338922164468,232.5297620441898,229.17806101517482,231.95291137695312,29925300,0.0,0.0
2025-02-07 00:00:00-05:00,231.33627899238985,232.72866665415378,226.0252799376335,226.39328002929688,39707200,0.0,0.0
2025-02-10 00:00:00-05:00,228.57377553913867,229.58933825388894,226.21404995469493,226.66209411621094,33115600,0.25,0.0
2025-02-11 00:00:00-05:00,227.20971719471092,234.2092091135714,227.1400288616486,231.61053466796875,53718400,0.0,0.0
2025-02-12 00:00:00-05:00,230.19670873650108,235.93172304376256,229.67896101319025,235.84210205078125,45243300,0.0,0.0
2025-02-13 00:00:00-05:00,235.88194100703416,241.28837041996871,234.54775953627293,240.4818878173828,53614100,0.0,0.0
2025-02-14 00:00:00-05:00,240.203075232316,244.48441805735465,239.9442089936196,243.53854370117188,40896200,0.0,0.0
2025-02-18 00:00:00-05:00,243.09051524526637,244.1160443880909,240.79054182412452,243.4091339111328,48822500,0.0,0.0
2025-02-19 00:00:00-05:00,243.5982928571997,244.94242536854557,242.10480216065562,243.807373046875,32204200,0.0,0.0
2025-02-20 00:00:00-05:00,243.87707690453925,245.70908851524857,243.2298884862767,244.76321411132812,32316900,0.0,0.0
2025-02-21 00:00:00-05:00,244.88269415360097,247.61080936192474,244.15586625078134,244.48443603515625,53197400,0.0,0.0
2025-02-24 00:00:00-05:00,243.86711335623195,247.7800669312537,243.3593319822528,246.0277099609375,51326400,0.0,0.0
2025-02-25 00:00:00-05:00,246.92381259977986,248.91513366913293,243.84722519384715,245.9679718017578,48013300,0.0,0.0
2025-02-26 00:00:00-05:00,243.26971340939616,243.91688660847365,238.09228223905913,239.3169403076172,44433600,0.0,0.0
2025-02-27 00:00:00-05:00,238.37109275336516,241.40786042901627,236.0312844149354,236.27024841308594,41153600,0.0,0.0
2025-02-28 00:00:00-05:00,235.92174819400608,241.03944246427386,229.2010399398617,240.79052734375,56833400,0.0,0.0
2025-03-03 00:00:00-05:00,240.74073286620586,242.97101773746803,235.0853888180174,236.99705505371094,47184000,0.0,0.0
2025-03-04 00:00:00-05:00,236.6784633674393,239.02822274747484,233.6615980851158,234.9061737060547,53798100,0.0,0.0
2025-03-05 00:00:00-05:00,234.3983766092207,235.5234777567522,228.23523611666363,234.7169952392578,47227600,0.0,0.0
2025-03-06 00:00:00-05:00,233.42263965762712,236.82779659290307,232.14819548977783,234.30877685546875,45170400,0.0,0.0
2025-03-07 00:00:00-05:00,234.08974000390756,240.32256924437755,233.74125275300776,238.03256225585938,46273600,0.0,0.0
2025-03-10 00:00:00-04:00,234.51788053236876,235.13520040766255,223.24701094546666,226.49285888671875,72071200,0.0,0.0
2025-03-11 00:00:00-04:00,222.83878108425105,224.85997074742775,216.5063794973434,219.8816680908203,76137400,0.0,0.0
2025-03-12 00:00:00-04:00,219.18469713036333,220.78771110845915,213.9773970817033,216.0384063720703,62547500,0.0,0.0
2025-03-13 00:00:00-04:00,215.01289169752292,215.89902897504837,207.51556900756947,208.7700958251953,61368300,0.0,0.0
2025-03-14 00:00:00-04:00,210.33328309966757,213.0215634427817,208.67053186821337,212.56356811523438,60107600,0.0,0.0
2025-03-17 00:00:00-04:00,212.3843267022667,214.28604179494317,209.05882446828872,213.0713348388672,48073400,0.0,0.0
2025-03-18 00:00:00-04:00,213.23063555765447,214.21632963340127,210.57222410469132,211.7670135498047,42432400,0.0,0.0
2025-03-19 00:00:00-04:00,213.29039128502816,217.8106832228152,212.8224296395377,214.30596923828125,54385400,0.0,0.0
2025-03-20 00:00:00-04:00,213.0613904363763,216.5462020975973,211.29906714235267,213.17091369628906,48862900,0.0,0.0
2025-03-21 00:00:00-04:00,210.64192650603025,217.89033350890864,210.36314278996363,217.32281494140625,94127800,0.0,0.0
2025-03-24 00:00:00-04:00,220.04097309502072,220.5188858867363,217.63147647971348,219.7721405029297,44299500,0.0,0.0
2025-03-25 00:00:00-04:00,219.81197343150768,223.12752472855482,219.1249652538438,222.77903747558594,34493600,0.0,0.0
2025-03-26 00:00:00-04:00,222.5400680439697,224.04352508950674,219.51326687455483,220.56866455078125,34466100,0.0,0.0
2025-03-27 00:00:00-04:00,220.4292696466093,224.0136533961419,219.6028696378956,222.87860107421875,37094800,0.0,0.0
2025-03-28 00:00:00-04:00,220.7080664246457,222.8387793372666,216.73537546649092,216.9544219970703,39818600,0.0,0.0
2025-03-31 00:00:00-04:00,216.0682695484103,224.6409066608951,215.29165561007284,221.1660614013672,65299300,0.0,0.0
2025-04-01 00:00:00-04:00,218.85612876373423,222.70932997882656,217.95007407622174,222.22146606445312,36412700,0.0,0.0
2025-04-02 00:00:00-04:00,220.3595869543347,224.21278818927524,220.06088576879955,222.91842651367188,35905900,0.0,0.0
2025-04-03 00:00:00-04:00,204.64806653552571,206.58961679788308,200.37668938200366,202.3082733154297,103419000,0.0,0.0
2025-04-04 00:00:00-04:00,193.04863012782926,199.01264249852213,186.52705026060866,187.5625457763672,125910900,0.0,0.0
2025-04-07 00:00:00-04:00,176.43103817745248,193.30748067285785,173.86223225537526,180.6725616455078,160466300,0.0,0.0
2025-04-08 00:00:00-04:00,185.88981432593783,189.5140179775097,168.47572171547168,171.67178344726562,120859500,0.0,0.0
2025-04-09 00:00:00-04:00,171.20381523449285,199.7394480269994,171.14407803694525,197.98709106445312,184395900,0.0,0.0
2025-04-10 00:00:00-04:00,188.24954112448538,193.93475416517637,182.20587449762067,189.5936737060547,121880000,0.0,0.0
2025-04-11 00:00:00-04:00,185.2924188893916,198.67408279715283,185.2525839628914,197.2901153564453,87435900,0.0,0.0
2025-04-14 00:00:00-04:00,210.52244846919626,212.01593914767514,200.28706023476008,201.6411590576172,101352900,0.0,0.0
2025-04-15 00:00:00-04:00,200.98403365195668,202.62686743682656,198.93297540670014,201.2628173828125,51343900,0.0,0.0
2025-04-16 00:00:00-04:00,197.49921927320653,199.82906121923162,191.5352073519423,193.42697143554688,59732400,0.0,0.0
2025-04-17 00:00:00-04:00,196.34426016251078,197.96719174329118,193.5763250102755,196.12521362304688,52164700,0.0,0.0
2025-04-21 00:00:00-04:00,192.43130060162235,192.958999427942,188.98630873883343,192.32177734375,46742500,0.0,0.0
2025-04-22 00:00:00-04:00,195.26892870764283,200.7151927551101,195.11958571249494,198.87322998046875,52976400,0.0,0.0
2025-04-23 00:00:00-04:00,205.1060461943045,207.0973670311424,201.9199358938783,203.71212768554688,52929200,0.0,0.0
2025-04-24 00:00:00-04:00,204.00088023313933,207.92378505310097,202.0593452871763,207.4657745361328,47311000,0.0,0.0
2025-04-25 00:00:00-04:00,205.47445049920006,208.8397878176709,205.30519003897632,208.371826171875,38222300,0.0,0.0
2025-04-28 00:00:00-04:00,209.08871177088434,210.5822025692478,206.55974070372147,209.2281036376953,38743100,0.0,0.0
2025-04-29 00:00:00-04:00,207.78438836336602,211.31898611202763,207.46576971677675,210.29345703125,36827600,0.0,0.0
2025-04-30 00:00:00-04:00,208.39173986928208,212.65316547487808,205.7731479657814,211.57785034179688,52286500,0.0,0.0
2025-05-01 00:00:00-04:00,208.1726964341785,213.62891164873253,207.99346964638974,212.39430236816406,57365700,0.0,0.0
2025-05-02 00:00:00-04:00,205.19567188008233,206.0917754590827,201.2827333487594,204.45889282226562,101010600,0.0,0.0
2025-05-05 00:00:00-04:00,202.21865389928206,203.21431440062256,197.34987465543003,198.02691650390625,69018500,0.0,0.0
2025-05-06 00:00:00-04:00,197.3498583398735,199.77925700053618,196.165020010421,197.64854431152344,51216500,0.0,0.0
2025-05-07 00:00:00-04:00,198.30568786560423,198.5745204381265,192.4113798882551,195.3983612060547,68536700,0.0,0.0
2025-05-08 00:00:00-04:00,196.86199326420865,199.18188402861682,193.83517686729027,196.63299560546875,50478900,0.0,0.0
2025-05-09 00:00:00-04:00,198.13644922219603,199.66975978270045,196.68277813613466,197.66848754882812,36453900,0.0,0.0
2025-05-12 00:00:00-04:00,210.32995926202443,210.6290521628615,206.1227607044075,210.15049743652344,63775800,0.26,0.0
2025-05-13 00:00:00-04:00,209.79158118866218,212.75257189298435,208.36592688565332,212.28399658203125,51909300,0.0,0.0
2025-05-14 00:00:00-04:00,211.78549375335473,213.29092224655892,209.9411156617564,211.68580627441406,49325800,0.0,0.0
2025-05-15 00:00:00-04:00,210.31000386923802,212.31391554357438,208.90427796298633,210.80848693847656,45029500,0.0,0.0
2025-05-16 00:00:00-04:00,211.71573318604425,211.92510277199543,209.1335944967917,210.6190643310547,54737900,0.0,0.0
2025-05-19 00:00:00-04:00,207.27923550566183,208.84446444770495,203.64029993754312,208.14659118652344,46140500,0.0,0.0
2025-05-20 00:00:00-04:00,207.03996203611737,207.83753801206538,204.40797196423648,206.232421875,42496600,0.0,0.0
2025-05-21 00:00:00-04:00,204.54755595275296,206.4118779017609,200.10109516487896,201.47689819335938,59211800,0.0,0.0
2025-05-22 00:00:00-04:00,200.1010930441042,202.13489740214874,199.0941474443519,200.74911499023438,46742400,0.0,0.0
2025-05-23 00:00:00-04:00,193.0824298832746,197.10020219746903,192.8730755135501,194.67758178710938,78432900,0.0,0.0
2025-05-27 00:00:00-04:00,197.6983910952664,200.1309909415137,196.83102019804124,199.60260009765625,56288500,0.0,0.0
2025-05-28 00:00:00-04:00,199.98143310081724,202.11494001836002,199.2935240345892,199.81195068359375,45339700,0.0,0.0
2025-05-29 00:00:00-04:00,202.96236033905296,203.19165828241367,197.90773491315443,199.34336853027344,51396800,0.0,0.0
2025-05-30 00:00:00-04:00,198.7651407343476,201.3472946799051,196.18300200128658,200.24066162109375,70819900,0.0,0.0
2025-06-02 00:00:00-04:00,199.67238359256916,201.51677709467234,199.51286535414474,201.08807373046875,35423300,0.0,0.0
2025-06-03 00:00:00-04:00,200.73914706631285,203.1518034040851,200.35033086337637,202.6533203125,46381600,0.0,0.0
2025-06-04 00:00:00-04:00,202.29440469878628,205.6143037964219,201.48686455307688,202.20468139648438,43604000,0.0,0.0
2025-06-05 00:00:00-04:00,202.8826044104843,204.12881205428334,199.54276184010462,200.0213165283203,55126100,0.0,0.0
2025-06-06 00:00:00-04:00,202.38413874603313,205.07594444547604,201.43702389784912,203.3013458251953,46607700,0.0,0.0
2025-06-09 00:00:00-04:00,203.76990423179717,205.3750202901374,199.41316716451473,200.8388214111328,72862600,0.0,0.0
2025-06-10 00:00:00-04:00,199.99141796230995,203.73004106569937,199.96151019448254,202.0551300048828,54672600,0.0,0.0
2025-06-11 00:00:00-04:00,202.88260699920767,203.8795731269679,197.80805305990708,198.1769256591797,60989900,0.0,0.0
2025-06-12 00:00:00-04:00,198.47602627663701,199.07419684911244,196.7612432530472,198.5956573486328,43904600,0.0,0.0
2025-06-13 00:00:00-04:00,199.12403626091725,199.76209396079906,195.1062640673262,195.85398864746094,51447300,0.0,0.0
2025-06-16 00:00:00-04:00,196.701426450214,198.08720880439395,195.96366601516638,197.81802368164062,43020700,0.0,0.0
2025-06-17 00:00:00-04:00,196.60172782081946,197.7881200100286,194.61777485692886,195.0464630126953,38856200,0.0,0.0
2025-06-18 00:00:00-04:00,195.34553910938874,196.97059871241268,194.4781834746436,195.9835968017578,45394700,0.0,0.0
2025-06-20 00:00:00-04:00,197.63859168364695,201.0880863339216,196.26277341287403,200.3902130126953,96813500,0.0,0.0
2025-06-23 00:00:00-04:00,201.01828233775666,201.686247808318,198.3563846401482,200.888671875,55814300,0.0,0.0
2025-06-24 00:00:00-04:00,201.9753521214132,202.82277936444737,199.59260382672892,199.6923065185547,54064000,0.0,0.0
2025-06-25 00:00:00-04:00,200.83881944772682,203.052085424857,200.01133575244882,200.948486328125,39525700,0.0,0.0
2025-06-26 00:00:00-04:00,200.81890119127095,202.02523702778157,198.85489170599743,200.3902130126953,50799100,0.0,0.0
2025-06-27 00:00:00-04:00,201.27751091280393,202.6034778198992,199.39324535272064,200.469970703125,73188600,0.0,0.0
2025-06-30 00:00:00-04:00,201.39711462840114,206.76079706763053,198.65545787730727,204.5475311279297,91912800,0.0,0.0
2025-07-01 00:00:00-04:00,206.04299395149746,209.55231908550664,205.51460310500556,207.18951416015625,78788900,0.0,0.0
2025-07-02 00:00:00-04:00,208.2761972389462,212.69274987948137,207.5085290616707,211.7954864501953,67941800,0.0,0.0
2025-07-03 00:00:00-04:00,211.5063683517463,213.9987837940836,211.16740350258758,212.90213012695312,34955800,0.0,0.0
2025-07-07 00:00:00-04:00,212.03474730839852,215.57398008038285,208.16652910348648,209.3130340576172,50229000,0.0,0.0
2025-07-08 00:00:00-04:00,209.46258702266434,210.78853856973336,207.81758380403343,209.3728485107422,42848900,0.0,0.0
2025-07-09 00:00:00-04:00,208.8943192909964,210.6888614301138,206.59132988433592,210.4994354248047,48749400,0.0,0.0
2025-07-10 00:00:00-04:00,209.87133445003573,212.83232507172787,209.39279496736208,211.7655792236328,44443600,0.0,0.0
2025-07-11 00:00:00-04:00,209.93115706069412,211.48642172848318,209.22330444266433,210.5193634033203,39765800,0.0,0.0
2025-07-14 00:00:00-04:00,209.29309904361602,210.27013683517245,206.91035052542594,207.98707580566406,38840100,0.0,0.0
2025-07-15 00:00:00-04:00,208.5852528191871,211.24715053377864,208.28615994072268,208.4755859375,42296300,0.0,0.0
2025-07-16 00:00:00-04:00,209.6619745482938,211.75559423754484,208.00700716596054,209.52239990234375,47490500,0.0,0.0
2025-07-17 00:00:00-04:00,209.93117746335784,211.1574416148312,208.95413964633332,209.38284301757812,48068100,0.0,0.0
2025-07-18 00:00:00-04:00,210.23024956462245,211.1474566075158,209.06380098140497,210.539306640625,48974600,0.0,0.0
2025-07-21 00:00:00-04:00,211.45652088357517,215.12534891613055,210.98794558852114,211.83535766601562,51377400,0.0,0.0
2025-07-22 00:00:00-04:00,212.49337032996837,214.29787667610697,211.5861274580158,213.74954223632812,46404100,0.0,0.0
2025-07-23 00:00:00-04:00,214.3477172095632,214.4972560435483,211.76557859278188,213.5002899169922,46989300,0.0,0.0
2025-07-24 00:00:00-04:00,213.25105536667797,215.03563331063384,212.8821827557749,213.11148071289062,46022600,0.0,0.0
2025-07-25 00:00:00-04:00,214.04862920984866,214.58699944946258,212.7525701732737,213.2311248779297,40268800,0.0,0.0
2025-07-28 00:00:00-04:00,213.3806606658472,214.19818019857897,212.41360229785764,213.40060424804688,37858000,0.0,0.0
2025-07-29 00:00:00-04:00,213.53018805628847,214.15828155569844,210.18039662608902,210.6290283203125,51411700,0.0,0.0
2025-07-30 00:00:00-04:00,211.25711581327238,211.74563469104578,207.0898047125579,208.415771484375,45512500,0.0,0.0
2025-07-31 00:00:00-04:00,207.85746883247032,209.2033639475293,206.5315020865265,206.9402618408203,80698400,0.0,0.0
2025-08-01 00:00:00-04:00,210.23023901853355,212.93202387361222,200.88867142379772,201.76600646972656,104434500,0.0,0.0
2025-08-04 00:00:00-04:00,203.8895472057539,207.24933356384108,201.06813110178,202.7330780029297,75109300,0.0,0.0
2025-08-05 00:00:00-04:00,202.78290655256814,204.71702329589334,201.54667827641916,202.3043670654297,44155100,0.0,0.0
2025-08-06 00:00:00-04:00,205.00615029681612,214.72657006985978,204.96626313259566,212.60302734375,108483100,0.0,0.0
2025-08-07 00:00:00-04:00,218.2159523061407,220.1799768073744,215.92292715514498,219.36245727539062,90224800,0.0,0.0
2025-08-08 00:00:00-04:00,220.16003429974123,230.29917810781973,218.58482597462978,228.65419006347656,113854000,0.0,0.0
2025-08-11 00:00:00-04:00,227.4864157407103,229.12329528601256,224.3324234952035,226.74781799316406,61806100,0.26,0.0
2025-08-12 00:00:00-04:00,227.57622481823222,230.36092560837628,226.63802588155738,229.21310424804688,55626200,0.0,0.0
2025-08-13 00:00:00-04:00,230.6304284784954,234.55294488479396,229.99163136972763,232.88612365722656,69878500,0.0,0.0
2025-08-14 00:00:00-04:00,233.61473725595164,234.67271834509882,230.41085227691244,232.33717346191406,51916300,0.0,0.0
2025-08-15 00:00:00-04:00,233.5548328767578,233.834298979768,228.9036945156081,231.1494140625,56038700,0.0,0.0
2025-08-18 00:00:00-04:00,231.2592012143754,232.67649791960375,229.6722297518056,230.45074462890625,37476200,0.0,0.0
2025-08-19 00:00:00-04:00,230.84001516813981,232.42698672077375,228.9136940815642,230.1213836669922,39402600,0.0,0.0
2025-08-20 00:00:00-04:00,229.54248102593337,230.0315543310328,225.3404986724704,225.5800323486328,42263900,0.0,0.0
2025-08-21 00:00:00-04:00,225.8395414786139,226.08906587116957,223.3542730460458,224.47213745117188,30621200,0.0,0.0
2025-08-22 00:00:00-04:00,225.73973438952316,228.65417758009713,224.98118568943215,227.3267059326172,42477800,0.0,0.0
2025-08-25 00:00:00-04:00,226.0491451945495,228.86378779922748,225.79962078901826,226.7278594970703,30983100,0.0,0.0
2025-08-26 00:00:00-04:00,226.43840339540802,229.0534295301293,224.26255788237486,228.87376403808594,54575100,0.0,0.0
2025-08-27 00:00:00-04:00,228.17510050695543,230.46073738560713,227.82576024347395,230.05152893066406,31259500,0.0,0.0
2025-08-28 00:00:00-04:00,230.3809040856524,232.9659733126178,228.90370861616245,232.11758422851562,38074700,0.0,0.0
2025-08-29 00:00:00-04:00,232.0676707602769,232.9360260407387,230.92984008944924,231.69837951660156,39418400,0.0,0.0
2025-09-02 00:00:00-04:00,228.81388239599917,230.4108447009183,226.53822101083426,229.28298950195312,44075600,0.0,0.0
2025-09-03 00:00:00-04:00,236.75874463665696,238.395624134605,233.9141603097862,238.01634216308594,66427800,0.0,0.0
2025-09-04 00:00:00-04:00,237.9963808412042,239.4436193831587,236.28964239378743,239.3238525390625,47549400,0.0,0.0
2025-09-05 00:00:00-04:00,239.54341659874092,240.86091270031892,238.03629475202086,239.2340087890625,54870400,0.0,0.0
2025-09-08 00:00:00-04:00,238.84475646782593,239.69313028194867,235.89038089866295,237.42745971679688,48999500,0.0,0.0
2025-09-09 00:00:00-04:00,236.54912730927947,238.3257397896772,232.9160527142261,233.9041748046875,66313900,0.0,0.0
2025-09-10 00:00:00-04:00,231.7482872752143,231.97784546194652,225.52015268533836,226.35855102539062,83440800,0.0,0.0
2025-09-11 00:00:00-04:00,226.44839058875493,230.01159113632517,226.21881717306923,229.59239196777344,50208600,0.0,0.0
2025-09-12 00:00:00-04:00,228.78394562468256,234.0638755168574,228.58432913969838,233.62472534179688,55824200,0.0,0.0
2025-09-15 00:00:00-04:00,236.54912714503797,237.7368657054393,234.58287368836292,236.24969482421875,42699500,0.0,0.0
2025-09-16 00:00:00-04:00,236.72878926810645,240.76111223381088,235.87043992435724,237.6969451904297,63421100,0.0,0.0
2025-09-17 00:00:00-04:00,238.5153883976145,239.6432435766681,237.27774187166392,238.5353546142578,46508000,0.0,0.0
2025-09-18 00:00:00-04:00,239.5134800259323,240.74113579799257,236.199788714976,237.42745971679688,44249600,0.0,0.0
2025-09-19 00:00:00-04:00,240.77107799962133,245.83144010441063,239.7530294205925,245.032958984375,163741300,0.0,0.0
2025-09-22 00:00:00-04:00,247.82763635806887,256.15178189089505,247.64797087114997,255.5928192138672,105517400,0.0,0.0
2025-09-23 00:00:00-04:00,255.39322235208516,256.8504363399061,253.0975947938589,253.9459686279297,60275200,0.0,0.0
2025-09-24 00:00:00-04:00,254.73446948849343,255.2534845023776,250.56241362070242,251.8300018310547,42303700,0.0,0.0
2025-09-25 00:00:00-04:00,252.72829161839874,256.6807646844572,251.2311452680336,256.3813171386719,55202100,0.0,0.0
2025-09-26 00:00:00-04:00,253.61660096533106,257.10994249251326,253.2972024297037,254.97401428222656,46076300,0.0,0.0
2025-09-29 00:00:00-04:00,254.0757261912774,254.5148915782133,252.52867184357527,253.9459686279297,40127700,0.0,0.0
2025-09-30 00:00:00-04:00,254.37515755125318,255.4331385813304,252.6284867333586,254.14559936523438,37704300,0.0,0.0
2025-10-01 00:00:00-04:00,254.55481135314994,258.29769267334166,254.44502000530687,254.9640350341797,48713900,0.0,0.0
2025-10-02 00:00:00-04:00,256.09186667190835,257.68882891050583,253.66649683440303,256.6408386230469,42630200,0.0,0.0
2025-10-03 00:00:00-04:00,254.18552630266564,258.7468246365968,253.46689477740222,257.5291442871094,49155600,0.0,0.0
2025-10-06 00:00:00-04:00,257.49920544747016,258.5771679771474,254.56481112131073,256.2016906738281,44664100,0.0,0.0
2025-10-07 00:00:00-04:00,256.3214394907812,256.91031341337026,254.94405994391948,255.99208068847656,31955800,0.0,0.0
2025-10-08 00:00:00-04:00,256.03198246417537,258.0281776413904,255.62275879770374,257.5690612792969,36496900,0.0,0.0
2025-10-09 00:00:00-04:00,257.3195337882977,257.50917476461467,252.65841993311406,253.55670166015625,38322000,0.0,0.0
2025-10-10 00:00:00-04:00,254.45500785015722,255.8922708493858,243.53581752909898,244.80340576171875,61999100,0.0,0.0
2025-10-13 00:00:00-04:00,248.90558714178317,249.2149949644775,245.09284695690994,247.18885803222656,38142900,0.0,0.0
2025-10-14 00:00:00-04:00,246.13087266264282,248.37659224814226,244.23447809703134,247.29864501953125,35478000,0.0,0.0
2025-10-15 00:00:00-04:00,249.01537013681215,251.3409393203658,246.99920876557604,248.8656463623047,33893600,0.0,0.0
2025-10-16 00:00:00-04:00,247.7777291727393,248.56621957555782,244.66366953460536,246.979248046875,39777000,0.0,0.0
2025-10-17 00:00:00-04:00,247.5481624372989,252.89796599708643,246.79958926324147,251.81002807617188,49147000,0.0,0.0
2025-10-20 00:00:00-04:00,255.4032084113237,263.87706298772724,255.14370850365398,261.7411193847656,90483000,0.0,0.0
2025-10-21 00:00:00-04:00,261.38182000576944,264.7853366806196,261.33189684706855,262.2701110839844,46695900,0.0,0.0
2025-10-22 00:00:00-04:00,262.15033525743416,262.349966966352,254.94406918261987,257.9583435058594,45015300,0.0,0.0
2025-10-23 00:00:00-04:00,259.4454820834593,260.12418111371363,257.51916110368444,259.0861511230469,32754900,0.0,0.0
2025-10-24 00:00:00-04:00,260.69310343226954,263.6275126875418,258.68691759501684,262.32000732421875,38253700,0.0,0.0
2025-10-27 00:00:00-04:00,264.37609822840903,268.60802232244004,264.1465248140549,268.2986145019531,44888200,0.0,0.0
2025-10-28 00:00:00-04:00,268.4782600095115,269.3765722048576,267.63986169210665,268.4882507324219,41534800,0.0,0.0
2025-10-29 00:00:00-04:00,268.76770579477784,270.8936584399069,266.6018207191691,269.1869201660156,51086700,0.0,0.0
2025-10-30 00:00:00-04:00,271.4725408872279,273.6184749716116,267.969239224885,270.8836669921875,69886500,0.0,0.0
2025-10-31 00:00:00-04:00,276.4630533049319,276.79244258078194,268.647962249571,269.85565185546875,86167100,0.0,0.0
2025-11-03 00:00:00-05:00,269.90556627002525,270.33474092754267,265.74348587775046,268.53814697265625,50194600,0.0,0.0
2025-11-04 00:00:00-05:00,267.8195068636227,270.9734988318123,267.11086611942017,269.5262756347656,49274800,0.0,0.0
2025-11-05 00:00:00-05:00,268.0989800730272,271.18312844251227,266.4221834255846,269.6260986328125,43683100,0.0,0.0
2025-11-06 00:00:00-05:00,267.38037702601645,272.8798740142925,267.38037702601645,269.25677490234375,51204000,0.0,0.0
2025-11-07 00:00:00-05:00,269.28671541495146,271.7719991063764,266.26248096015127,267.9592590332031,48227400,0.0,0.0
2025-11-10 00:00:00-05:00,268.7085692371889,273.4741297822401,267.20997142836535,269.1781311035156,41312400,0.26,0.0
2025-11-11 00:00:00-05:00,269.55775905965567,275.65206242273547,269.5477586519058,274.99267578125,46208300,0.0,0.0
2025-11-12 00:00:00-05:00,274.74292397164845,275.4722525277038,271.4460210796085,273.21435546875,48398000,0.0,0.0
2025-11-13 00:00:00-05:00,273.85374352181776,276.4413491841305,271.83564282199285,272.6948547363281,49602800,0.0,0.0
2025-11-14 00:00:00-05:00,270.7965900477885,275.70200347225597,269.3479639093673,272.15533447265625,47431300,0.0,0.0
2025-11-17 00:00:00-05:00,268.5687054184609,270.2371271729127,265.48159771217263,267.2099609375,45018300,0.0,0.0
2025-11-18 00:00:00-05:00,269.7376065335732,270.4569347049811,265.0719890725528,267.19000244140625,45677300,0.0,0.0
2025-11-19 00:00:00-05:00,265.2817633125939,271.9555110777923,265.2517925781922,268.3089294433594,40424500,0.0,0.0
2025-11-20 00:00:00-05:00,270.5768036466949,275.17250947675234,265.67142054546326,266.0010986328125,45823600,0.0,0.0
2025-11-21 00:00:00-05:00,265.70137680880595,273.0744516711978,265.4216397990326,271.2361755371094,59030800,0.0,0.0
2025-11-24 00:00:00-05:00,270.64675212306133,276.7410558404627,270.64675212306133,275.6620788574219,65585800,0.0,0.0
2025-11-25 00:00:00-05:00,275.012667049666,280.1179060838009,274.9926967216935,276.7110900878906,46914200,0.0,0.0
2025-11-26 00:00:00-05:00,276.70108254872224,279.26868736786383,276.3714044558947,277.29052734375,33431400,0.0,0.0
2025-11-28 00:00:00-05:00,277.0008150112318,278.73917862681736,275.73198274965245,278.5893249511719,20135600,0.0,0.0
2025-12-01 00:00:00-05:00,277.75011957449965,283.1550658399818,275.88187257202503,282.8353576660156,46587700,0.0,0.0
2025-12-02 00:00:00-05:00,282.7354345985028,287.1313151163589,282.36578537497866,285.9224548339844,53669500,0.0,0.0
2025-12-03 00:00:00-05:00,285.9324708384744,288.35019153510143,283.0351573834178,283.8843688964844,43538700,0.0,0.0
2025-12-04 00:00:00-05:00,283.83440686502166,284.46382276925783,278.32954829392816,280.4375915527344,43989100,0.0,0.0
2025-12-05 00:00:00-05:00,280.27774306596746,280.8771882481053,277.79005013345267,278.5193786621094,47265800,0.0,0.0
2025-12-08 00:00:00-05:00,277.86998437615557,279.4085531850005,275.8918244790692,277.6302185058594,38211800,0.0,0.0
2025-12-09 00:00:00-05:00,277.8999627322321,279.7682096639769,276.6611317163261,276.9208679199219,32193300,0.0,0.0
2025-12-10 00:00:00-05:00,277.490342786908,279.48847306800184,276.1815698919154,278.5193786621094,33038300,0.0,0.0
2025-12-11 00:00:00-05:00,278.83908758708685,279.3286197507982,273.5540244422053,277.77008056640625,33248000,0.0,0.0
2025-12-12 00:00:00-05:00,277.64021728323,278.9589906850317,276.5612402656973,278.0198669433594,39532900,0.0,0.0
2025-12-15 00:00:00-05:00,279.8880911943856,279.8880911943856,272.5849275039148,273.8537292480469,50409100,0.0,0.0
2025-12-16 00:00:00-05:00,272.5649667835892,275.2424541197232,271.53593087885605,274.353271484375,37648600,0.0,0.0
2025-12-17 00:00:00-05:00,274.75292651919426,275.90184538512057,271.38608172110213,271.58587646484375,50138700,0.0,0.0
2025-12-18 00:00:00-05:00,273.35420232069225,273.374203136776,266.7004552212896,271.935546875,51630700,0.0,0.0
2025-12-19 00:00:00-05:00,271.8955859651445,274.34330788170604,269.64768928264715,273.4141845703125,144632000,0.0,0.0
2025-12-22 00:00:00-05:00,272.6048920133635,273.62395794129594,270.25711338978425,270.7166748046875,36571800,0.0,0.0
2025-12-23 00:00:00-05:00,270.5868091030317,272.2452609569047,269.30800689497966,272.1053771972656,29642000,0.0,0.0
2025-12-24 00:00:00-05:00,272.085389177814,275.17249671786806,271.9455359163183,273.55401611328125,17910600,0.0,0.0
2025-12-26 00:00:00-05:00,273.9037084592662,275.1125687682936,272.6049054553,273.1444091796875,21521800,0.0,0.0
2025-12-29 00:00:00-05:00,272.4350823114352,274.10350406329195,272.0954038139857,273.50408935546875,23715200,0.0,0.0
2025-12-30 00:00:00-05:00,272.5549704076282,273.82377221524894,272.02546707967076,272.82470703125,22139600,0.0,0.0
2025-12-31 00:00:00-05:00,272.80472532736104,273.42414083736213,271.49595243002375,271.6058349609375,27293600,0.0,0.0
2026-01-02 00:00:00-05:00,272.0054842546519,277.58025431004916,268.7485221479618,270.75665283203125,37838100,0.0,0.0
2026-01-05 00:00:00-05:00,270.38700744645297,271.25618925068443,265.89121426121545,267.0101623535156,45647200,0.0,0.0
2026-01-06 00:00:00-05:00,266.7503924619391,267.2998660934885,261.8749496989937,262.1147155761719,52352100,0.0,0.0
2026-01-07 00:00:00-05:00,262.95395138764474,263.4334831315393,259.56710600115036,260.08660888671875,48309800,0.0,0.0
2026-01-08 00:00:00-05:00,256.7797203952787,259.0476178563403,255.46096229095477,258.7978515625,50419300,0.0,0.0
2026-01-09 00:00:00-05:00,258.8377955175017,259.9667440583015,255.98048371428257,259.1275329589844,39997000,0.0,0.0
2026-01-12 00:00:00-05:00,258.9177364764393,261.05572011368304,256.5599267903311,260.0067138671875,45263800,0.0,0.0
2026-01-13 00:00:00-05:00,258.4781303943212,261.56523797230057,258.148452318208,260.8059387207031,45730800,0.0,0.0
2026-01-14 00:00:00-05:00,259.247418118488,261.57525710051715,256.4700180914029,259.71697998046875,40019400,0.0,0.0
2026-01-15 00:00:00-05:00,260.40631875644857,260.7959687899761,256.8096782083212,257.9685974121094,39388600,0.0,0.0
2026-01-16 00:00:00-05:00,257.6589020182799,258.6579671912775,254.69167723491495,255.29112243652344,72142800,0.0,0.0
2026-01-20 00:00:00-05:00,252.49373739571587,254.55180921698133,243.19244305608962,246.46937561035156,80267500,0.0,0.0
2026-01-21 00:00:00-05:00,248.46750904444812,251.3248360900433,244.9507953165175,247.41848754882812,54641700,0.0,0.0
2026-01-22 00:00:00-05:00,248.96703988447874,250.76536025794266,247.9180183962477,248.1178436279297,39708300,0.0,0.0
2026-01-23 00:00:00-05:00,247.08880782235642,249.17685039145397,244.45126111041233,247.80812072753906,41689000,0.0,0.0
2026-01-26 00:00:00-05:00,251.24490015634893,256.32015295784896,249.5664780183616,255.17123413085938,55969200,0.0,0.0
2026-01-27 00:00:00-05:00,258.92771692213245,261.70511669708895,257.96859246831417,258.0285339355469,49648300,0.0,0.0
2026-01-28 00:00:00-05:00,257.409147241713,258.61800761819165,254.27208306792676,256.2002868652344,41288000,0.0,0.0
2026-01-29 00:00:00-05:00,257.75880668092503,259.4072580677027,254.17216647920577,258.0385437011719,67253000,0.0,0.0
2026-01-30 00:00:00-05:00,254.93144331105526,261.6551472598355,251.94423313215475,259.2374267578125,92443400,0.0,0.0
2026-02-02 00:00:00-05:00,259.7869174093499,270.2371306501278,258.9676766447768,269.7575988769531,73913400,0.0,0.0
2026-02-03 00:00:00-05:00,268.9483513556569,271.6258386480508,267.3598109321867,269.22808837890625,64394700,0.0,0.0
2026-02-04 00:00:00-05:00,272.03545112075,278.68922850453845,272.03545112075,276.23150634765625,90545700,0.0,0.0
2026-02-05 00:00:00-05:00,277.86999494352693,279.2387093202658,272.97458180817284,275.6520690917969,52977400,0.0,0.0
2026-02-06 00:00:00-05:00,276.8609202349588,280.6473855638201,276.67109542368036,277.8599853515625,50453400,0.0,0.0
2026-02-09 00:00:00-05:00,277.9100036621094,278.20001220703125,271.70001220703125,274.6199951171875,44623400,0.26,0.0
2026-02-10 00:00:00-05:00,274.8900146484375,275.3699951171875,272.94000244140625,273.67999267578125,34376900,0.0,0.0
2026-02-11 00:00:00-05:00,274.70001220703125,280.17999267578125,274.45001220703125,275.5,51931300,0.0,0.0
2026-02-12 00:00:00-05:00,275.5899963378906,275.7200012207031,260.17999267578125,261.7300109863281,81077200,0.0,0.0
2026-02-13 00:00:00-05:00,262.010009765625,262.2300109863281,255.4499969482422,255.77999877929688,56290700,0.0,0.0
2026-02-17 00:00:00-05:00,258.04998779296875,266.2900085449219,255.5399932861328,263.8800048828125,58469100,0.0,0.0
2026-02-18 00:00:00-05:00,263.6000061035156,266.82000732421875,262.45001220703125,264.3500061035156,34203300,0.0,0.0
2026-02-19 00:00:00-05:00,262.6000061035156,264.4800109863281,260.04998779296875,260.5799865722656,30845300,0.0,0.0
2026-02-20 00:00:00-05:00,258.9700012207031,264.75,258.1600036621094,264.5799865722656,42070500,0.0,0.0
2026-02-23 00:00:00-05:00,263.489990234375,269.42999267578125,263.3800048828125,266.17999267578125,37308200,0.0,0.0
2026-02-24 00:00:00-05:00,267.8599853515625,274.8900146484375,267.7099914550781,272.1400146484375,47014600,0.0,0.0
2026-02-25 00:00:00-05:00,271.7799987792969,274.94000244140625,271.04998779296875,274.2300109863281,33714300,0.0,0.0
2026-02-26 00:00:00-05:00,274.95001220703125,276.1099853515625,270.79998779296875,272.95001220703125,32345100,0.0,0.0
2026-02-27 00:00:00-05:00,272.80999755859375,272.80999755859375,262.8900146484375,264.17999267578125,72366500,0.0,0.0
2026-03-02 00:00:00-05:00,262.4100036621094,266.5299987792969,260.20001220703125,264.7200012207031,41827900,0.0,0.0
2026-03-03 00:00:00-05:00,263.4800109863281,265.55999755859375,260.1300048828125,263.75,38467800,0.0,0.0
