Date,Open,High,Low,Close,Volume,Dividends,Stock Splits
2021-03-04 00:00:00-05:00,99.98801971974596,102.95162763201309,99.51955914782164,100.93387603759766,49216000,0.0,0.0
2021-03-05 00:00:00-05:00,102.28466284780541,104.52026594581169,100.62867233193391,104.06719207763672,53100000,0.0,0.0
2021-03-08 00:00:00-05:00,103.42158052102567,104.89444552557276,99.50764868129858,99.62228393554688,36868000,0.0,0.0
2021-03-09 00:00:00-05:00,101.71893700927107,102.4221200060807,101.01673839596404,101.2529525756836,33920000,0.0,0.0
2021-03-10 00:00:00-05:00,102.29707365898807,102.29707365898807,100.20934752586386,101.04602813720703,27100000,0.0,0.0
2021-03-11 00:00:00-05:00,102.13926584834769,104.77187091897011,102.05142854718905,104.23939514160156,27702000,0.0,0.0
2021-03-12 00:00:00-05:00,103.04194682941647,103.10149446258991,100.85893998678274,101.7313461303711,33818000,0.0,0.0
2021-03-15 00:00:00-04:00,101.48222292330844,101.97896555456512,100.62917132551493,101.95167541503906,26168000,0.0,0.0
2021-03-16 00:00:00-04:00,102.52484679250944,104.89146380814894,102.19235989786293,103.41313934326172,31900000,0.0,0.0
2021-03-17 00:00:00-04:00,102.64792444093051,104.16297408675445,101.43955571786044,103.33026885986328,26382000,0.0,0.0
2021-03-18 00:00:00-04:00,101.64102114164612,102.66181170828624,100.20189786741744,100.30908966064453,31700000,0.0,0.0
2021-03-19 00:00:00-04:00,100.72544755239356,101.08820045745158,99.39549239049998,100.58798217773438,46072000,0.0,0.0
2021-03-22 00:00:00-04:00,100.62124164348486,101.64897601791101,99.9448489322674,100.7730941772461,33536000,0.0,0.0
2021-03-23 00:00:00-04:00,101.23261887288946,102.4315602691178,100.63960345971093,101.30110168457031,28510000,0.0,0.0
2021-03-24 00:00:00-04:00,101.81868694086641,102.6047475271792,100.6892203526668,100.8644027709961,25218000,0.0,0.0
2021-03-25 00:00:00-04:00,100.69169304464262,101.51497081308095,99.05604902007529,100.86091613769531,35616000,0.0,0.0
2021-03-26 00:00:00-04:00,100.82767512282554,101.20482275574092,99.44114815336599,100.47732543945312,27978000,0.0,0.0
2021-03-29 00:00:00-04:00,100.34978722521926,101.6921456617526,99.52055008099022,101.52242279052734,26492000,0.0,0.0
2021-03-30 00:00:00-04:00,101.87922713070152,102.36009090991652,101.04403828817071,101.55616760253906,27312000,0.0,0.0
2021-03-31 00:00:00-04:00,101.94969227085818,103.5307484849651,101.58246421687518,102.35264587402344,42570000,0.0,0.0
2021-04-01 00:00:00-04:00,103.82801379599191,105.98669892569983,103.78732089156456,105.69043731689453,39880000,0.0,0.0
2021-04-05 00:00:00-04:00,106.55241526747184,110.61373186270573,106.45614255746916,110.1159896850586,48510000,0.0,0.0
2021-04-06 00:00:00-04:00,109.71699078502452,110.56459034294618,109.2639169575813,109.63461303710938,35240000,0.0,0.0
2021-04-07 00:00:00-04:00,109.82519037364484,111.38341654754359,109.82519037364484,111.11196899414062,24134000,0.0,0.0
2021-04-08 00:00:00-04:00,112.35109778749995,112.73768033730468,111.30946858743064,111.67768859863281,28664000,0.0,0.0
2021-04-09 00:00:00-04:00,111.43007611188524,112.8458772221366,111.02413902052781,112.68211364746094,26146000,0.0,0.0
2021-04-12 00:00:00-04:00,111.86080254119268,111.99826033542475,110.55566149487322,111.38936614990234,25024000,0.0,0.0
2021-04-13 00:00:00-04:00,111.70547531555604,112.32479639882128,111.31144932320024,111.87618255615234,25682000,0.0,0.0
2021-04-14 00:00:00-04:00,112.52132265803313,112.52132265803313,110.96260423492673,111.25489044189453,21002000,0.0,0.0
2021-04-15 00:00:00-04:00,112.24938267586431,113.93911498034575,111.71442319637966,113.4056396484375,29174000,0.0,0.0
2021-04-16 00:00:00-04:00,113.60363801209377,113.85176324145186,112.69450680826098,113.28157043457031,26282000,0.0,0.0
2021-04-19 00:00:00-04:00,112.65779320044837,114.34057420260662,112.65779320044837,113.62944793701172,30290000,0.0,0.0
2021-04-20 00:00:00-04:00,114.0130523362759,114.08798664621497,112.00969537265847,113.09598541259766,22288000,0.0,0.0
2021-04-21 00:00:00-04:00,112.75057697707321,113.14509515018524,111.39928351662705,113.06321716308594,23204000,0.0,0.0
2021-04-22 00:00:00-04:00,112.9168285050062,113.58577771200164,111.17598403868455,111.78141021728516,24146000,0.0,0.0
2021-04-23 00:00:00-04:00,112.49998747236313,114.44132071147847,112.2146449476843,114.13414001464844,29066000,0.0,0.0
2021-04-26 00:00:00-04:00,114.36191465854154,115.35491539207553,114.0046137037265,114.63038635253906,32038000,0.0,0.0
2021-04-27 00:00:00-04:00,115.01249899515436,115.05319189753914,113.45079717646414,113.68999481201172,44386000,0.0,0.0
2021-04-28 00:00:00-04:00,118.72792498547076,120.65734705575763,116.77865622813731,117.06747436523438,81106000,0.0,0.0
2021-04-29 00:00:00-04:00,118.56565462462966,119.30655470794439,117.80241660635883,118.74082946777344,41234000,0.0,0.0
2021-04-30 00:00:00-04:00,117.51309506724209,118.19940722981916,116.4481435849962,116.79254150390625,44856000,0.0,0.0
2021-05-03 00:00:00-04:00,117.35876574374358,118.18452723288044,115.89929599373691,116.27545166015625,28242000,0.0,0.0
2021-05-04 00:00:00-04:00,114.81002610533777,115.37773525338912,111.98785142103567,114.47654724121094,44818000,0.0,0.0
2021-05-05 00:00:00-04:00,115.558371229532,115.87447949341325,114.54849975152723,114.87056732177734,26636000,0.0,0.0
2021-05-06 00:00:00-04:00,114.45172515333141,115.99109649658203,113.79221092567428,115.99109649658203,25190000,0.0,0.0
2021-05-07 00:00:00-04:00,117.30816048876812,117.6733970925237,116.4283032840996,116.71463775634766,28898000,0.0,0.0
2021-05-10 00:00:00-04:00,115.534046710745,115.67597966626334,113.37039450678947,113.72819519042969,30914000,0.0,0.0
2021-05-11 00:00:00-04:00,111.31246512837205,113.15900979976799,110.85839167705417,112.65184020996094,34186000,0.0,0.0
2021-05-12 00:00:00-04:00,110.47479374412886,111.55612402772708,108.85850395774958,109.18751525878906,46376000,0.0,0.0
2021-05-13 00:00:00-04:00,110.47130973397276,111.13231572556356,109.50858260758544,110.61621856689453,33204000,0.0,0.0
2021-05-14 00:00:00-04:00,112.08015480939481,113.37933665290709,111.65635497248752,113.06471252441406,31996000,0.0,0.0
2021-05-17 00:00:00-04:00,112.3297641754445,113.6304377384808,111.92978642061708,113.58776092529297,21598000,0.0,0.0
2021-05-18 00:00:00-04:00,114.2542271454535,114.51873100821115,112.26128204938492,112.27517700195312,22204000,0.0,0.0
2021-05-19 00:00:00-04:00,110.58595789779508,112.89649569871328,110.43758098852872,112.72330474853516,23684000,0.0,0.0
2021-05-20 00:00:00-04:00,113.69098569300493,114.73310713657823,113.31978979628988,114.48250579833984,32352000,0.0,0.0
2021-05-21 00:00:00-04:00,115.00157839071795,115.07502854849963,113.60661602300084,113.84630584716797,40632000,0.0,0.0
2021-05-24 00:00:00-04:00,114.87653394991712,117.390536195804,114.73113291341008,117.16673278808594,31832000,0.0,0.0
2021-05-25 00:00:00-04:00,117.71061174116315,118.30611079968943,116.86698744390246,117.25753784179688,22440000,0.0,0.0
2021-05-26 00:00:00-04:00,117.4386576186535,118.55373698083459,117.4356817515522,118.12299346923828,21572000,0.0,0.0
2021-05-27 00:00:00-04:00,118.55672483396802,118.55672483396802,116.92952356734123,117.24811553955078,35224000,0.0,0.0
2021-05-28 00:00:00-04:00,117.83069992865224,117.91257792108246,116.76028885976044,116.95878601074219,21482000,0.0,0.0
2021-06-01 00:00:00-04:00,117.83169739325494,118.3909711309442,116.83125322941245,118.16616821289062,23354000,0.0,0.0
2021-06-02 00:00:00-04:00,118.56168261975796,118.78450163427122,116.73597664095516,117.6406478881836,21158000,0.0,0.0
2021-06-03 00:00:00-04:00,116.4069589139595,116.96722459641707,115.60253582286343,116.49876403808594,18696000,0.0,0.0
2021-06-04 00:00:00-04:00,117.5751361103478,119.05197647969602,117.23470598588214,118.78102111816406,24458000,0.0,0.0
2021-06-07 00:00:00-04:00,118.57607279219508,119.32392413070295,118.15724030193509,119.21424865722656,24120000,0.0,0.0
2021-06-08 00:00:00-04:00,119.69611425817284,120.06879431068795,118.8410711054014,119.02269744873047,24240000,0.0,0.0
2021-06-09 00:00:00-04:00,119.66733155702187,119.73928242428627,118.94627815938065,119.494140625,17942000,0.0,0.0
2021-06-10 00:00:00-04:00,119.44351508642232,120.88661377093757,119.287694745619,120.84343719482422,25904000,0.0,0.0
2021-06-11 00:00:00-04:00,121.08511637699016,121.17047000516757,120.04100343499866,120.59879302978516,21958000,0.0,0.0
2021-06-14 00:00:00-04:00,120.7010138258984,121.52776727722208,119.99336321142542,121.52727508544922,22098000,0.0,0.0
2021-06-15 00:00:00-04:00,121.5317391337335,121.85479867979801,120.1481955864892,120.50897216796875,21562000,0.0,0.0
2021-06-16 00:00:00-04:00,120.66032532200343,120.97197359175446,118.57409090880724,119.8668212890625,26472000,0.0,0.0
2021-06-17 00:00:00-04:00,119.79239741332196,121.60370879783737,119.59637633604568,120.83055114746094,25842000,0.0,0.0
2021-06-18 00:00:00-04:00,120.45685158183923,120.6910818510485,119.1149929914567,119.21027374267578,46116000,0.0,0.0
2021-06-21 00:00:00-04:00,119.59687474547188,121.08512653724667,118.99938415373178,120.89903259277344,27414000,0.0,0.0
2021-06-22 00:00:00-04:00,120.83698717040798,121.48211428370058,120.15613450667915,121.41313171386719,22390000,0.0,0.0
2021-06-23 00:00:00-04:00,121.17791693257503,122.17240182650191,120.92086408491839,121.21116638183594,19148000,0.0,0.0
2021-06-24 00:00:00-04:00,121.77987229747849,122.13270568365839,121.38287794666212,121.58137512207031,21362000,0.0,0.0
2021-06-25 00:00:00-04:00,121.08511210446201,121.71336839672355,120.65337662784323,121.58979797363281,34594000,0.0,0.0
2021-06-28 00:00:00-04:00,121.75852921191957,121.86423686669397,120.49508042755512,121.61710357666016,28526000,0.0,0.0
2021-06-29 00:00:00-04:00,121.750585903445,122.09845947524772,120.77843143323554,121.3555679321289,23108000,0.0,0.0
2021-06-30 00:00:00-04:00,121.07965376613676,121.34018980324502,120.44445377750469,121.17394256591797,24474000,0.0,0.0
2021-07-01 00:00:00-04:00,120.81216599383819,121.66770125283853,120.62012034809396,121.52627563476562,18110000,0.0,0.0
2021-07-02 00:00:00-04:00,122.22649002373326,124.46358492049245,122.13666881147289,124.31818389892578,25982000,0.0,0.0
2021-07-06 00:00:00-04:00,124.70625497523152,125.4799123179405,123.64824707773293,125.24369812011719,26404000,0.0,0.0
2021-07-07 00:00:00-04:00,126.20840260771347,126.32948178151617,125.20696652930476,125.52555847167969,24060000,0.0,0.0
2021-07-08 00:00:00-04:00,123.09592895650106,124.65365544647669,123.09196113332287,124.10629272460938,23790000,0.0,0.0
2021-07-09 00:00:00-04:00,124.08741818318458,124.79159310217479,123.61746594922265,124.57721710205078,18632000,0.0,0.0
2021-07-12 00:00:00-04:00,125.23178767794647,126.11660464739363,124.66903830023149,126.02330780029297,17668000,0.0,0.0
2021-07-13 00:00:00-04:00,126.08582935283354,127.09718503011685,125.72456058354896,126.38655853271484,19240000,0.0,0.0
2021-07-14 00:00:00-04:00,126.99843774774149,128.3566826384462,126.95526116951177,127.27534484863281,23742000,0.0,0.0
2021-07-15 00:00:00-04:00,127.68425815211094,127.73487061260049,125.58114534521543,126.05258178710938,24218000,0.0,0.0
2021-07-16 00:00:00-04:00,126.7056414194645,126.85302634579371,125.20746273938772,126.01783752441406,20424000,0.0,0.0
2021-07-19 00:00:00-04:00,125.14394623897842,125.2585814894931,122.57882443943065,123.64378356933594,27968000,0.0,0.0
2021-07-20 00:00:00-04:00,124.58616145014766,126.09029957274659,123.41799344616328,125.26305389404297,26312000,0.0,0.0
2021-07-21 00:00:00-04:00,125.18760935637495,126.63914341310972,125.07843365340196,126.59249877929688,20746000,0.0,0.0
2021-07-22 00:00:00-04:00,126.88529680984055,127.51950487431337,126.54288276082305,127.45845794677734,14302000,0.0,0.0
2021-07-23 00:00:00-04:00,129.4523951600972,132.3986401311124,128.82712984161756,132.01751708984375,41506000,0.0,0.0
2021-07-26 00:00:00-04:00,132.32866235257328,133.23034251225275,131.3093559344711,133.0298614501953,30572000,0.0,0.0
2021-07-27 00:00:00-04:00,133.24375654153485,133.39114148344112,129.12835158486462,130.91087341308594,54710000,0.0,0.0
2021-07-28 00:00:00-04:00,135.28980809616644,137.2599234097083,134.2630655744144,135.0734405517578,95130000,0.0,0.0
2021-07-29 00:00:00-04:00,135.12899677919694,135.63616633400994,134.52655404007479,134.75929260253906,31716000,0.0,0.0
2021-07-30 00:00:00-04:00,134.02235996691988,134.28983968101215,133.24821049206028,133.71617126464844,25576000,0.0,0.0
2021-08-02 00:00:00-04:00,134.10375968033432,134.3216113441576,132.79068281831607,133.84323120117188,21634000,0.0,0.0
2021-08-03 00:00:00-04:00,134.12160154439192,134.71412469345836,132.31972539676443,134.61289978027344,20762000,0.0,0.0
2021-08-04 00:00:00-04:00,134.33450184746084,134.63225514353746,133.47846680037628,134.1121826171875,19676000,0.0,0.0
2021-08-05 00:00:00-04:00,134.66300394837458,135.32749306187827,133.83475886285106,135.22972106933594,17870000,0.0,0.0
2021-08-06 00:00:00-04:00,135.0218328558006,135.44910079449588,134.196071269819,134.72059631347656,20488000,0.0,0.0
2021-08-09 00:00:00-04:00,134.9230796484028,136.15527055748314,134.32458951731195,135.88629150390625,17760000,0.0,0.0
2021-08-10 00:00:00-04:00,136.3120586436504,136.739341684584,135.3418956435353,135.7810821533203,19414000,0.0,0.0
2021-08-11 00:00:00-04:00,136.15277807095418,136.6500129504423,135.24959853381438,135.25704956054688,15352000,0.0,0.0
2021-08-12 00:00:00-04:00,134.95579303808665,136.27036900891522,134.40992968897953,136.1651611328125,16506000,0.0,0.0
2021-08-13 00:00:00-04:00,136.22074387202724,136.82270194737035,136.0053759091246,136.6946563720703,15948000,0.0,0.0
2021-08-16 00:00:00-04:00,136.49367603744454,137.32490460237238,134.28437116129226,137.2722930908203,22384000,0.0,0.0
2021-08-17 00:00:00-04:00,136.71701126967452,137.22864843735246,135.06152034652905,135.6366729736328,21716000,0.0,0.0
2021-08-18 00:00:00-04:00,135.47638678008008,136.0763610262698,134.30672701456993,134.4332733154297,19258000,0.0,0.0
2021-08-19 00:00:00-04:00,133.42736229214302,135.32997885564367,133.2432522758854,134.6625213623047,21782000,0.0,0.0
2021-08-20 00:00:00-04:00,134.9801260855952,136.52247337439283,134.23575039027023,136.39891052246094,31194000,0.0,0.0
2021-08-23 00:00:00-04:00,136.93486475189124,139.8180789523817,136.57557987363364,138.9913330078125,28454000,0.0,0.0
2021-08-24 00:00:00-04:00,139.55704424673573,141.01453771679073,139.2860964529623,140.20217895507812,19268000,0.0,0.0
2021-08-25 00:00:00-04:00,140.56294433294897,141.12321001802496,140.31581862814912,141.01353454589844,15848000,0.0,0.0
2021-08-26 00:00:00-04:00,140.6870101446203,141.34950029059405,140.29695193911797,140.3798370361328,20610000,0.0,0.0
2021-08-27 00:00:00-04:00,140.59023537546233,143.42878866169718,140.43589917778093,142.92410278320312,28780000,0.0,0.0
2021-08-30 00:00:00-04:00,143.3171329571625,144.87586650188038,143.08191071362054,143.50621032714844,24434000,0.0,0.0
2021-08-31 00:00:00-04:00,144.0585493114056,144.08285601526092,143.19904608984555,143.61241149902344,22448000,0.0,0.0
2021-09-01 00:00:00-04:00,143.91265727510688,145.1572514544769,143.79703005066006,144.1265411376953,21936000,0.0,0.0
2021-09-02 00:00:00-04:00,144.12702918117816,144.4282505704674,142.1112538267308,142.21249389648438,32342000,0.0,0.0
2021-09-03 00:00:00-04:00,142.00750547242635,143.07394096026408,141.33259710360747,142.66156005859375,19850000,0.0,0.0
2021-09-07 00:00:00-04:00,142.75587753973872,143.48089873899315,142.5419937114171,143.1985321044922,20124000,0.0,0.0
2021-09-08 00:00:00-04:00,143.01937843726546,143.31711657655697,141.9276214453262,142.61343383789062,18344000,0.0,0.0
2021-09-09 00:00:00-04:00,142.76180732992756,143.2282839048268,142.10378489049597,142.4645538330078,15314000,0.0,0.0
2021-09-10 00:00:00-04:00,143.13103101123474,143.63324834342055,139.6825992095329,139.81956481933594,36840000,0.0,0.0
2021-09-13 00:00:00-04:00,140.8849828785706,141.87798342210203,140.19073512556895,141.26512145996094,22094000,0.0,0.0
2021-09-14 00:00:00-04:00,141.92314676108896,142.28789868002113,140.6869883478509,141.47552490234375,19674000,0.0,0.0
2021-09-15 00:00:00-04:00,141.7008640719296,143.3672741920818,140.28754656710873,143.346435546875,27408000,0.0,0.0
2021-09-16 00:00:00-04:00,142.87099696216728,143.21787856046222,141.33361711274972,142.53305053710938,26190000,0.0,0.0
2021-09-17 00:00:00-04:00,141.95792882832896,142.37427770292902,139.4166287082116,139.74415588378906,53384000,0.0,0.0
2021-09-20 00:00:00-04:00,137.12543075040233,137.95764383732217,135.2997322450259,137.6792449951172,46518000,0.0,0.0
2021-09-21 00:00:00-04:00,138.70152098037897,138.9615648556159,137.24105908809844,137.9904022216797,25332000,0.0,0.0
2021-09-22 00:00:00-04:00,138.25935937751655,139.83048106126535,137.51249995610252,139.23150634765625,25056000,0.0,0.0
2021-09-23 00:00:00-04:00,139.93025658456762,140.63393952473606,139.34865237421081,140.15704345703125,20952000,0.0,0.0
2021-09-24 00:00:00-04:00,139.48458758729717,141.26315661492927,139.18931795972466,141.1485137939453,22984000,0.0,0.0
2021-09-27 00:00:00-04:00,139.7485880718307,140.87408668323022,139.0171154416389,140.0140838623047,21882000,0.0,0.0
2021-09-28 00:00:00-04:00,137.61522900485204,138.0534160284958,134.3449399306605,134.81141662597656,45772000,0.0,0.0
2021-09-29 00:00:00-04:00,135.95279250178928,136.1225153946374,132.86116135718453,133.3459930419922,30848000,0.0,0.0
2021-09-30 00:00:00-04:00,133.25467295688009,134.5260573598816,132.5544581975898,132.67355346679688,37996000,0.0,0.0
2021-10-01 00:00:00-04:00,133.43925271047587,135.8837949065538,133.06756465527477,135.51904296875,35360000,0.0,0.0
2021-10-04 00:00:00-04:00,134.94093590399183,134.94093590399183,130.06726742691163,132.65719604492188,51202000,0.0,0.0
2021-10-05 00:00:00-04:00,133.03582852986017,136.195457682752,133.03582852986017,135.00296020507812,32404000,0.0,0.0
2021-10-06 00:00:00-04:00,133.73949382505162,136.71699647050733,133.54099667756023,136.53338623046875,24364000,0.0,0.0
2021-10-07 00:00:00-04:00,137.85042817938296,138.99181325854707,137.61123813678714,138.18093872070312,25110000,0.0,0.0
2021-10-08 00:00:00-04:00,138.53029594438388,139.2786394526992,138.17349477354347,138.73724365234375,26526000,0.0,0.0
2021-10-11 00:00:00-04:00,138.24743994592924,139.6567893779869,137.81767325329827,137.8722686767578,17954000,0.0,0.0
2021-10-12 00:00:00-04:00,138.43401141680982,138.4608169354208,134.7419071206259,135.42575073242188,36332000,0.0,0.0
2021-10-13 00:00:00-04:00,136.37210417426144,136.96512710925458,135.49523045857015,136.55026245117188,19654000,0.0,0.0
2021-10-14 00:00:00-04:00,138.4280577151178,140.27757789553945,137.78392262648904,140.0924835205078,31894000,0.0,0.0
2021-10-15 00:00:00-04:00,140.55251849051083,140.65524269555343,139.69946688773342,140.307861328125,30274000,0.0,0.0
2021-10-18 00:00:00-04:00,140.01855803335158,141.7251609960852,140.01160677138375,141.70729064941406,20396000,0.0,0.0
2021-10-19 00:00:00-04:00,142.3122411781201,142.58518805329703,141.53065568841217,142.16287231445312,20164000,0.0,0.0
2021-10-20 00:00:00-04:00,142.26309046678062,142.46953840645264,140.31629790538835,140.7058563232422,23288000,0.0,0.0
2021-10-21 00:00:00-04:00,140.70586399440023,141.08997046295738,139.44638307898973,140.82199096679688,26292000,0.0,0.0
2021-10-22 00:00:00-04:00,138.10650299028052,139.52875553803523,135.03571082515822,136.53488159179688,50588000,0.0,0.0
2021-10-25 00:00:00-04:00,136.51849946532073,136.9651218337323,134.40843556139117,136.41627502441406,34412000,0.0,0.0
2021-10-26 00:00:00-04:00,138.21916373627255,139.0325068979377,137.267355663292,138.26382446289062,49236000,0.0,0.0
2021-10-27 00:00:00-04:00,138.35958967330268,147.5352558412774,138.35958967330268,145.12100219726562,85782000,0.0,0.0
2021-10-28 00:00:00-04:00,146.03116213698377,146.05448445943154,143.54245831069542,144.7552947998047,36206000,0.0,0.0
2021-10-29 00:00:00-04:00,143.9900759970739,147.130350898697,143.56479194555195,146.93582153320312,43320000,0.0,0.0
2021-11-01 00:00:00-04:00,146.93581200680188,146.93581200680188,142.15145003137462,142.42091369628906,46924000,0.0,0.0
2021-11-02 00:00:00-04:00,143.49530344337282,145.50957959342554,143.2531299166972,144.34190368652344,33482000,0.0,0.0
2021-11-03 00:00:00-04:00,144.8063781414798,145.5691239438991,143.50670412146945,145.4986572265625,27494000,0.0,0.0
2021-11-04 00:00:00-04:00,146.02120570689476,148.61064946538178,145.2108308442372,147.1556396484375,38412000,0.0,0.0
2021-11-05 00:00:00-04:00,148.05087231856265,149.20019319950708,147.08567660753985,147.7357635498047,38354000,0.0,0.0
2021-11-08 00:00:00-05:00,148.70142789657243,149.48551200185,147.31738481739532,147.91339111328125,23052000,0.0,0.0
2021-11-09 00:00:00-05:00,148.11388298473145,148.71087370768657,146.1407847267169,147.80174255371094,19530000,0.0,0.0
2021-11-10 00:00:00-05:00,146.39388220777226,146.95961498797055,143.4536043601575,144.79942321777344,29970000,0.0,0.0
2021-11-11 00:00:00-05:00,145.39097096057034,146.42913217183607,144.50863009769796,144.6733856201172,16518000,0.0,0.0
2021-11-12 00:00:00-05:00,145.51600107030356,147.7337564391423,144.32053550188084,147.5630340576172,22360000,0.0,0.0
2021-11-15 00:00:00-05:00,147.78386805797064,148.42800315960721,146.4683077163778,147.33872985839844,23508000,0.0,0.0
2021-11-16 00:00:00-05:00,147.03850684850835,147.64690125348622,146.2077780831521,146.76705932617188,18904000,0.0,0.0
2021-11-17 00:00:00-05:00,146.91742834177577,147.44543653660836,146.13584294303453,146.93678283691406,19594000,0.0,0.0
2021-11-18 00:00:00-05:00,147.12980463081288,149.4512684285652,146.77548718460204,148.71482849121094,35608000,0.0,0.0
2021-11-19 00:00:00-05:00,148.850821889898,149.83440281847206,147.78240224110786,147.8096923828125,33682000,0.0,0.0
2021-11-22 00:00:00-05:00,148.2126562711061,148.70592331969485,145.05154308495818,145.2048797607422,30594000,0.0,0.0
2021-11-23 00:00:00-05:00,145.0570170959828,145.56021892318378,143.0343053722455,144.6887969970703,27218000,0.0,0.0
2021-11-24 00:00:00-05:00,144.38256427836453,145.1527458877794,143.29032269361113,145.0242156982422,18040000,0.0,0.0
2021-11-26 00:00:00-05:00,143.2660178960678,143.47345022970194,140.7788138039504,141.11676025390625,30470000,0.0,0.0
2021-11-29 00:00:00-05:00,142.92012308902753,145.20039440867032,142.8144154479387,144.43914794921875,32596000,0.0,0.0
2021-11-30 00:00:00-05:00,143.92109854709125,144.90516426068578,140.5396495159104,140.83343505859375,42068000,0.0,0.0
2021-12-01 00:00:00-05:00,142.92015005272097,144.85602381982557,139.85530937917687,139.99375915527344,34020000,0.0,0.0
2021-12-02 00:00:00-05:00,140.1907403286436,142.78563565182435,139.1629985850342,141.8938751220703,29194000,0.0,0.0
2021-12-03 00:00:00-05:00,142.60352464934857,143.31712699642003,139.24886668872693,140.93661499023438,41230000,0.0,0.0
2021-12-06 00:00:00-05:00,141.96782338203911,142.77373060812116,139.09899659163847,142.0814666748047,30618000,0.0,0.0
2021-12-07 00:00:00-05:00,144.5046722790173,146.42467472211027,144.138436129141,146.16513061523438,32240000,0.0,0.0
2021-12-08 00:00:00-05:00,146.48965394073545,147.2801896212736,145.30809084120318,147.07522583007812,24270000,0.0,0.0
2021-12-09 00:00:00-05:00,146.48421241020347,147.98189902251838,146.01178401342344,146.53135681152344,23270000,0.0,0.0
2021-12-10 00:00:00-05:00,147.58488027246938,147.86029563658596,145.60384630237746,146.89161682128906,24458000,0.0,0.0
2021-12-13 00:00:00-05:00,146.67326661525007,146.86036006274796,144.42625220003177,144.73294067382812,27070000,0.0,0.0
2021-12-14 00:00:00-05:00,142.88838224618928,143.3965362015146,140.15602113354242,142.8278350830078,38446000,0.0,0.0
2021-12-15 00:00:00-05:00,142.33354383149216,145.6207029675227,140.61552216017054,145.34280395507812,36370000,0.0,0.0
2021-12-16 00:00:00-05:00,146.0668412565775,146.56954315606276,142.53005761489555,143.36178588867188,33650000,0.0,0.0
2021-12-17 00:00:00-05:00,141.43138309383306,142.75587874027252,140.24038500191537,140.66220092773438,50416000,0.0,0.0
2021-12-20 00:00:00-05:00,138.95013079239632,140.7113292733153,138.27622180996892,140.54507446289062,27192000,0.0,0.0
2021-12-21 00:00:00-05:00,140.9882260878411,142.79011743592406,139.4488622569165,142.39659118652344,28756000,0.0,0.0
2021-12-22 00:00:00-05:00,141.99464616719504,145.4014011115473,141.99464616719504,145.31703186035156,26322000,0.0,0.0
2021-12-23 00:00:00-05:00,145.4013625949283,147.13178744261347,145.35371843877124,145.8147430419922,26384000,0.0,0.0
2021-12-27 00:00:00-05:00,146.15172864562504,147.23156722380827,146.06587524675373,146.79734802246094,15976000,0.0,0.0
2021-12-28 00:00:00-05:00,147.12437040398524,147.18690148034136,144.9592413503814,145.5869903564453,18200000,0.0,0.0
2021-12-29 00:00:00-05:00,145.54480223641073,146.31151586245565,144.5552847534047,145.5552215576172,17788000,0.0,0.0
2021-12-30 00:00:00-05:00,145.59392492050907,146.19538324277852,144.89967709451196,145.1041259765625,15688000,0.0,0.0
2021-12-31 00:00:00-05:00,144.95477660937993,145.59841206525712,143.76576232910156,143.76576232910156,18136000,0.0,0.0
2022-01-03 00:00:00-05:00,143.96723628198907,144.7572723479934,142.6353045632969,143.9042205810547,28646000,0.0,0.0
2022-01-04 00:00:00-05:00,144.3056527999595,145.3864907314866,142.63875836947292,143.31663513183594,28400000,0.0,0.0
2022-01-05 00:00:00-05:00,143.33697877967595,143.41588090539815,136.65546802283728,136.74180603027344,54618000,0.0,0.0
2022-01-06 00:00:00-05:00,135.97116230054874,138.89060201412212,135.53445940710563,136.71453857421875,37348000,0.0,0.0
2022-01-07 00:00:00-05:00,137.10951820455404,137.41025492629657,134.74836087315734,135.98948669433594,29760000,0.0,0.0
2022-01-10 00:00:00-05:00,134.06504915322984,137.7784923866588,132.1659006036538,137.62960815429688,44408000,0.0,0.0
2022-01-11 00:00:00-05:00,136.9720874131419,139.1645217290707,135.66744595665384,138.6881103515625,28730000,0.0,0.0
2022-01-12 00:00:00-05:00,140.09151997116695,141.53859428512516,139.63944554733524,140.3699188232422,26108000,0.0,0.0
2022-01-13 00:00:00-05:00,140.47857244926956,141.77876136551572,137.37105536435357,137.5477294921875,31436000,0.0,0.0
2022-01-14 00:00:00-05:00,136.05102908212427,139.68656954146815,135.97114257121223,138.4345245361328,29662000,0.0,0.0
2022-01-18 00:00:00-05:00,135.15380874741192,136.10313304122235,134.42283585614052,134.97813415527344,34872000,0.0,0.0
2022-01-19 00:00:00-05:00,135.49970276827796,136.92493874451395,134.00301568869605,134.10325622558594,28648000,0.0,0.0
2022-01-20 00:00:00-05:00,135.22823884786024,136.59392702460264,131.96737020442174,132.30780029296875,29908000,0.0,0.0
2022-01-21 00:00:00-05:00,131.59919999940524,133.8541504970907,129.1109959938227,129.37400817871094,55652000,0.0,0.0
2022-01-24 00:00:00-05:00,125.03329091598978,130.21911482681233,123.56637755178818,129.82310485839844,76622000,0.0,0.0
2022-01-25 00:00:00-05:00,127.77458065092937,128.42863539946603,125.55187278454918,125.98310852050781,46960000,0.0,0.0
2022-01-26 00:00:00-05:00,130.13574398925348,132.0026351291837,126.18856248123481,128.26388549804688,49130000,0.0,0.0
2022-01-27 00:00:00-05:00,130.31932241896405,131.65770522937257,127.96560114019877,128.03756713867188,31950000,0.0,0.0
2022-01-28 00:00:00-05:00,128.68666808776362,132.35644978053813,127.52147605383999,132.35098266601562,34362000,0.0,0.0
2022-01-31 00:00:00-05:00,133.15591425848223,134.45708760059057,131.21805677014638,134.28884887695312,39986000,0.0,0.0
2022-02-01 00:00:00-05:00,136.56265758061303,136.75967057677127,133.36085185882231,136.61178588867188,68644000,0.0,0.0
2022-02-02 00:00:00-05:00,150.11576472101984,150.41003482370965,144.43122234361599,146.89013671875,123200000,0.0,0.0
2022-02-03 00:00:00-05:00,144.61283208964923,148.55256175265762,141.59562114667068,142.01693725585938,71518000,0.0,0.0
2022-02-04 00:00:00-05:00,142.36879793327233,143.78856670322708,139.46126220909318,142.2184295654297,57998000,0.0,0.0
2022-02-07 00:00:00-05:00,143.16825272340563,143.16825272340563,137.85836692860573,138.15711975097656,54974000,0.0,0.0
2022-02-08 00:00:00-05:00,137.98393352600814,138.95012868811895,135.98652845498887,138.3536376953125,54284000,0.0,0.0
2022-02-09 00:00:00-05:00,139.90640076704875,141.45569926676154,139.13571933998102,140.53018188476562,40144000,0.0,0.0
2022-02-10 00:00:00-05:00,138.65583012858116,140.42346457395533,136.9224219346874,137.5804443359375,39330000,0.0,0.0
2022-02-11 00:00:00-05:00,137.5606404788322,138.11295539537267,132.39962332012644,133.2755126953125,39958000,0.0,0.0
2022-02-14 00:00:00-05:00,132.25720762086638,135.27788715232825,132.25720762086638,134.5096893310547,34302000,0.0,0.0
2022-02-15 00:00:00-05:00,136.5388523034239,137.07282740423187,134.80297510881232,135.58407592773438,26680000,0.0,0.0
2022-02-16 00:00:00-05:00,135.62177176243202,137.05047569540287,133.91218535408186,136.70509338378906,25022000,0.0,0.0
2022-02-17 00:00:00-05:00,135.22129248130244,136.08526315724788,131.48502706977027,131.54507446289062,38950000,0.0,0.0
2022-02-18 00:00:00-05:00,132.46612837230094,133.06461847926178,129.2201611900481,129.42510986328125,45620000,0.0,0.0
2022-02-22 00:00:00-05:00,128.8643182954154,131.18925024339552,127.26192379084993,128.8400115966797,44990000,0.0,0.0
2022-02-23 00:00:00-05:00,130.6612458335348,131.0607237883721,126.57114767693737,126.63119506835938,32786000,0.0,0.0
2022-02-24 00:00:00-05:00,124.01645216954687,132.00261130443673,124.01645216954687,131.6959228515625,54456000,0.0,0.0
2022-02-25 00:00:00-05:00,132.55047613745694,134.25707905584127,130.76347180550337,133.451171875,36406000,0.0,0.0
2022-02-28 00:00:00-05:00,132.05225159221422,134.73348521833475,131.5981781769132,134.04420471191406,38864000,0.0,0.0
2022-03-01 00:00:00-05:00,133.86704226332247,135.23371506860198,132.21950209052739,133.05616760253906,26496000,0.0,0.0
2022-03-02 00:00:00-05:00,133.6184269882909,134.24815989047295,132.07359595195584,133.56234741210938,23520000,0.0,0.0
2022-03-03 00:00:00-05:00,134.99004795968622,135.41633147676816,132.02793179963612,132.8953857421875,24604000,0.0,0.0
2022-03-04 00:00:00-05:00,131.93066729654552,132.84773411932804,129.36007848583986,130.9173126220703,30430000,0.0,0.0
2022-03-07 00:00:00-05:00,130.50197452038165,130.74711632419786,125.3479086063169,125.4307861328125,45112000,0.0,0.0
2022-03-08 00:00:00-05:00,125.30324479087164,130.26574953506457,124.73206001019544,126.15133666992188,40428000,0.0,0.0
2022-03-09 00:00:00-05:00,130.26575405375206,132.73261936692816,128.92637143258065,132.4194793701172,37026000,0.0,0.0
2022-03-10 00:00:00-05:00,130.28164376257828,132.27259751382948,129.9307942927176,131.43641662597656,27102000,0.0,0.0
2022-03-11 00:00:00-05:00,132.48747149297876,132.79217610039157,128.65940026907458,128.8966064453125,31526000,0.0,0.0
2022-03-14 00:00:00-04:00,129.27325808126395,129.43106235138268,124.335567012558,125.0064926147461,38812000,0.0,0.0
2022-03-15 00:00:00-04:00,126.02378891344858,128.8807121292498,124.77770327867377,128.2291259765625,30920000,0.0,0.0
2022-03-16 00:00:00-04:00,129.75260945254524,132.33310245925338,127.7690919896178,132.281005859375,35576000,0.0,0.0
2022-03-17 00:00:00-04:00,132.15051431173177,133.07503224064973,131.19373888959393,132.83534240722656,28264000,0.0,0.0
2022-03-18 00:00:00-04:00,132.42394150815238,135.22230167112554,131.2666850458185,135.1046905517578,44566000,0.0,0.0
2022-03-21 00:00:00-04:00,135.1423878626477,136.0222449574991,133.0869194437915,135.0808563232422,26832000,0.0,0.0
2022-03-22 00:00:00-04:00,135.08087260988333,139.99226524903366,135.08087260988333,138.81912231445312,35496000,0.0,0.0
2022-03-23 00:00:00-04:00,137.66237103767637,138.5417285094916,136.80138367889504,137.2385711669922,25154000,0.0,0.0
2022-03-24 00:00:00-04:00,138.1561540914224,140.55702062189502,136.71753024768287,140.5103759765625,26396000,0.0,0.0
2022-03-25 00:00:00-04:00,140.8517544009212,140.9698652761117,138.68959391227574,140.61058044433594,24126000,0.0,0.0
2022-03-28 00:00:00-04:00,139.84388368780657,140.9376247499745,138.76304562317353,140.3947296142578,35050000,0.0,0.0
2022-03-29 00:00:00-04:00,141.57777718767315,142.71517932919343,140.97333542328835,141.43682861328125,34318000,0.0,0.0
2022-03-30 00:00:00-04:00,141.39167328610918,141.65021781088518,140.53812197630958,140.87408447265625,19884000,0.0,0.0
2022-03-31 00:00:00-04:00,140.9877281817403,141.04232360786241,137.98195087256153,138.02462768554688,37524000,0.0,0.0
2022-04-01 00:00:00-04:00,138.4538680484704,139.41757946432682,137.27030594315084,139.0994873046875,25942000,0.0,0.0
2022-04-04 00:00:00-04:00,139.3059565218583,142.63430898174366,139.2583123546928,141.89935302734375,25942000,0.0,0.0
2022-04-05 00:00:00-04:00,141.79761431614833,141.91819372538492,139.32976482705615,139.5366973876953,21418000,0.0,0.0
2022-04-06 00:00:00-04:00,137.7095002017028,138.31542612185672,134.50074308822178,135.52401733398438,32468000,0.0,0.0
2022-04-07 00:00:00-04:00,134.99004046750798,136.13589316323527,133.2209064212302,134.8694610595703,26234000,0.0,0.0
2022-04-08 00:00:00-04:00,134.56676694053476,134.65262034399495,131.96840285659127,132.28799438476562,25142000,0.0,0.0
2022-04-11 00:00:00-04:00,130.83494754462106,131.10192750746063,127.70360833102498,127.8574447631836,36884000,0.0,0.0
2022-04-12 00:00:00-04:00,130.61311975477608,130.61311975477608,125.83819349438248,126.75675201416016,32710000,0.0,0.0
2022-04-13 00:00:00-04:00,127.04011273465291,129.35660942683415,126.78305234113374,128.91990661621094,27928000,0.0,0.0
2022-04-14 00:00:00-04:00,129.5010341712906,129.5010341712906,125.65160981411958,125.77964782714844,31598000,0.0,0.0
2022-04-18 00:00:00-04:00,126.04762222036051,127.25102357948299,125.23575564563903,126.71904754638672,20808000,0.0,0.0
2022-04-19 00:00:00-04:00,126.73394682499422,129.355633163312,126.04713475929695,129.03407287597656,26490000,0.0,0.0
2022-04-20 00:00:00-04:00,129.91043648589024,130.41363823819555,126.54387486028567,127.07981872558594,31696000,0.0,0.0
2022-04-21 00:00:00-04:00,128.28074070309174,129.12287322992793,123.59265963521985,123.87850189208984,36446000,0.0,0.0
2022-04-22 00:00:00-04:00,124.06262339881272,124.46160921970547,118.03318293050306,118.73834991455078,56884000,0.0,0.0
2022-04-25 00:00:00-04:00,118.20784869517621,122.35302716632054,117.62227679355271,122.15105438232422,46128000,0.0,0.0
2022-04-26 00:00:00-04:00,121.37740906871237,121.59129290122091,117.62228107667312,117.76023864746094,73054000,0.0,0.0
2022-04-27 00:00:00-04:00,113.6110762978176,116.3627840575596,111.89107816216398,113.43739318847656,91820000,0.0,0.0
2022-04-28 00:00:00-04:00,115.54200349366656,118.75224503349594,113.25924819107051,117.63369750976562,48884000,0.0,0.0
2022-04-29 00:00:00-04:00,115.85909917190497,117.03571013783196,112.96099821693325,113.2537841796875,42676000,0.0,0.0
2022-05-02 00:00:00-04:00,112.55457077295934,115.87002012682098,111.75560719290151,115.708740234375,35534000,0.0,0.0
2022-05-03 00:00:00-04:00,115.55737359680728,117.55379426838414,115.16434711289088,116.4541015625,24968000,0.0,0.0
2022-05-04 00:00:00-04:00,116.15388567860602,121.93321721937868,114.2527455395523,121.34416961669922,49916000,0.0,0.0
2022-05-05 00:00:00-04:00,119.30257916034165,120.13131649355361,114.14306171660925,115.6318130493164,45840000,0.0,0.0
2022-05-06 00:00:00-04:00,114.32072750015296,116.68982830154226,113.16049515980836,114.87850952148438,39710000,0.0,0.0
2022-05-09 00:00:00-04:00,112.40073109237771,114.21403375682236,111.16060468534064,111.66727447509766,40802000,0.0,0.0
2022-05-10 00:00:00-04:00,114.64130019962774,115.37823243873659,112.05384804886181,113.53713989257812,39900000,0.0,0.0
2022-05-11 00:00:00-04:00,112.38734239433477,115.49188386833971,112.38734239433477,112.75059509277344,37534000,0.0,0.0
2022-05-12 00:00:00-04:00,110.54227785783269,113.43789516198555,109.00092247698522,111.9977798461914,53836000,0.0,0.0
2022-05-13 00:00:00-04:00,113.67411472444665,116.9910559293026,112.75307997098307,115.18023681640625,35038000,0.0,0.0
2022-05-16 00:00:00-04:00,114.09344655582711,115.29883944533803,113.03544618325748,113.58677673339844,25990000,0.0,0.0
2022-05-17 00:00:00-04:00,115.96430034993351,116.02335578859825,114.00858018939827,115.59955596923828,23054000,0.0,0.0
2022-05-18 00:00:00-04:00,114.13761512238688,114.5346170372489,110.71894166841899,111.06036376953125,35126000,0.0,0.0
2022-05-19 00:00:00-04:00,110.59586629730997,112.16252780264969,109.1750980007813,109.55622100830078,34144000,0.0,0.0
2022-05-20 00:00:00-04:00,111.11146523229964,111.34222744755039,105.00312313802856,108.0912857055664,48962000,0.0,0.0
2022-05-23 00:00:00-04:00,108.76570147382164,111.3065015318097,107.92554522357145,110.65194702148438,37184000,0.0,0.0
2022-05-24 00:00:00-04:00,104.97881024305309,105.66016266842033,101.12045838122785,105.17532348632812,76780000,0.0,0.0
2022-05-25 00:00:00-04:00,104.19820785575082,105.70135403815657,103.07767643363695,105.01156616210938,40258000,0.0,0.0
2022-05-26 00:00:00-04:00,104.88453919519786,107.83474473555886,104.43592525144707,106.98417663574219,37948000,0.0,0.0
2022-05-27 00:00:00-04:00,108.66198041267312,111.47571962495518,108.32005857394647,111.47422790527344,37914000,0.0,0.0
2022-05-31 00:00:00-04:00,111.90101730932645,114.86710916908949,111.23802733750192,112.90890502929688,50012000,0.0,0.0
2022-06-01 00:00:00-04:00,113.99370154703936,116.22335308466774,112.40073416812857,113.03791809082031,36606000,0.0,0.0
2022-06-02 00:00:00-04:00,113.14510810652334,117.01536355537438,112.09951102289412,116.74044036865234,37992000,0.0,0.0
2022-06-03 00:00:00-04:00,115.19212699520513,115.44918737427344,112.66720616867079,113.68203735351562,26136000,0.0,0.0
2022-06-06 00:00:00-04:00,115.8293229932543,118.45200851593447,115.29287939106017,115.9444580078125,33542000,0.0,0.0
2022-06-07 00:00:00-04:00,114.61450564492854,116.8084316076851,114.18922165172008,116.27098846435547,31590000,0.0,0.0
2022-06-08 00:00:00-04:00,115.88589564814693,117.68133553709298,115.72560771609342,116.31515502929688,26108000,0.0,0.0
2022-06-09 00:00:00-04:00,115.45514278415996,117.41186240268544,113.91527928024134,113.97433471679688,25798000,0.0,0.0
2022-06-10 00:00:00-04:00,111.60177178540827,112.42951723475551,109.53835989670536,110.32789611816406,41452000,0.0,0.0
2022-06-13 00:00:00-04:00,105.98569282343811,107.97565433501417,105.32320273539445,105.59465026855469,47252000,0.0,0.0
2022-06-14 00:00:00-04:00,105.73608714050434,107.11516302340985,105.0065983723719,105.91522979736328,33706000,0.0,0.0
2022-06-15 00:00:00-04:00,107.73101553417992,110.58793144263325,106.8620849971601,108.94137573242188,39698000,0.0,0.0
2022-06-16 00:00:00-04:00,106.416937075221,107.83372995527769,104.34955756910561,105.23834228515625,51684000,0.0,0.0
2022-06-17 00:00:00-04:00,105.23835019470714,107.88435809204175,104.25825247727627,106.34002685546875,51376000,0.0,0.0
2022-06-21 00:00:00-04:00,108.11262398002309,111.6459323463121,107.78559662841934,110.70751953125,47416000,0.0,0.0
2022-06-22 00:00:00-04:00,109.72743298190343,112.49650392931514,109.55473424500163,110.65145111083984,30774000,0.0,0.0
2022-06-23 00:00:00-04:00,111.38986449241077,111.89703403190568,109.67185020461025,111.40028381347656,28362000,0.0,0.0
2022-06-24 00:00:00-04:00,112.14765087738255,117.19352549247178,112.10546625400416,117.09030151367188,41164000,0.0,0.0
2022-06-27 00:00:00-04:00,117.38606391266642,117.69026114363895,114.31575650129828,114.96485900878906,36420000,0.0,0.0
2022-06-28 00:00:00-04:00,114.93409628469169,116.4297990650934,111.00925273017768,111.16755676269531,35792000,0.0,0.0
2022-06-29 00:00:00-04:00,110.71546893086192,112.31190436109492,110.04106016755956,110.86384582519531,24716000,0.0,0.0
2022-06-30 00:00:00-04:00,109.17510001051674,110.05644130249395,105.94947205566056,108.1458740234375,43170000,0.0,0.0
2022-07-01 00:00:00-04:00,107.12360200109673,108.43072706417608,105.93012023346462,107.92207336425781,35476000,0.0,0.0
2022-07-05 00:00:00-04:00,106.29734968195305,112.52677878685982,104.93861261421623,112.41363525390625,39342000,0.0,0.0
2022-07-06 00:00:00-04:00,112.45234903571333,114.72269353445351,110.6400382310177,113.71282196044922,37432000,0.0,0.0
2022-07-07 00:00:00-04:00,114.21700114130591,118.2956805304421,113.97235155645592,117.89222717285156,40936000,0.0,0.0
2022-07-08 00:00:00-04:00,116.3707244202885,118.78746156191058,116.02483478533375,118.45845031738281,38238000,0.0,0.0
2022-07-11 00:00:00-04:00,117.11312990957636,117.11312990957636,114.4656302547842,114.80903625488281,31196000,0.0,0.0
2022-07-12 00:00:00-04:00,115.34350604942867,116.0968170128208,112.8374469524844,113.16546630859375,29960000,0.0,0.0
2022-07-13 00:00:00-04:00,110.86333799664993,113.33963043551984,110.36758731712142,110.51844787597656,43722000,0.0,0.0
2022-07-14 00:00:00-04:00,109.3840355997886,110.25991744168836,107.56031347226879,109.53985595703125,37004000,0.0,0.0
2022-07-15 00:00:00-04:00,111.16060487695782,112.29205534108347,110.06835559507293,110.93927001953125,46770000,0.0,0.0
2022-07-18 00:00:00-04:00,111.7952927959853,112.82749456702116,107.55731758703521,108.21236419677734,43164600,0.0,20.0
2022-07-19 00:00:00-04:00,110.01872588429481,113.16495199528867,108.73839878398343,112.95652770996094,36530900,0.0,0.0
2022-07-20 00:00:00-04:00,112.32133126160736,114.5346117230483,111.63651075173104,113.04586029052734,35600400,0.0,0.0
2022-07-21 00:00:00-04:00,113.4230039425963,113.69098343145679,110.2767778430608,113.48255157470703,32676200,0.0,0.0
2022-07-22 00:00:00-04:00,110.16760216901068,111.4975497677554,105.70134802702376,107.09085083007812,48901200,0.0,0.0
2022-07-25 00:00:00-04:00,107.59702581978459,109.04607621995325,105.50284832248128,106.70377349853516,34690900,0.0,0.0
2022-07-26 00:00:00-04:00,105.80059805632132,106.39609710232087,103.28957190469941,104.2324447631836,47991000,0.0,0.0
2022-07-27 00:00:00-04:00,108.44065902823431,113.05579009257278,107.20003280514234,112.212158203125,59858500,0.0,0.0
2022-07-28 00:00:00-04:00,111.52733903733414,113.48255962814197,110.62415950126018,113.36346435546875,32816600,0.0,0.0
2022-07-29 00:00:00-04:00,112.23200722978598,115.83478288766385,112.21215297072065,115.44770812988281,37223400,0.0,0.0
2022-08-01 00:00:00-04:00,114.4353523994771,115.84470180597212,113.48254490858795,113.99864959716797,26034300,0.0,0.0
2022-08-02 00:00:00-04:00,113.14510872831781,115.4774844552109,112.86720967281481,114.26663208007812,20236000,0.0,0.0
2022-08-03 00:00:00-04:00,114.84227401160379,117.73045515915321,114.61400305341066,117.19450378417969,28499000,0.0,0.0
2022-08-04 00:00:00-04:00,116.59902087697859,117.88926763439125,116.01344134911656,117.30369567871094,21602900,0.0,0.0
2022-08-05 00:00:00-04:00,115.35838182662235,117.22428077464862,115.1301032900635,116.58908081054688,19159500,0.0,0.0
2022-08-08 00:00:00-04:00,117.50218677995531,119.24899057090587,116.00350822632574,116.42036437988281,19138300,0.0,0.0
2022-08-09 00:00:00-04:00,116.26156397159279,116.44021445054224,114.84228726998916,115.75538635253906,19086500,0.0,0.0
2022-08-10 00:00:00-04:00,117.88925390839957,120.01320519651877,117.52203342714638,118.80235290527344,30930400,0.0,0.0
2022-08-11 00:00:00-04:00,120.37051145245026,120.57893573886966,117.67090771413612,117.94880676269531,24293700,0.0,0.0
2022-08-12 00:00:00-04:00,119.35816754426888,120.76751708984375,118.56416374756623,120.76751708984375,19096300,0.0,0.0
2022-08-15 00:00:00-04:00,120.22164736866324,121.38287933181624,119.70555016340342,121.1645278930664,19494800,0.0,0.0
2022-08-16 00:00:00-04:00,120.60870305515347,121.51188248647642,119.73530501072639,120.787353515625,19041200,0.0,0.0
2022-08-17 00:00:00-04:00,119.21920571560993,120.38042990143228,118.48474962917167,118.65348052978516,22847000,0.0,0.0
2022-08-18 00:00:00-04:00,118.53438839458119,119.91396410503756,117.82971363092356,119.26883697509766,17987700,0.0,0.0
2022-08-19 00:00:00-04:00,118.16715698490374,118.25648600514175,115.8844094146696,116.3310317993164,21809500,0.0,0.0
2022-08-22 00:00:00-04:00,114.33610843081347,114.76288414973949,112.99623363908157,113.38330841064453,21456600,0.0,0.0
2022-08-23 00:00:00-04:00,112.62900929255083,114.14753450962371,112.57938121699137,113.00615692138672,15870400,0.0,0.0
2022-08-24 00:00:00-04:00,112.64884764537656,113.91924753502663,112.02357482936523,112.8374252319336,17734600,0.0,0.0
2022-08-25 00:00:00-04:00,113.38330709839337,115.84471280114529,113.2542847000928,115.77523803710938,16956800,0.0,0.0
2022-08-26 00:00:00-04:00,113.85971726032743,114.25671917939691,109.36368888940646,109.51255798339844,37245700,0.0,0.0
2022-08-29 00:00:00-04:00,109.16518204997358,110.11798209415639,107.98411101792682,108.59945678710938,21191200,0.0,0.0
2022-08-30 00:00:00-04:00,109.34383413206885,109.67136128172704,106.99161159149872,108.12306213378906,27513300,0.0,0.0
2022-08-31 00:00:00-04:00,109.82022472533541,110.01872187397939,107.31911824820861,107.408447265625,28627000,0.0,0.0
2022-09-01 00:00:00-04:00,107.46799520192643,109.62172031679033,106.55489620007366,108.91704559326172,28360900,0.0,0.0
2022-09-02 00:00:00-04:00,109.76067199157715,109.90954864249888,106.4556497164562,107.04122161865234,24160700,0.0,0.0
2022-09-06 00:00:00-04:00,106.49535649820784,107.21987796172488,104.98675079205103,106.00902557373047,25068300,0.0,0.0
2022-09-07 00:00:00-04:00,106.25715746657008,109.1552662186059,106.09836123987576,108.62923431396484,23167000,0.0,0.0
2022-09-08 00:00:00-04:00,107.22979880995165,108.77809780045992,106.35640073851793,107.56724548339844,24238300,0.0,0.0
2022-09-09 00:00:00-04:00,108.25206778151146,110.1576676027876,108.20243970996736,109.82022094726562,23197700,0.0,0.0
2022-09-12 00:00:00-04:00,110.15768604181248,110.78296653033767,109.10563738416695,110.0286636352539,22966800,0.0,0.0
2022-09-13 00:00:00-04:00,106.99161129456695,107.48786179672693,103.30942590501988,103.53770446777344,38172900,0.0,0.0
2022-09-14 00:00:00-04:00,103.78581739454697,104.49049211527398,102.88264552539968,104.21259307861328,26395100,0.0,0.0
2022-09-15 00:00:00-04:00,103.2498713506553,104.48057039335076,101.5824694722177,102.13827514648438,34188300,0.0,0.0
2022-09-16 00:00:00-04:00,101.30456950094974,102.35661806239246,100.18304617737745,102.02909851074219,42797200,0.0,0.0
2022-09-19 00:00:00-04:00,100.98696487184549,102.55511808472187,100.78846772406554,102.29706573486328,23036800,0.0,0.0
2022-09-20 00:00:00-04:00,101.31449934165514,101.60232552737466,99.76619270219214,100.38154602050781,26517100,0.0,0.0
2022-09-21 00:00:00-04:00,100.90757639319294,102.10850171286519,98.52557244239148,98.5354995727539,31487300,0.0,0.0
2022-09-22 00:00:00-04:00,98.07894474855821,100.48079525894666,98.0491709312513,99.38904571533203,34298600,0.0,0.0
2022-09-23 00:00:00-04:00,98.88286748104298,98.9126488703435,96.73906935446827,97.99954223632812,31625400,0.0,0.0
2022-09-26 00:00:00-04:00,97.36434023985667,99.13099069316641,97.06659450257123,97.4338150024414,27072700,0.0,0.0
2022-09-27 00:00:00-04:00,98.6843639996458,99.25008920522836,96.14356413908983,96.76883697509766,30072800,0.0,0.0
2022-09-28 00:00:00-04:00,96.91772447156976,99.94484798785372,96.38177302120951,99.29972839355469,32466300,0.0,0.0
2022-09-29 00:00:00-04:00,97.90029020087542,97.90029020087542,95.24038743081641,96.68943786621094,31047200,0.0,0.0
2022-09-30 00:00:00-04:00,96.32221919924832,98.15834442273268,94.84338734754718,94.9327163696289,32941500,0.0,0.0
2022-10-03 00:00:00-04:00,96.03439989846684,98.54542624354227,95.79619420397032,97.90029907226562,27982000,0.0,0.0
2022-10-04 00:00:00-04:00,99.68679428970093,101.07628951245434,99.62723908573932,100.87779235839844,28850800,0.0,0.0
2022-10-05 00:00:00-04:00,99.0813725388771,101.16562303801653,98.05909776281518,100.66937255859375,22176900,0.0,0.0
2022-10-06 00:00:00-04:00,99.92500569130712,102.15813304653105,99.83567665956349,100.65945434570312,22324000,0.0,0.0
2022-10-07 00:00:00-04:00,99.10122683508853,99.77612784180832,97.56285477407359,97.94000244140625,27502800,0.0,0.0
2022-10-10 00:00:00-04:00,98.25758717787716,98.35683575149946,96.28251254572439,97.12613677978516,18225100,0.0,0.0
2022-10-11 00:00:00-04:00,96.69936577168872,98.50571715876575,95.5877620057255,96.45124053955078,26507100,0.0,0.0
2022-10-12 00:00:00-04:00,96.57033961999998,98.00946288154012,96.0145339725508,96.82838439941406,21876400,0.0,0.0
2022-10-13 00:00:00-04:00,94.43647867030654,99.03175591522664,93.67224860318957,98.31715393066406,34574500,0.0,0.0
2022-10-14 00:00:00-04:00,99.24016247039046,99.93491764089593,95.64731407308213,95.83588409423828,25410700,0.0,0.0
2022-10-17 00:00:00-04:00,98.11863744507288,100.17311396048777,98.08886363026959,99.2203140258789,28419200,0.0,0.0
2022-10-18 00:00:00-04:00,102.35662329095497,102.69407756152302,99.22032413323551,100.01432037353516,24060700,0.0,0.0
2022-10-19 00:00:00-04:00,99.26001345058543,100.26243387046496,98.17818357214449,98.88285827636719,23811100,0.0,0.0
2022-10-20 00:00:00-04:00,99.25008784068218,101.55268957569878,98.64466169907956,99.2203140258789,25323200,0.0,0.0
2022-10-21 00:00:00-04:00,97.11621821439542,100.55027065536837,96.98719581452741,100.37162017822266,32458700,0.0,0.0
2022-10-24 00:00:00-04:00,101.03659588940504,101.97946872710929,99.23024453211379,101.75119018554688,27176400,0.0,0.0
2022-10-25 00:00:00-04:00,102.12835687976337,104.03395702843999,101.94970639256357,103.6965103149414,40611400,0.0,0.0
2022-10-26 00:00:00-04:00,95.7068759553299,97.57277519166514,93.97992625935036,94.21812438964844,88114100,0.0,0.0
2022-10-27 00:00:00-04:00,93.81119011334766,94.71436964764622,91.11159378491239,91.5284423828125,60710900,0.0,0.0
2022-10-28 00:00:00-04:00,91.57805883215646,95.82596923593994,91.43910930567836,95.56791687011719,43697300,0.0,0.0
2022-10-31 00:00:00-04:00,94.70444918636021,95.30987543783009,93.27525281117971,93.80127716064453,31675000,0.0,0.0
2022-11-01 00:00:00-04:00,94.7342155851969,95.30986797136448,89.692316357766,89.79156494140625,47161400,0.0,0.0
2022-11-02 00:00:00-04:00,90.25803211992569,90.4962302100432,86.22847341279218,86.31780242919922,57038300,0.0,0.0
2022-11-03 00:00:00-04:00,85.67269463829284,85.87119182939479,82.7150380289061,82.80436706542969,61288000,0.0,0.0
2022-11-04 00:00:00-04:00,84.75958132144375,85.99028036002329,83.08225231902676,85.93073272705078,51124900,0.0,0.0
2022-11-07 00:00:00-05:00,86.62548312568902,88.23333741705386,86.19870740729978,87.82640838623047,34078900,0.0,0.0
2022-11-08 00:00:00-05:00,88.23334503173828,89.64269470816676,86.93316350461546,88.23334503173828,30429000,0.0,0.0
2022-11-09 00:00:00-05:00,87.7867073862383,88.76928879424014,86.62548307370679,86.6651840209961,31769100,0.0,0.0
2022-11-10 00:00:00-05:00,91.55821325740865,93.68216469901468,90.92301325088243,93.23554229736328,51620100,0.0,0.0
2022-11-11 00:00:00-05:00,93.97992401150627,96.20312417620435,93.21569398564695,95.68702697753906,33090500,0.0,0.0
2022-11-14 00:00:00-05:00,94.37691934673201,96.06417564173266,93.80127450395435,94.98234558105469,30179500,0.0,0.0
2022-11-15 00:00:00-05:00,97.52314700864059,99.38904609814732,95.98476748295278,97.70179748535156,41640800,0.0,0.0
2022-11-16 00:00:00-05:00,97.16583842815655,98.89278785268415,96.90778607712295,98.10871124267578,29105200,0.0,0.0
2022-11-17 00:00:00-05:00,96.24280755741175,98.53548207211892,96.06415710352675,97.62238311767578,26052600,0.0,0.0
2022-11-18 00:00:00-05:00,98.02931128973258,98.15834125388724,95.64731516977584,96.6993637084961,28342300,0.0,0.0
2022-11-21 00:00:00-05:00,96.56042391310625,97.66210063703203,94.64489666604612,94.88309478759766,21647400,0.0,0.0
2022-11-22 00:00:00-05:00,95.23046275016921,96.49094319214763,93.34471701030947,96.32221984863281,23438500,0.0,0.0
2022-11-23 00:00:00-05:00,96.36192757465177,98.01941015636724,96.36192757465177,97.7216567993164,18868100,0.0,0.0
2022-11-25 00:00:00-05:00,97.5032907612572,97.90029265387534,96.66959360172228,96.72914123535156,9701400,0.0,0.0
2022-11-28 00:00:00-05:00,96.31229336649913,96.84824478966246,94.8930167011355,95.32971954345703,26237500,0.0,0.0
2022-11-29 00:00:00-05:00,95.01211718133456,95.39919193752951,93.40426295178399,94.47616577148438,20061700,0.0,0.0
2022-11-30 00:00:00-05:00,94.10893714279987,100.28229409060886,93.71193525947234,100.232666015625,43647500,0.0,0.0
2022-12-01 00:00:00-05:00,100.26243983174288,101.48321929784336,99.49821745338677,100.232666015625,28687100,0.0,0.0
2022-12-02 00:00:00-05:00,98.30722237745412,100.01431765518183,98.15834572013763,99.68679809570312,21480700,0.0,0.0
2022-12-05 00:00:00-05:00,98.654591640414,100.6197391952586,98.25758976329782,98.73399353027344,24405100,0.0,0.0
2022-12-06 00:00:00-05:00,98.55534850991971,99.03174473103793,95.69694089448478,96.25274658203125,24910700,0.0,0.0
2022-12-07 00:00:00-05:00,95.68700471532999,96.15347372559303,94.00967595859107,94.22802734375,31045400,0.0,0.0
2022-12-08 00:00:00-05:00,94.66473795397769,94.8632426874311,92.74921081619499,93.00726318359375,32213300,0.0,0.0
2022-12-09 00:00:00-05:00,93.06680339726276,93.55313427631214,92.05445584000017,92.13385772705078,28225400,0.0,0.0
2022-12-12 00:00:00-05:00,92.0147685423292,92.85839289385488,90.92301893610878,92.61026763916016,29420000,0.0,0.0
2022-12-13 00:00:00-05:00,97.0268965895578,98.78361996821883,94.3173656196912,94.9128646850586,40593700,0.0,0.0
2022-12-14 00:00:00-05:00,94.48609332844649,96.14357577360637,92.89809322343211,94.35707092285156,28733600,0.0,0.0
2022-12-15 00:00:00-05:00,92.43160059134897,92.93777814044215,89.33500281379186,90.17862701416016,40107000,0.0,0.0
2022-12-16 00:00:00-05:00,90.07938798524047,90.64511322161134,88.84868136014701,89.58313751220703,58011800,0.0,0.0
2022-12-19 00:00:00-05:00,89.5831382377842,89.88088398070708,87.54850825299513,87.77678680419922,29493000,0.0,0.0
2022-12-20 00:00:00-05:00,87.44926786505202,88.5112436825532,86.78429398082407,88.3524398803711,23453800,0.0,0.0
2022-12-21 00:00:00-05:00,88.41198318586204,89.54343362140024,87.6576803714429,88.90823364257812,24745600,0.0,0.0
2022-12-22 00:00:00-05:00,87.49886948901197,87.87601704688227,85.67266417702258,87.10186767578125,27658300,0.0,0.0
2022-12-23 00:00:00-05:00,86.45674757331894,88.87845201226797,86.41704663161055,88.56085205078125,23003000,0.0,0.0
2022-12-27 00:00:00-05:00,88.13408725969353,88.27303678671537,86.35750965313572,86.73465728759766,20097300,0.0,0.0
2022-12-28 00:00:00-05:00,86.32772351479028,87.37977194699282,85.29552176696617,85.37491607666016,19523200,0.0,0.0
2022-12-29 00:00:00-05:00,85.97043405375527,88.18370690708726,85.96050692415548,87.78670501708984,23333500,0.0,0.0
2022-12-30 00:00:00-05:00,86.32774074812349,87.63784177185843,85.92081170141935,87.56836700439453,23986300,0.0,0.0
2023-01-03 00:00:00-05:00,88.91815977701387,90.36721788133093,87.8561840239744,88.45169067382812,28131200,0.0,0.0
2023-01-04 00:00:00-05:00,89.67246086306939,89.97021418207204,86.61555606707714,87.41948699951172,34854800,0.0,0.0
2023-01-05 00:00:00-05:00,86.81405397793031,86.9133025524005,85.25582788498791,85.55357360839844,27194400,0.0,0.0
2023-01-06 00:00:00-05:00,86.13915710492884,87.03240946135887,84.2236299964327,86.68502807617188,41381500,0.0,0.0
2023-01-09 00:00:00-05:00,87.69737855387638,89.37470746783313,87.20112811279385,87.35992431640625,29003900,0.0,0.0
2023-01-10 00:00:00-05:00,85.33524528849543,88.00506801640171,85.18636861363201,87.75694274902344,30467800,0.0,0.0
2023-01-11 00:00:00-05:00,88.51123815802363,90.91308872474838,88.34251480787275,90.83368682861328,26862000,0.0,0.0
2023-01-12 00:00:00-05:00,90.79398323111313,91.18105796596775,89.07695338835796,90.44660186767578,30258100,0.0,0.0
2023-01-13 00:00:00-05:00,90.1687035996184,91.49865871880165,89.45410175315347,91.42918395996094,26329200,0.0,0.0
2023-01-17 00:00:00-05:00,91.36963007309137,91.5582076664508,89.37470872387392,90.60540771484375,32602400,0.0,0.0
2023-01-18 00:00:00-05:00,91.44903122894499,92.10408544977494,89.96027989671057,90.43668365478516,29116700,0.0,0.0
2023-01-19 00:00:00-05:00,90.03967466527436,92.908001399461,89.95034565486988,92.35220336914062,37000400,0.0,0.0
2023-01-20 00:00:00-05:00,94.38682678144963,97.56283395931972,94.3074248982623,97.28492736816406,63191100,0.0,0.0
2023-01-23 00:00:00-05:00,97.21547353686756,99.28980464155275,96.768851099129,99.04167938232422,40005100,0.0,0.0
2023-01-24 00:00:00-05:00,97.36432513017492,98.86300343013419,96.47107291257734,96.96732330322266,33078500,0.0,0.0
2023-01-25 00:00:00-05:00,94.85330946494906,95.4388889257961,93.05688528262908,94.50593566894531,42330000,0.0,0.0
2023-01-26 00:00:00-05:00,95.7763485788492,96.83832436901237,94.66474470873614,96.7886962890625,30114000,0.0,0.0
2023-01-27 00:00:00-05:00,96.58025989693051,99.56768971813064,96.58025989693051,98.62481689453125,33879800,0.0,0.0
2023-01-30 00:00:00-05:00,96.74900229918671,97.55292569844815,95.67709938538358,96.21305084228516,27226200,0.0,0.0
2023-01-31 00:00:00-05:00,96.1435649864473,98.13848634508432,96.09393691253494,98.09878540039062,29870700,0.0,0.0
2023-02-01 00:00:00-05:00,97.96975438399815,100.43115973303837,96.84823119081878,99.6768569946289,35531100,0.0,0.0
2023-02-02 00:00:00-05:00,105.00659838352416,107.04122068782463,104.81802078918444,106.93204498291016,69883800,0.0,0.0
2023-02-03 00:00:00-05:00,102.15812220922525,107.001524077653,101.81074839414418,103.99424743652344,65309300,0.0,0.0
2023-02-06 00:00:00-05:00,101.6320988290303,103.57739978303069,101.11599409443309,102.12834930419922,31999600,0.0,0.0
2023-02-07 00:00:00-05:00,102.44595674643955,107.36876090901447,102.34670815863325,106.83280944824219,49010200,0.0,0.0
2023-02-08 00:00:00-05:00,101.28471960228619,102.36654194573852,97.30478888374736,98.62481689453125,94743500,0.0,0.0
2023-02-09 00:00:00-05:00,99.25009341009356,99.27986722656759,92.92785973388537,94.29751586914062,119455000,0.0,0.0
2023-02-10 00:00:00-05:00,94.7342150880715,96.02446938516859,93.54321694627534,93.8608169555664,54980700,0.0,0.0
2023-02-13 00:00:00-05:00,94.0295427288713,94.48609228073913,93.13629031339872,93.90052032470703,50076100,0.0,0.0
2023-02-14 00:00:00-05:00,93.7218607357337,94.13870929839328,91.56813558981159,93.96998596191406,54726100,0.0,0.0
2023-02-15 00:00:00-05:00,93.78141881159203,96.39170132791901,93.44397210105132,96.21305084228516,50169000,0.0,0.0
2023-02-16 00:00:00-05:00,94.65481268808418,96.94748732289182,94.02953228064146,94.79376220703125,42462600,0.0,0.0
2023-02-17 00:00:00-05:00,94.13870649225572,94.84338120494091,92.51100566280641,93.6424560546875,34284100,0.0,0.0
2023-02-21 00:00:00-05:00,92.30258690415565,92.40183548316473,91.03218691960443,91.1016616821289,33629300,0.0,0.0
2023-02-22 00:00:00-05:00,91.01233565397179,91.41926468512888,89.93051323448256,90.96271514892578,30884000,0.0,0.0
2023-02-23 00:00:00-05:00,91.23067923772057,91.2505334957778,89.08688127056686,90.20840454101562,41206400,0.0,0.0
2023-02-24 00:00:00-05:00,88.76928933704684,89.21591174546491,87.91573789556128,88.46160888671875,36585100,0.0,0.0
2023-02-27 00:00:00-05:00,89.1960678100586,89.48389400941119,88.67003591816348,89.1960678100586,27502300,0.0,0.0
2023-02-28 00:00:00-05:00,88.66012201714169,90.54587555642594,88.65019488627358,89.3846435546875,30142000,0.0,0.0
2023-03-01 00:00:00-05:00,89.30524066283623,90.34736213861636,88.99756021287892,89.68238830566406,31111200,0.0,0.0
2023-03-02 00:00:00-05:00,88.98763304410512,91.58798051837316,88.91815071281441,91.3100814819336,32204400,0.0,0.0
2023-03-03 00:00:00-05:00,91.78649146163595,93.02711765283779,91.75671007241478,92.94771575927734,35160100,0.0,0.0
2023-03-06 00:00:00-05:00,93.31493408001563,95.25031543626798,93.29508739318105,94.41661071777344,32639300,0.0,0.0
2023-03-07 00:00:00-05:00,94.26774701922037,94.95256755074698,92.8286160456438,93.15614318847656,27835500,0.0,0.0
2023-03-08 00:00:00-05:00,93.41419811425322,95.24039634439998,93.29509526665078,93.54322052001953,34103300,0.0,0.0
2023-03-09 00:00:00-05:00,93.34471548738784,94.81361262324073,91.21083697363413,91.627685546875,28813500,0.0,0.0
2023-03-10 00:00:00-05:00,91.47880785314275,92.09416114868083,89.72208455892081,89.95035552978516,35941000,0.0,0.0
2023-03-13 00:00:00-04:00,89.414395107772,91.87580046951466,88.74942137667236,90.42675018310547,37335600,0.0,0.0
2023-03-14 00:00:00-04:00,91.86588227001643,93.65238694590275,91.74678700641138,93.26531219482422,36050200,0.0,0.0
2023-03-15 00:00:00-04:00,92.52094722629985,96.20312513886442,91.94529481158769,95.38927459716797,50622100,0.0,0.0
2023-03-16 00:00:00-04:00,95.47858895236912,100.43117417550806,94.78384131193948,99.56769561767578,65492000,0.0,0.0
2023-03-17 00:00:00-04:00,99.50815394560844,102.06880081103279,99.34935014846303,100.85795593261719,61028500,0.0,0.0
2023-03-20 00:00:00-04:00,99.3691880767035,100.98696174026774,99.12106286358244,100.4609375,32960400,0.0,0.0
2023-03-21 00:00:00-04:00,100.4907247990376,104.31185207942887,100.46095098101657,104.1332015991211,42110300,0.0,0.0
2023-03-22 00:00:00-04:00,103.48806284447173,105.79066457024909,102.55511717159571,102.59481811523438,43427400,0.0,0.0
2023-03-23 00:00:00-04:00,104.27213883225404,105.50284536129094,103.67663982552884,104.80809020996094,40797800,0.0,0.0
2023-03-24 00:00:00-04:00,104.20266966344676,104.69892012436522,103.06129208889809,104.64929962158203,30393300,0.0,0.0
2023-03-27 00:00:00-04:00,103.83544837056961,103.97439789278444,101.16561848824847,101.69164276123047,31120900,0.0,0.0
2023-03-28 00:00:00-04:00,101.67179161770622,101.68171117444312,98.99203472350514,100.2723617553711,32057900,0.0,0.0
2023-03-29 00:00:00-04:00,101.5129867194246,101.72141099130168,99.89521304408497,100.6296615600586,28779600,0.0,0.0
2023-03-30 00:00:00-04:00,100.15327711150191,100.40140235547389,99.03174616255232,100.1334228515625,33086200,0.0,0.0
2023-03-31 00:00:00-04:00,100.54034796899097,103.11092176173695,100.28229560510373,102.9521255493164,36863400,0.0,0.0
2023-04-03 00:00:00-04:00,101.62217960116656,103.74613119426743,101.16563003717293,103.57740783691406,25035400,0.0,0.0
2023-04-04 00:00:00-04:00,103.54762525002644,104.78825142936967,103.25979906775706,103.93470001220703,24420100,0.0,0.0
2023-04-05 00:00:00-04:00,104.98675068203352,105.30435068738927,102.88265348611964,103.68657684326172,28290500,0.0,0.0
2023-04-06 00:00:00-04:00,104.47064244892897,108.35131686675595,103.54761634796358,107.60694122314453,48711500,0.0,0.0
2023-04-10 00:00:00-04:00,106.17775899818363,106.78317763428655,104.33170655524751,105.64180755615234,27067400,0.0,0.0
2023-04-11 00:00:00-04:00,105.75097264997711,105.9296231127123,103.89499326334945,104.55996704101562,26311800,0.0,0.0
2023-04-12 00:00:00-04:00,105.78074743753035,105.94947077272556,103.5575399759029,103.85529327392578,24370300,0.0,0.0
2023-04-13 00:00:00-04:00,105.04628646912033,106.68391438823537,105.04628646912033,106.6243667602539,24843600,0.0,0.0
2023-04-14 00:00:00-04:00,106.08842602348172,108.12305600146057,106.03879794707,108.05358123779297,26578000,0.0,0.0
2023-04-17 00:00:00-04:00,103.8751497069163,105.36390108383588,103.73619261199721,105.17532348632812,37571200,0.0,0.0
2023-04-18 00:00:00-04:00,105.69141368807013,105.74104175957935,103.28956344176271,103.71633911132812,26596400,0.0,0.0
2023-04-19 00:00:00-04:00,102.8032512436726,104.19275410196762,102.29707363391327,103.39875030517578,20905700,0.0,0.0
2023-04-20 00:00:00-04:00,103.13077864388401,105.45322726139375,103.09107769672384,104.50042724609375,27820800,0.0,0.0
2023-04-21 00:00:00-04:00,104.67906972482673,105.20509398319376,103.99424168995147,104.61952209472656,25800100,0.0,0.0
2023-04-24 00:00:00-04:00,104.69891971395418,105.83037015463859,103.9148430801148,105.17532348632812,23542800,0.0,0.0
2023-04-25 00:00:00-04:00,105.03637557743666,105.88992698575956,103.06129326840653,103.07122039794922,46664100,0.0,0.0
2023-04-26 00:00:00-04:00,104.13319912015552,105.55247579876328,101.86037100841686,102.9322738647461,53347600,0.0,0.0
2023-04-27 00:00:00-04:00,103.6667276651916,107.55733738673939,102.76355568188747,106.7831802368164,50089200,0.0,0.0
2023-04-28 00:00:00-04:00,106.23730369371071,106.54497656828984,104.3019222779164,106.53504943847656,36139800,0.0,0.0
2023-05-01 00:00:00-04:00,106.03879433997653,107.18017190898796,106.01894765339576,106.3960952758789,26681700,0.0,0.0
2023-05-02 00:00:00-04:00,106.33654076337154,106.39608839144185,102.93226253537539,104.53018951416016,30997200,0.0,0.0
2023-05-03 00:00:00-04:00,104.7386173549269,106.68391818406765,104.17289215243281,104.61952209472656,21795400,0.0,0.0
2023-05-04 00:00:00-04:00,104.69892635616654,104.80810206984134,103.1903281969406,103.9049301147461,23419500,0.0,0.0
2023-05-05 00:00:00-04:00,104.03395220841355,105.08600082196858,103.32927742271336,104.77832794189453,26639300,0.0,0.0
2023-05-08 00:00:00-04:00,104.3912487209223,107.15040011064862,104.37140203396783,106.96182250976562,26511400,0.0,0.0
2023-05-09 00:00:00-04:00,107.57717717560891,109.32398096474886,106.38617906657517,106.54497528076172,36360100,0.0,0.0
2023-05-10 00:00:00-04:00,107.1603273461475,112.09305821305404,107.12062640001808,110.91197967529297,63153400,0.0,0.0
2023-05-11 00:00:00-04:00,114.53460704620213,117.03570601894897,113.55203326107099,115.69583129882812,78900000,0.0,0.0
2023-05-12 00:00:00-04:00,115.805021757191,117.1448966479938,115.23929646675506,116.62879943847656,41102300,0.0,0.0
2023-05-15 00:00:00-04:00,115.23928959676992,117.59151964950284,115.14004101303124,115.63629150390625,36266800,0.0,0.0
2023-05-16 00:00:00-04:00,115.6164352654177,119.84449149553303,115.55688763062979,118.6137924194336,45035600,0.0,0.0
2023-05-17 00:00:00-04:00,118.71304303528596,120.7575926346341,117.99844111686251,119.9338150024414,33323600,0.0,0.0
2023-05-18 00:00:00-04:00,120.04298319548356,122.38528597148938,119.92388793132871,121.90888977050781,35234200,0.0,0.0
2023-05-19 00:00:00-04:00,122.6234854701716,125.0253357573237,121.23398273827031,121.83940887451172,41353400,0.0,0.0
2023-05-22 00:00:00-04:00,122.01807359628725,125.48189991592048,121.81956885585257,124.11225128173828,35253000,0.0,0.0
2023-05-23 00:00:00-04:00,123.22892250659226,123.6953915959423,121.29354109633519,121.64091491699219,34046300,0.0,0.0
2023-05-24 00:00:00-04:00,120.21172148341005,120.99579816666204,118.96116812777687,119.99337005615234,34182600,0.0,0.0
2023-05-25 00:00:00-04:00,123.58621809330694,124.38022190229562,121.0454180200336,122.55402374267578,42317000,0.0,0.0
2023-05-26 00:00:00-04:00,122.24634848019274,124.32067954382788,121.53174653620708,123.67555236816406,35635900,0.0,0.0
2023-05-30 00:00:00-04:00,124.69781220896813,124.71766646734785,121.08510954631166,122.74258422851562,35076700,0.0,0.0
2023-05-31 00:00:00-04:00,121.82949792288854,123.12967181163546,121.58137267253642,121.94860076904297,37325800,0.0,0.0
2023-06-01 00:00:00-04:00,121.89896868299529,123.4869687186112,121.70047151811134,122.79222106933594,30772700,0.0,0.0
2023-06-02 00:00:00-04:00,123.060191211232,125.20399690730267,122.8319202321501,123.73509216308594,26980100,0.0,0.0
2023-06-05 00:00:00-04:00,123.0800387874398,126.47439004972225,122.91130787950246,125.0650405883789,32305500,0.0,0.0
2023-06-06 00:00:00-04:00,125.06504658476162,127.32793996259925,124.41991945408888,126.35529327392578,26638300,0.0,0.0
2023-06-07 00:00:00-04:00,126.01785589929821,128.0723251385367,121.20422745992201,121.58137512207031,52539000,0.0,0.0
2023-06-08 00:00:00-04:00,121.31340434770507,122.30590537867901,120.33082287506987,121.22407531738281,29389200,0.0,0.0
2023-06-09 00:00:00-04:00,121.3332316954614,122.83191013354642,120.99578503336821,121.31338500976562,23778300,0.0,0.0
2023-06-12 00:00:00-04:00,121.86919763226754,123.11975100153568,120.74767423806664,122.71282196044922,28306400,0.0,0.0
2023-06-13 00:00:00-04:00,124.04276764194177,124.22141810946202,122.25626296673931,122.9013900756836,22278300,0.0,0.0
2023-06-14 00:00:00-04:00,122.17685901958812,123.11973941592123,120.53923102358297,122.74258422851562,30592300,0.0,0.0
2023-06-15 00:00:00-04:00,122.21657309153177,124.51917511914434,121.48212446839356,124.15194702148438,35246300,0.0,0.0
2023-06-16 00:00:00-04:00,124.98564142278578,125.1642918916508,122.35551246478781,122.6036376953125,45535600,0.0,0.0
2023-06-20 00:00:00-04:00,122.00814128096077,123.63584222244113,121.22406462697502,122.17686462402344,26097500,0.0,0.0
2023-06-21 00:00:00-04:00,121.48211364469854,121.74016600309444,119.19935850880321,119.64598846435547,30306300,0.0,0.0
2023-06-22 00:00:00-04:00,119.10011432011007,122.31581528654226,117.93889002281252,122.22649383544922,26952200,0.0,0.0
2023-06-23 00:00:00-04:00,120.4697692190949,121.86919927030634,120.15216920049242,121.42256927490234,34913600,0.0,0.0
2023-06-26 00:00:00-04:00,119.85441072671466,121.08510972170825,117.38307803534231,117.45255279541016,33969900,0.0,0.0
2023-06-27 00:00:00-04:00,116.20202354172285,118.18702562106004,115.22936919108754,117.4426498413086,39535900,0.0,0.0
2023-06-28 00:00:00-04:00,116.21193098693968,119.48718710532653,115.97373288245846,119.27876281738281,27091400,0.0,0.0
2023-06-29 00:00:00-04:00,118.34581293262964,119.15966342094775,117.41286717472148,118.20686340332031,24090900,0.0,0.0
2023-06-30 00:00:00-04:00,119.26882953277098,120.17200897276508,118.79243334839367,118.80235290527344,29532200,0.0,0.0
2023-07-03 00:00:00-04:00,118.34580787808842,119.28868829776731,117.928959307964,119.00086212158203,14467900,0.0,0.0
2023-07-05 00:00:00-04:00,118.34581833015085,121.69054946034393,118.33589877202023,120.83699798583984,27584800,0.0,0.0
2023-07-06 00:00:00-04:00,118.90162428949438,119.39787479559047,117.51212135798899,119.20929718017578,24745200,0.0,0.0
2023-07-07 00:00:00-04:00,119.1993606252883,120.14224105563065,118.50461300055707,118.58401489257812,21709500,0.0,0.0
2023-07-10 00:00:00-04:00,117.41286157602863,117.42278113323385,115.26905595945563,115.57672882080078,35315200,0.0,0.0
2023-07-11 00:00:00-04:00,115.41793425521223,116.82728376089246,114.48498095632307,116.26155853271484,23078800,0.0,0.0
2023-07-12 00:00:00-04:00,117.90910932353661,119.4276344809341,117.52203458036395,118.03813171386719,30404400,0.0,0.0
2023-07-13 00:00:00-04:00,120.02313496341503,123.89389001441005,119.54673119638662,123.60606384277344,44297900,0.0,0.0
2023-07-14 00:00:00-04:00,123.86412354678572,125.82927121842717,122.56394213265052,124.4794692993164,33283100,0.0,0.0
2023-07-17 00:00:00-04:00,124.99557527494002,126.14687246896142,123.26861812563564,123.71524810791016,25716200,0.0,0.0
2023-07-18 00:00:00-04:00,123.66562163404387,123.7450235304355,122.03792061892348,122.83192443847656,26193600,0.0,0.0
2023-07-19 00:00:00-04:00,123.66560263883552,124.24125494098145,120.88660484162084,121.11487579345703,37224000,0.0,0.0
2023-07-20 00:00:00-04:00,120.50947536304146,123.15945134238697,117.333475040101,118.30612182617188,37906800,0.0,0.0
2023-07-21 00:00:00-04:00,119.71546357937767,120.08268407322286,117.83963744818556,119.11995697021484,72937900,0.0,0.0
2023-07-24 00:00:00-04:00,120.74767468990552,122.07762238859752,120.07277371039838,120.61864471435547,29686100,0.0,0.0
2023-07-25 00:00:00-04:00,120.4499090798837,122.22648658848489,120.1124548384505,121.29353332519531,52509600,0.0,0.0
2023-07-26 00:00:00-04:00,129.09460190925336,129.99776623656712,127.35772529958219,128.30059814453125,61682100,0.0,0.0
2023-07-27 00:00:00-04:00,130.68257697710973,132.24081048402138,127.82416986063298,128.42959594726562,44952100,0.0,0.0
2023-07-28 00:00:00-04:00,129.799265024623,132.73707431896543,129.59084831881933,131.5857696533203,36591200,0.0,0.0
2023-07-31 00:00:00-04:00,131.7346357432163,132.52863946512642,130.7917629491062,131.72471618652344,28055500,0.0,0.0
2023-08-01 00:00:00-04:00,129.79926191480814,131.6353945728261,129.7000057705623,130.56349182128906,23166800,0.0,0.0
2023-08-02 00:00:00-04:00,128.47924259709205,129.11444258769157,126.60341644169951,127.41727447509766,26273300,0.0,0.0
2023-08-03 00:00:00-04:00,127.01033631036397,128.4196857147357,126.46445780829997,127.48673248291016,20089500,0.0,0.0
2023-08-04 00:00:00-04:00,128.31053163593913,130.5238046870542,126.95081007433032,127.14930725097656,26147200,0.0,0.0
2023-08-07 00:00:00-04:00,128.19143287031562,130.6230572928783,128.05248333600815,130.5436553955078,22746300,0.0,0.0
2023-08-08 00:00:00-04:00,129.64046232824563,130.52378752085772,128.56855954209357,130.41461181640625,23535200,0.0,0.0
2023-08-09 00:00:00-04:00,130.67266960839547,131.04980964495556,128.0326136306667,128.6876678466797,24912900,0.0,0.0
2023-08-10 00:00:00-04:00,130.33521897689877,131.0597403574535,128.47923208801416,128.71743774414062,20857800,0.0,0.0
2023-08-11 00:00:00-04:00,127.6951647046181,128.95562989704715,127.20883382963942,128.58840942382812,19591100,0.0,0.0
2023-08-14 00:00:00-04:00,128.4196995095872,130.3848471837526,127.99293136308722,130.34515380859375,24695600,0.0,0.0
2023-08-15 00:00:00-04:00,130.1168711231594,130.43446352895285,128.31051225646652,128.8067626953125,19770700,0.0,0.0
2023-08-16 00:00:00-04:00,127.7348861694336,129.303039695641,126.91111602658746,127.7348861694336,25216100,0.0,0.0
2023-08-17 00:00:00-04:00,128.82661397214423,131.0001932670892,128.32042884384344,128.94570922851562,33446300,0.0,0.0
2023-08-18 00:00:00-04:00,127.54628706629671,128.2807431949733,125.4322628444653,126.50416564941406,30504800,0.0,0.0
2023-08-21 00:00:00-04:00,126.22627759088554,127.76464959889275,125.61092424437363,127.4073486328125,25248700,0.0,0.0
2023-08-22 00:00:00-04:00,127.54628200242816,129.3030127917116,127.35771955742976,128.1120147705078,22054900,0.0,0.0
2023-08-23 00:00:00-04:00,129.2037702845962,132.40955935337914,128.8960974039479,131.37734985351562,27819700,0.0,0.0
2023-08-24 00:00:00-04:00,132.94548953796456,133.24324283014445,128.59834599183964,128.8067626953125,28500700,0.0,0.0
2023-08-25 00:00:00-04:00,128.5685593040722,129.77941160779702,126.2957389175236,128.90602111816406,26762900,0.0,0.0
2023-08-28 00:00:00-04:00,130.3252954237949,131.54606733409824,129.16407114652645,130.0275421142578,20543300,0.0,0.0
2023-08-29 00:00:00-04:00,131.24833815410415,135.54586931655962,131.24833815410415,133.5608673095703,43075600,0.0,0.0
2023-08-30 00:00:00-04:00,133.76928107064825,135.25803254284958,133.06461385464962,134.8610382080078,28315800,0.0,0.0
2023-08-31 00:00:00-04:00,134.99003046339,136.96511253819318,134.77167907243245,135.14883422851562,30053800,0.0,0.0
2023-09-01 00:00:00-04:00,136.4291897075704,136.4291897075704,133.83876157564302,134.64268493652344,21543700,0.0,0.0
2023-09-05 00:00:00-04:00,134.42431921159766,135.39696581622027,133.57076786425418,134.75184631347656,19403100,0.0,0.0
2023-09-06 00:00:00-04:00,134.99997436969198,135.50614436814033,132.66759123648941,133.45167541503906,18684500,0.0,0.0
2023-09-07 00:00:00-04:00,132.58819181549026,134.56327406172488,131.9529918442149,134.24566650390625,18844300,0.0,0.0
2023-09-08 00:00:00-04:00,133.8983220306733,135.63519889075076,133.83877438999752,135.3572998046875,23558300,0.0,0.0
2023-09-11 00:00:00-04:00,135.51606381265162,136.44901706515918,134.77168815088856,135.89321899414062,20763400,0.0,0.0
2023-09-12 00:00:00-04:00,135.23815692482054,135.84358303367614,134.17618891743425,134.32505798339844,18405500,0.0,0.0
2023-09-13 00:00:00-04:00,134.07695258141447,135.87337691641153,133.1439992452725,135.684814453125,20749500,0.0,0.0
2023-09-14 00:00:00-04:00,136.56812639378708,137.65986826915892,135.21832459864476,137.0643768310547,24751000,0.0,0.0
2023-09-15 00:00:00-04:00,136.94526597009013,137.48122492138967,135.45651466326473,136.36961364746094,38919600,0.0,0.0
2023-09-18 00:00:00-04:00,135.58556108112978,138.11644163882283,135.58556108112978,137.17356872558594,21861300,0.0,0.0
2023-09-19 00:00:00-04:00,136.38949123690924,137.3720727194704,135.59548737523636,137.0048370361328,20353700,0.0,0.0
2023-09-20 00:00:00-04:00,137.0445418305698,137.0445418305698,132.61798064460575,132.73709106445312,29927500,0.0,0.0
2023-09-21 00:00:00-04:00,130.45432343039326,131.23839249416972,129.09460201532931,129.46182250976562,31503900,0.0,0.0
2023-09-22 00:00:00-04:00,129.77942444921084,131.03990495129133,128.62813480654572,129.27325439453125,26397300,0.0,0.0
2023-09-25 00:00:00-04:00,128.85640052897944,130.1863481711838,127.99292954617495,130.12680053710938,20094600,0.0,0.0
2023-09-26 00:00:00-04:00,128.79685599233989,129.38242793397103,126.26597547277304,127.6058578491211,25718700,0.0,0.0
2023-09-27 00:00:00-04:00,127.60586778894698,129.918381917851,127.60586778894698,129.5610809326172,22746500,0.0,0.0
2023-09-28 00:00:00-04:00,128.86631630656447,132.30037616629912,128.81668823150392,131.3177947998047,22513100,0.0,0.0
2023-09-29 00:00:00-04:00,132.28051235409288,133.04474225061801,129.38241168333343,129.878662109375,30859800,0.0,0.0
2023-10-02 00:00:00-04:00,130.2260695069411,133.41198939838114,130.18636098407492,133.1638641357422,22288000,0.0,0.0
2023-10-03 00:00:00-04:00,132.93559116374053,133.25318362014062,130.8513329307273,131.43690490722656,22989400,0.0,0.0
2023-10-04 00:00:00-04:00,131.79419070491505,134.55335719954957,131.53614591729064,134.225830078125,26752300,0.0,0.0
2023-10-05 00:00:00-04:00,134.05709838867188,134.4739469324216,132.4492366977958,134.05709838867188,19832600,0.0,0.0
2023-10-06 00:00:00-04:00,133.00502838121696,137.12391583816182,133.00502838121696,136.5482635498047,27597600,0.0,0.0
2023-10-09 00:00:00-04:00,135.9130761696135,137.8980779769235,134.59304815042893,137.38197326660156,19278100,0.0,0.0
2023-10-10 00:00:00-04:00,137.46137628621005,138.67222861017186,136.30015203671138,137.02467346191406,27786600,0.0,0.0
2023-10-11 00:00:00-04:00,137.54078929024345,140.05181558848287,137.54078929024345,139.4960174560547,25884300,0.0,0.0
2023-10-12 00:00:00-04:00,139.9922602118785,140.16098355386808,137.2231741164266,137.9278564453125,24765500,0.0,0.0
2023-10-13 00:00:00-04:00,138.33478161475625,138.9501273324613,135.59546941209604,136.32992553710938,23420500,0.0,0.0
2023-10-16 00:00:00-04:00,137.13386618680707,138.58292436140798,136.95522326980412,138.05690002441406,28501900,0.0,0.0
2023-10-17 00:00:00-04:00,137.59038847390352,138.85085356511095,136.1512502222243,138.67221069335938,23515800,0.0,0.0
2023-10-18 00:00:00-04:00,138.4042623643259,139.6647428833376,136.34979315539405,136.92544555664062,23375000,0.0,0.0
2023-10-19 00:00:00-04:00,137.46135555205026,138.61266007074266,136.34975954468368,136.71697998046875,26066000,0.0,0.0
2023-10-20 00:00:00-04:00,136.30016767562714,136.83611156598081,134.06704036781977,134.58314514160156,26335700,0.0,0.0
2023-10-23 00:00:00-04:00,134.0273213470116,136.6276841287948,132.94549894839827,135.47637939453125,26317900,0.0,0.0
2023-10-24 00:00:00-04:00,136.79639635920353,138.31492147464493,136.38946736895807,137.76904296875,44814300,0.0,0.0
2023-10-25 00:00:00-04:00,127.19892549752396,127.34779458240867,124.13209362181638,124.66804504394531,84366200,0.0,0.0
2023-10-26 00:00:00-04:00,122.34559572670734,123.39765194257097,120.36059371391482,121.36302185058594,57061100,0.0,0.0
2023-10-27 00:00:00-04:00,121.9585046679144,122.38528034661036,119.30852915172775,121.25382995605469,44566500,0.0,0.0
2023-10-30 00:00:00-04:00,122.2860385724438,124.45961803038976,121.82948905369454,123.52666473388672,28940100,0.0,0.0
2023-10-31 00:00:00-04:00,124.12216757392719,124.42984802046038,121.76994514607122,123.14952087402344,26292300,0.0,0.0
2023-11-01 00:00:00-04:00,123.13959750160885,125.54144807960145,122.79222366961514,125.50174713134766,30082400,0.0,0.0
2023-11-02 00:00:00-04:00,127.4569770417309,128.01277518054732,125.97815266684763,126.53395080566406,27124600,0.0,0.0
2023-11-03 00:00:00-04:00,127.05997884535377,128.55864986310226,126.90117505497481,128.1318817138672,26393100,0.0,0.0
2023-11-06 00:00:00-05:00,128.08225623128538,129.36257584929294,127.70510100758493,129.27325439453125,19052700,0.0,0.0
2023-11-07 00:00:00-05:00,129.72982443068332,130.92082271250268,128.90604670679733,129.9878692626953,29757300,0.0,0.0
2023-11-08 00:00:00-05:00,129.98786255864192,131.2185693015223,129.79928493774304,130.85133361816406,26425800,0.0,0.0
2023-11-09 00:00:00-05:00,130.97042365935377,131.55599554780142,129.09459758945283,129.26332092285156,23747800,0.0,0.0
2023-11-10 00:00:00-05:00,129.12437037075154,131.80411971424755,128.43954234138178,131.59568786621094,26913300,0.0,0.0
2023-11-13 00:00:00-05:00,130.79178389238834,131.59570729972106,130.26575956056902,131.09945678710938,18324800,0.0,0.0
2023-11-14 00:00:00-05:00,133.1837138056391,134.68238488834018,132.32024276762044,132.61798095703125,32395200,0.0,0.0
2023-11-15 00:00:00-05:00,133.85858358428234,134.01738735349468,132.5683446064248,133.61045837402344,23861500,0.0,0.0
2023-11-16 00:00:00-05:00,134.17621044610362,136.1909862320152,133.3127394362453,135.9031524658203,28013200,0.0,0.0
2023-11-17 00:00:00-05:00,134.98013143466227,135.03967906955006,132.64774810580346,134.29530334472656,37240600,0.0,0.0
2023-11-20 00:00:00-05:00,132.6874262389035,135.63515464570202,132.61794391787106,135.2282257080078,27815500,0.0,0.0
2023-11-21 00:00:00-05:00,135.2679473163652,136.15127255285424,134.9404353311043,135.94285583496094,22635300,0.0,0.0
2023-11-22 00:00:00-05:00,136.43912173063663,138.37449576593937,136.43912173063663,137.45147705078125,17813900,0.0,0.0
2023-11-24 00:00:00-05:00,136.994895052353,137.0941511979509,134.9701999236649,135.66494750976562,12514300,0.0,0.0
2023-11-27 00:00:00-05:00,135.00989924669568,137.3819758451791,134.98012543057615,135.38705444335938,23436500,0.0,0.0
2023-11-28 00:00:00-05:00,135.05953110146496,136.22075539571145,134.40447683977845,136.17112731933594,18730000,0.0,0.0
2023-11-29 00:00:00-05:00,136.5383455929967,137.25293225328704,133.82880744021125,133.97769165039062,23967200,0.0,0.0
2023-11-30 00:00:00-05:00,134.03725467489437,134.53350514378005,130.29552189907486,131.53614807128906,38988300,0.0,0.0
2023-12-01 00:00:00-05:00,130.8711700439453,131.11929527039416,129.69009154295097,130.8711700439453,31442300,0.0,0.0
2023-12-04 00:00:00-05:00,128.90602431139112,129.05489339161807,126.94086915840347,128.30059814453125,36669900,0.0,0.0
2023-12-05 00:00:00-05:00,127.98301027838883,131.14909112296962,127.28826255646621,130.00772094726562,27384800,0.0,0.0
2023-12-06 00:00:00-05:00,130.45433249808588,130.85132683618656,128.9060333773847,129.04498291015625,23576200,0.0,0.0
2023-12-07 00:00:00-05:00,134.02732621189014,137.52093391588886,133.68987951198724,135.9031524658203,56767100,0.0,0.0
2023-12-08 00:00:00-05:00,133.19360751878372,135.37710630216824,133.024884196069,133.97769165039062,32260100,0.0,0.0
2023-12-11 00:00:00-05:00,131.38728665345792,132.34007912846104,130.3749313974492,132.2904510498047,31138000,0.0,0.0
2023-12-12 00:00:00-05:00,130.82154752185775,132.00262607297714,130.2756689716308,131.52622985839844,29032800,0.0,0.0
2023-12-13 00:00:00-05:00,132.37980544950435,132.49890073880297,130.5833808288782,131.5758819580078,30104800,0.0,0.0
2023-12-14 00:00:00-05:00,132.37976513726198,132.7172117837592,128.71743466292693,130.9505615234375,38722400,0.0,0.0
2023-12-15 00:00:00-05:00,130.63294443593992,132.5087702558093,130.19624168094646,131.60560607910156,50847100,0.0,0.0
2023-12-18 00:00:00-05:00,131.63540528883573,136.1214986599511,131.43689298418388,134.78163146972656,32258000,0.0,0.0
2023-12-19 00:00:00-05:00,135.81382173780045,136.43910216120065,135.05952649346082,135.625244140625,25476800,0.0,0.0
2023-12-20 00:00:00-05:00,137.9278622500159,140.63738568200563,137.03461742674637,137.30258178710938,49107200,0.0,0.0
2023-12-21 00:00:00-05:00,138.44397047150616,139.63496864718894,138.13628243906402,139.3669891357422,27488300,0.0,0.0
2023-12-22 00:00:00-05:00,139.7143532323911,140.92520551853121,139.6548056026402,140.428955078125,26532200,0.0,0.0
2023-12-26 00:00:00-05:00,140.52822269290866,141.61004522322366,140.13122832314528,140.45875549316406,16780300,0.0,0.0
2023-12-27 00:00:00-05:00,140.52822004635922,141.01455101287016,138.8409712900939,139.31736755371094,19628600,0.0,0.0
2023-12-28 00:00:00-05:00,139.72429963872332,140.0816006302494,138.70202474659453,139.1784210205078,16045700,0.0,0.0
2023-12-29 00:00:00-05:00,138.58292367477063,139.30744518629933,137.7392917414662,138.64247131347656,18733000,0.0,0.0
2024-01-02 00:00:00-05:00,137.51100529289818,138.4042500618413,135.45652112222194,137.13385009765625,23711200,0.0,0.0
2024-01-03 00:00:00-05:00,136.2207449621666,138.58290188858055,136.05202163090297,137.8782196044922,24212100,0.0,0.0
2024-01-04 00:00:00-05:00,137.38196297189364,138.1164190375322,135.32749413034747,135.3671875,27137700,0.0,0.0
2024-01-05 00:00:00-05:00,135.72449810296587,136.13142710669655,134.1364906048939,134.71214294433594,22513900,0.0,0.0
2024-01-08 00:00:00-05:00,135.26794767616852,137.96755146900708,135.23817385924744,137.798828125,21404000,0.0,0.0
2024-01-09 00:00:00-05:00,137.46139607476167,140.42897968026014,137.11401464787397,139.8930206298828,24759600,0.0,0.0
2024-01-10 00:00:00-05:00,139.94261288211587,141.92761448328065,139.85329144470995,141.2130126953125,21320200,0.0,0.0
2024-01-11 00:00:00-05:00,142.41395623786542,144.13097851399309,139.58532268175995,141.0145263671875,24008700,0.0,0.0
2024-01-12 00:00:00-05:00,141.60013075176863,142.12615512556755,140.75651389962172,141.5802764892578,18785500,0.0,0.0
2024-01-16 00:00:00-05:00,140.93513210487004,143.26751534885753,140.38925356432378,141.4214630126953,22670500,0.0,0.0
2024-01-17 00:00:00-05:00,140.29003862356313,140.77635447738274,137.8583987770045,140.4091339111328,20968600,0.0,0.0
2024-01-18 00:00:00-05:00,140.9847683324612,143.12857410055258,140.92522069629695,142.40403747558594,25746400,0.0,0.0
2024-01-19 00:00:00-05:00,143.654616891789,145.35178531824096,143.2973158844783,145.28231811523438,34271900,0.0,0.0
2024-01-22 00:00:00-05:00,145.99689454630132,147.2772140972634,144.7463336676715,144.8952178955078,32200400,0.0,0.0
2024-01-23 00:00:00-05:00,144.79596212537868,146.07628167971635,144.40888736296378,145.9373321533203,21636100,0.0,0.0
2024-01-24 00:00:00-05:00,147.42609610314366,148.72628517168496,146.98940837188923,147.58489990234375,25233500,0.0,0.0
2024-01-25 00:00:00-05:00,148.944605003714,151.90225320047952,148.4185656374429,150.73109436035156,29149100,0.0,0.0
2024-01-26 00:00:00-05:00,149.9668989175663,151.39608755777192,149.87756232275885,151.04872131347656,26115500,0.0,0.0
2024-01-29 00:00:00-05:00,150.9197173523267,152.62682048426083,150.29443680273303,152.3588409423828,27784300,0.0,0.0
2024-01-30 00:00:00-05:00,151.65415115558076,152.46799407543287,150.05622398904708,150.32420349121094,36331800,0.0,0.0
2024-01-31 00:00:00-05:00,142.54296958721974,142.92012476265015,138.8210913381924,139.04937744140625,71910000,0.0,0.0
2024-02-01 00:00:00-05:00,141.05424824171908,141.98720167736062,139.7342199917544,140.10145568847656,40466500,0.0,0.0
2024-02-02 00:00:00-05:00,138.21567319652831,141.55047690627347,135.47637609880854,141.31228637695312,62499600,0.0,0.0
2024-02-05 00:00:00-05:00,141.74898755775797,144.37910891749272,141.70927904042497,142.60252380371094,38505400,0.0,0.0
2024-02-06 00:00:00-05:00,143.56522669754864,144.26990888997287,142.11618409078037,143.0193634033203,29128200,0.0,0.0
2024-02-07 00:00:00-05:00,143.67444354834973,144.52799503931547,142.85066587671363,144.44859313964844,25208900,0.0,0.0
2024-02-08 00:00:00-05:00,144.73640926724323,145.2326597213676,144.01188784464298,144.81581115722656,22563800,0.0,0.0
2024-02-09 00:00:00-05:00,145.58002011050414,148.31933219973374,145.0837696762943,147.88262939453125,26829500,0.0,0.0
2024-02-12 00:00:00-05:00,147.3069701451041,148.2200690837802,146.26484125340653,146.42364501953125,21564100,0.0,0.0
2024-02-13 00:00:00-05:00,143.83325377685597,145.5701306557534,142.61248169668156,144.05160522460938,27837700,0.0,0.0
2024-02-14 00:00:00-05:00,144.98454584573585,145.42124870265448,143.00946343171321,144.84559631347656,22704200,0.0,0.0
2024-02-15 00:00:00-05:00,142.06659185995144,142.44374708435768,139.40669646187024,141.69937133789062,37590700,0.0,0.0
2024-02-16 00:00:00-05:00,141.9177262893279,142.11622346443778,139.08909232483043,139.46624755859375,31468900,0.0,0.0
2024-02-20 00:00:00-05:00,138.61269407325094,141.0145446894188,138.4439707196268,140.06173706054688,25144700,0.0,0.0
2024-02-21 00:00:00-05:00,140.38926092804869,141.6199675981642,139.62503093119838,141.48101806640625,23223300,0.0,0.0
2024-02-22 00:00:00-05:00,143.84314227764477,143.9126246070933,141.72912574537517,143.0094451904297,27191900,0.0,0.0
2024-02-23 00:00:00-05:00,142.5926136233704,143.59503415869767,142.35440793679425,142.8804473876953,19493800,0.0,0.0
2024-02-26 00:00:00-05:00,141.07409774924443,141.37185109123465,136.35971779155244,136.5383758544922,53641800,0.0,0.0
2024-02-27 00:00:00-05:00,136.98498010411188,138.20575198535647,136.06194638095468,137.83853149414062,33099200,0.0,0.0
2024-02-28 00:00:00-05:00,136.86589051635528,136.975066239049,134.394572562124,135.3572998046875,37328600,0.0,0.0
2024-02-29 00:00:00-05:00,136.25051773823296,137.8186709245879,135.37711212953872,137.4216766357422,42133000,0.0,0.0
2024-03-01 00:00:00-05:00,137.39189175788897,137.8285945752075,135.89322085696574,136.111572265625,31151100,0.0,0.0
2024-03-04 00:00:00-05:00,134.6426653234506,134.6426653234506,130.92078723607764,132.34999084472656,55999400,0.0,0.0
2024-03-05 00:00:00-05:00,130.89102554499024,132.2408273954596,129.69009277405854,131.6750946044922,40194800,0.0,0.0
2024-03-06 00:00:00-05:00,132.12171457090452,132.57827164707297,129.86874843851078,130.41461181640625,35318600,0.0,0.0
2024-03-07 00:00:00-05:00,131.79418082018677,133.92806672802465,130.6230370899261,133.3722686767578,37738200,0.0,0.0
2024-03-08 00:00:00-05:00,133.20356361663008,137.05445713321666,132.99513174664168,134.39456176757812,39370400,0.0,0.0
2024-03-11 00:00:00-04:00,135.10917405073008,138.0569034084444,135.10917405073008,136.6376190185547,32437800,0.0,0.0
2024-03-12 00:00:00-04:00,136.00238731666215,138.33477032136187,136.00238731666215,137.46136474609375,27563400,0.0,0.0
2024-03-13 00:00:00-04:00,137.95761497005276,140.03193806409257,137.9476954137514,138.74168395996094,23347200,0.0,0.0
2024-03-14 00:00:00-04:00,140.13122067260912,142.513217049872,139.40669917238256,142.0269012451172,42753400,0.0,0.0
2024-03-15 00:00:00-04:00,141.43136997734203,142.10626328057222,138.97989168618588,140.1212615966797,49475400,0.0,0.0
2024-03-18 00:00:00-04:00,147.49557408746915,151.00902096089294,146.06637022561426,146.57254028320312,69273700,0.0,0.0
2024-03-19 00:00:00-04:00,147.04894486376466,147.6742101661268,144.98454106374294,145.9274139404297,24070400,0.0,0.0
2024-03-20 00:00:00-04:00,146.89016226696725,147.7437138156445,145.63961633747658,147.62461853027344,21311500,0.0,0.0
2024-03-21 00:00:00-04:00,148.34912076601722,149.24236557867428,145.7983860112411,146.49314880371094,24755600,0.0,0.0
2024-03-22 00:00:00-04:00,148.0017381108715,150.4432971327226,147.86278858243205,149.63937377929688,29211800,0.0,0.0
2024-03-25 00:00:00-04:00,148.81559588391366,149.25229872799846,146.71149870171885,148.9446258544922,19229300,0.0,0.0
2024-03-26 00:00:00-04:00,149.09350817390973,151.11820364195134,148.85530247116668,149.54013061523438,22149100,0.0,0.0
2024-03-27 00:00:00-04:00,150.04628982187702,150.50284693295552,147.78338881509114,149.73861694335938,22879200,0.0,0.0
2024-03-28 00:00:00-04:00,149.71876999163942,150.2944071987847,149.0438614902864,149.79815673828125,24485400,0.0,0.0
2024-04-01 00:00:00-04:00,149.5599671303415,154.57209984115423,149.48056523884867,154.323974609375,31730800,0.0,0.0
2024-04-02 00:00:00-04:00,152.34889138814307,153.53988946458512,151.0090090869194,153.40093994140625,24586000,0.0,0.0
2024-04-03 00:00:00-04:00,152.44816154374408,153.91705880149465,151.58467536489442,153.7582550048828,24705000,0.0,0.0
2024-04-04 00:00:00-04:00,152.34889789636918,153.60937836042848,149.3217669288391,149.4011688232422,34724700,0.0,0.0
2024-04-05 00:00:00-04:00,148.90492090258869,152.26949862092886,148.47815275024013,151.3563995361328,23459200,0.0,0.0
2024-04-08 00:00:00-04:00,151.63431250953576,154.10564562982418,151.46558914468523,153.6887969970703,20702000,0.0,0.0
2024-04-09 00:00:00-04:00,154.91947398862214,157.37095261531294,154.02622916635622,155.4256591796875,31079500,0.0,0.0
2024-04-10 00:00:00-04:00,155.03858328938844,155.43557761990488,153.52004287147383,154.96910095214844,22838600,0.0,0.0
2024-04-11 00:00:00-04:00,155.73333190851926,158.48254871038773,155.28670949781988,158.21458435058594,27166400,0.0,0.0
2024-04-12 00:00:00-04:00,156.7754510311415,159.0184976446993,155.9615930124083,156.5471649169922,25353700,0.0,0.0
2024-04-15 00:00:00-04:00,157.6687038087309,158.0458590213951,153.43072045036504,153.69869995117188,27136500,0.0,0.0
2024-04-16 00:00:00-04:00,153.03372500347797,154.4827679200494,152.27941458366453,153.2421417236328,20779500,0.0,0.0
2024-04-17 00:00:00-04:00,154.45297673510063,155.9020346330925,153.42078251926884,154.30410766601562,21763100,0.0,0.0
2024-04-18 00:00:00-04:00,154.17508359846744,155.7630910697114,153.46048175084383,154.84005737304688,19883000,0.0,0.0
2024-04-19 00:00:00-04:00,155.02865652078847,155.18746031886693,151.15790859489965,152.93447875976562,32615600,0.0,0.0
2024-04-22 00:00:00-04:00,153.15281939939192,156.45784938513543,152.90469416152254,155.10804748535156,26446200,0.0,0.0
2024-04-23 00:00:00-04:00,155.78295727916927,157.7778787559541,155.10804875158632,157.0731964111328,21151600,0.0,0.0
2024-04-24 00:00:00-04:00,156.30899022616805,158.37339415365952,155.9913826322323,157.9366912841797,22779100,0.0,0.0
2024-04-25 00:00:00-04:00,150.1951766135992,155.31648535594996,149.73861949474144,154.8301544189453,57109700,0.0,0.0
2024-04-26 00:00:00-04:00,173.06237276158643,173.39983456886753,168.3777674191163,170.6605224609375,64665300,0.0,0.0
2024-04-29 00:00:00-04:00,167.79221906197557,168.27855001097527,163.9710992433676,164.90403747558594,45610000,0.0,0.0
2024-04-30 00:00:00-04:00,164.3680750249459,166.83940772348186,161.38065276118826,161.55929565429688,33562900,0.0,0.0
2024-05-01 00:00:00-04:00,163.06788257960844,165.86672692811436,161.8669499620036,162.6311798095703,33493200,0.0,0.0
2024-05-02 00:00:00-04:00,163.5542352451639,165.47968963320443,162.66099039133817,165.37051391601562,24294500,0.0,0.0
2024-05-03 00:00:00-04:00,166.30346280179975,166.70047228284332,161.8272888066215,165.98587036132812,34662400,0.0,0.0
2024-05-06 00:00:00-04:00,166.20420129812592,166.87909461614606,164.7849171879721,166.8394012451172,21871300,0.0,0.0
2024-05-07 00:00:00-04:00,167.23641214858006,170.47195983372737,167.12723643695188,169.96578979492188,28039700,0.0,0.0
2024-05-08 00:00:00-04:00,167.73266229376583,168.87403234038655,167.4746174960537,168.1098175048828,19569100,0.0,0.0
2024-05-09 00:00:00-04:00,168.11973776202532,169.40999204467994,166.9188049315239,168.6854705810547,15346700,0.0,0.0
2024-05-10 00:00:00-04:00,166.76992345897793,168.57628234941276,164.94372545466877,167.38526916503906,29799900,0.0,0.0
2024-05-13 00:00:00-04:00,163.02821781386623,168.01057734951837,162.7701729915824,167.8716278076172,31327600,0.0,0.0
2024-05-14 00:00:00-04:00,168.49688914969917,169.96578630331507,167.5341620244905,169.06260681152344,25127100,0.0,0.0
2024-05-15 00:00:00-04:00,169.35043246910703,171.35527337198997,169.23132206360498,171.21632385253906,26948400,0.0,0.0
2024-05-16 00:00:00-04:00,171.9904693856651,173.80674779811807,171.39497794928866,172.87379455566406,27867900,0.0,0.0
2024-05-17 00:00:00-04:00,172.87380893604973,174.94814744007684,172.387493160876,174.73971557617188,24479300,0.0,0.0
2024-05-20 00:00:00-04:00,174.86875548022488,177.42940990488938,174.75957976328465,175.59327697753906,22554400,0.0,0.0
2024-05-21 00:00:00-04:00,175.57340838811095,176.81403455010823,174.49158600949627,176.51629638671875,16989400,0.0,0.0
2024-05-22 00:00:00-04:00,175.31535679142465,175.82152679389606,173.89608778649955,175.05731201171875,17880000,0.0,0.0
2024-05-23 00:00:00-04:00,175.74214258358214,176.91328638262783,171.6530285552818,172.24853515625,21024900,0.0,0.0
2024-05-24 00:00:00-04:00,173.6677996738125,174.45188384954722,172.34777168660725,173.677734375,16579400,0.0,0.0
2024-05-28 00:00:00-04:00,173.1418049387412,175.94066516572397,173.06240303751144,175.07717895507812,20572200,0.0,0.0
2024-05-29 00:00:00-04:00,174.1144254654683,175.51385536789155,173.4097583079271,174.58090209960938,23388700,0.0,0.0
2024-05-30 00:00:00-04:00,173.88616018139018,173.90601444044296,170.50172837010513,170.8193359375,22931500,0.0,0.0
2024-05-31 00:00:00-04:00,170.57122087015406,171.7622190301401,168.16937028994596,171.2064208984375,37638900,0.0,0.0
2024-06-03 00:00:00-04:00,171.24610323694733,173.22118553313896,169.8764622562065,171.8713836669922,27459100,0.0,0.0
2024-06-04 00:00:00-04:00,171.98058527419767,172.5463181569326,170.60100938403974,172.48675537109375,26879600,0.0,0.0
2024-06-05 00:00:00-04:00,173.88617261813178,175.32529604295863,172.62569210446975,174.0946044921875,22068500,0.0,0.0
2024-06-06 00:00:00-04:00,174.5809159744427,175.8215421969568,174.43204688548622,175.40469360351562,23251000,0.0,0.0
2024-06-07 00:00:00-04:00,175.72229190224542,176.53613478615,172.9929143569092,173.15171813964844,19661400,0.0,0.0
2024-06-10 00:00:00-04:00,173.85718795197803,175.93389186465194,171.66123693210412,173.8969268798828,23726700,0.2,0.0
2024-06-11 00:00:00-04:00,175.09925413873597,175.71530612964037,172.66483900249895,175.4967041015625,21540600,0.0,0.0
2024-06-12 00:00:00-04:00,177.116352369129,179.26261867901272,174.98996310704376,176.65927124023438,27864700,0.0,0.0
2024-06-13 00:00:00-04:00,174.9899603208632,175.6159584417151,173.76778723125477,174.04600524902344,20913300,0.0,0.0
2024-06-14 00:00:00-04:00,173.1119718356913,175.93390595699566,173.04240975410747,175.66561889648438,18063600,0.0,0.0
2024-06-17 00:00:00-04:00,174.34406932448942,177.22561906564368,173.69819427096027,176.1127471923828,19618500,0.0,0.0
2024-06-18 00:00:00-04:00,176.01339021741077,176.26180021913805,172.9927312675741,173.97642517089844,21869900,0.0,0.0
2024-06-20 00:00:00-04:00,174.25464833709086,176.1624353876285,173.8770754332329,175.17874145507812,20160100,0.0,0.0
2024-06-21 00:00:00-04:00,175.87428594679412,179.69980614084275,175.48676694016078,178.48756408691406,57759000,0.0,0.0
2024-06-24 00:00:00-04:00,179.01419374381484,179.73954672974688,177.53366462186347,178.08016967773438,18298000,0.0,0.0
2024-06-25 00:00:00-04:00,178.47761719658297,183.1179143136271,178.27889222308787,182.8595733642578,23130200,0.0,0.0
2024-06-26 00:00:00-04:00,181.4684755299556,183.33650839401088,181.31942043498108,182.7105255126953,19839000,0.0,0.0
2024-06-27 00:00:00-04:00,183.00861627114853,184.8667334659005,182.84964538682112,184.23080444335938,18848900,0.0,0.0
2024-06-28 00:00:00-04:00,183.14772821008222,183.95257416720727,180.802737253132,180.99151611328125,29156600,0.0,0.0
2024-07-01 00:00:00-04:00,181.86591080007756,182.71051078495708,180.14691800781662,181.826171875,16006100,0.0,0.0
2024-07-02 00:00:00-04:00,180.8921754401855,184.38979268671295,180.40528635394423,184.0618896484375,17372500,0.0,0.0
2024-07-03 00:00:00-04:00,183.6743516250974,184.90645546496816,182.8297515992084,184.63818359375,10242100,0.0,0.0
2024-07-05 00:00:00-04:00,184.67792788657385,189.6461278026425,184.61831191345988,189.38778686523438,20967500,0.0,0.0
2024-07-08 00:00:00-04:00,188.69223602398804,188.96052307793317,186.58572400777334,187.82777404785156,21035900,0.0,0.0
2024-07-09 00:00:00-04:00,189.09961914354798,190.14294413821008,187.51973523943423,187.778076171875,15121400,0.0,0.0
2024-07-10 00:00:00-04:00,187.94700799576873,190.53047817126304,187.82777604241306,189.96409606933594,15952500,0.0,0.0
2024-07-11 00:00:00-04:00,188.6425794494634,189.64615049436205,183.90291191713072,184.38980102539062,25625800,0.0,0.0
2024-07-12 00:00:00-04:00,183.90290579597803,185.91999392317484,183.31666179406736,183.89297485351562,22898400,0.0,0.0
2024-07-15 00:00:00-04:00,183.74391265022248,187.04280482965035,183.74391265022248,185.3436737060547,16474000,0.0,0.0
2024-07-16 00:00:00-04:00,186.16839882768255,187.47999579867826,182.203769602895,182.75027465820312,18290700,0.0,0.0
2024-07-17 00:00:00-04:00,181.80630830706235,182.38262131472416,178.75582629160562,179.86871337890625,20734100,0.0,0.0
2024-07-18 00:00:00-04:00,180.77289894242654,181.33928096059697,175.34763360261903,176.55987548828125,25315700,0.0,0.0
2024-07-19 00:00:00-04:00,177.74233237445245,179.14335328560048,176.0034623321631,176.53009033203125,18881900,0.0,0.0
2024-07-22 00:00:00-04:00,179.44145432097875,181.5380354484916,179.08374329385708,180.51458740234375,24100300,0.0,0.0
2024-07-23 00:00:00-04:00,180.89217569882794,182.44225176435077,180.3854095654304,180.63381958007812,36352700,0.0,0.0
2024-07-24 00:00:00-04:00,172.4959059646395,175.069429864651,170.72722801961868,171.53207397460938,49585200,0.0,0.0
2024-07-25 00:00:00-04:00,171.422773934444,172.31704385351824,166.12667101114428,166.21609497070312,44852000,0.0,0.0
2024-07-26 00:00:00-04:00,166.08693667884336,167.020960798883,163.01659240813447,165.93789672851562,41336900,0.0,0.0
2024-07-29 00:00:00-04:00,167.75623728269647,169.34605213128413,166.92158335005726,168.4517822265625,20293800,0.0,0.0
2024-07-30 00:00:00-04:00,169.15726982937002,170.1409636721862,167.3687148946011,169.20693969726562,18959700,0.0,0.0
2024-07-31 00:00:00-04:00,172.13820531777287,173.14177629603867,168.92873708461033,170.44900512695312,25729100,0.0,0.0
2024-08-01 00:00:00-04:00,169.1672144988525,172.94304963161613,167.80593251440823,169.67396545410156,24531400,0.0,0.0
2024-08-02 00:00:00-04:00,165.38144985923282,167.438276847675,163.62270275190997,165.6000518798828,29130100,0.0,0.0
2024-08-05 00:00:00-04:00,154.51103232007947,163.38423094995542,153.94465019728176,158.2371826171875,53630700,0.0,0.0
2024-08-06 00:00:00-04:00,158.31667357844438,159.54879271884894,155.41524640434096,157.2832794189453,49004600,0.0,0.0
2024-08-07 00:00:00-04:00,160.2244595533612,161.94345261056785,157.46214140159782,157.9291534423828,25138600,0.0,0.0
2024-08-08 00:00:00-04:00,159.48914421954225,162.64892717046854,159.1910643615004,160.99948120117188,25578800,0.0,0.0
2024-08-09 00:00:00-04:00,158.99231783996856,162.7482755175184,158.04836295010404,162.62904357910156,28602300,0.0,0.0
2024-08-12 00:00:00-04:00,163.30475433227653,163.85124425062764,160.81070801086153,161.25784301757812,15895300,0.0,0.0
2024-08-13 00:00:00-04:00,162.3707367020374,163.68233378484413,161.9335326205201,163.115966796875,18551700,0.0,0.0
2024-08-14 00:00:00-04:00,161.36713999266024,162.18193212107965,156.70698083807574,159.3500518798828,40591100,0.0,0.0
2024-08-15 00:00:00-04:00,159.4792091671549,160.61195808374163,158.59487023369454,160.2741241455078,31524300,0.0,0.0
2024-08-16 00:00:00-04:00,160.44307001878303,164.01023438029236,160.1052360196877,161.92359924316406,24208600,0.0,0.0
2024-08-19 00:00:00-04:00,164.22882628821975,165.6298623978553,163.21530919170212,165.6099853515625,22416200,0.0,0.0
2024-08-20 00:00:00-04:00,165.83851174622947,167.5674508233367,165.75903388769558,166.11672973632812,18341500,0.0,0.0
2024-08-21 00:00:00-04:00,164.09965161309964,165.78885186270244,163.62270862444709,164.7952117919922,22902000,0.0,0.0
2024-08-22 00:00:00-04:00,166.19622575508728,166.52412878399306,162.2713506737651,162.75823974609375,22493300,0.0,0.0
2024-08-23 00:00:00-04:00,163.6723804637865,165.12308635947946,162.78804147862647,164.566650390625,13955700,0.0,0.0
2024-08-26 00:00:00-04:00,165.32181244151707,166.48436931233536,163.41402564106588,165.10321044921875,14190400,0.0,0.0
2024-08-27 00:00:00-04:00,164.78525544371954,165.3814455137806,163.4140425413684,163.63262939453125,11821900,0.0,0.0
2024-08-28 00:00:00-04:00,163.99031328459338,164.54676433344176,160.5026428882108,161.8142547607422,16407400,0.0,0.0
2024-08-29 00:00:00-04:00,163.26497594791422,164.91442188543905,159.23080022153445,160.75106811523438,19699800,0.0,0.0
2024-08-30 00:00:00-04:00,161.58573574397926,162.6191298588304,160.66165779990888,162.34091186523438,22123800,0.0,0.0
2024-09-03 00:00:00-04:00,160.69146292560666,160.82064097809814,155.48478383780713,156.35919189453125,38945300,0.0,0.0
2024-09-04 00:00:00-04:00,155.66365765900977,157.9887717937597,154.9681126394364,155.45498657226562,19353800,0.0,0.0
2024-09-05 00:00:00-04:00,155.30593568698094,158.4358956354768,154.98796360800392,156.23995971679688,18688700,0.0,0.0
2024-09-06 00:00:00-04:00,156.29958787438167,156.82621590471155,149.59251732330907,149.9601593017578,37912100,0.0,0.0
2024-09-09 00:00:00-04:00,151.74112707707891,152.62663960312594,146.47780288600765,147.96029663085938,39260500,0.2,0.0
2024-09-10 00:00:00-04:00,149.6915067964419,150.50738007285446,147.59214370497173,147.91053771972656,31118800,0.0,0.0
2024-09-11 00:00:00-04:00,149.16419505975477,150.73623150719806,146.77630043535657,150.39794921875,29607700,0.0,0.0
2024-09-12 00:00:00-04:00,153.02462848632382,154.03949046129577,151.88041704126704,153.91014099121094,29621500,0.0,0.0
2024-09-13 00:00:00-04:00,154.64640360263152,157.58154353635638,154.42752668404324,156.6661834716797,29591200,0.0,0.0
2024-09-16 00:00:00-04:00,156.51691894363321,157.45218236116395,155.8105069116596,157.2631378173828,18379800,0.0,0.0
2024-09-17 00:00:00-04:00,158.21829410200706,159.74057928836476,157.58152131282384,158.51678466796875,20715600,0.0,0.0
2024-09-18 00:00:00-04:00,159.05406919954734,159.6908420434117,157.80042693308812,159.0043182373047,23677300,0.0,0.0
2024-09-19 00:00:00-04:00,162.88466293518638,162.96424625525552,160.52660096333298,161.32257080078125,26587700,0.0,0.0
2024-09-20 00:00:00-04:00,162.67573141732413,162.90456764484875,161.2429886014312,162.76527404785156,40896400,0.0,0.0
2024-09-23 00:00:00-04:00,163.52145415015693,164.65570636191646,160.8549571722446,161.0340576171875,24150900,0.0,0.0
2024-09-24 00:00:00-04:00,162.20809181188605,162.39713636620655,159.87989243963506,161.47181701660156,23332100,0.0,0.0
2024-09-25 00:00:00-04:00,160.6559541225392,161.9891949013652,160.48681299524299,160.6758575439453,18869200,0.0,0.0
2024-09-26 00:00:00-04:00,162.81500754909376,163.2527917160846,161.46186338833198,161.9095916748047,20319300,0.0,0.0
2024-09-27 00:00:00-04:00,161.98919151686223,164.86462098454524,161.81010627353578,163.12344360351562,21101300,0.0,0.0
2024-09-30 00:00:00-04:00,162.49664152148338,165.31236092462515,162.43693125430474,165.01388549804688,20413900,0.0,0.0
2024-10-01 00:00:00-04:00,166.84460026695353,168.3071905376278,163.75027859535956,166.14813232421875,28338100,0.0,0.0
2024-10-02 00:00:00-04:00,165.58100861617797,166.67546915041717,163.89952615078477,165.02383422851562,17760200,0.0,0.0
2024-10-03 00:00:00-04:00,163.58114729291918,165.79990072302581,163.09361211278292,165.02383422851562,15073100,0.0,0.0
2024-10-04 00:00:00-04:00,167.21273199051447,167.3818731227034,164.6457371019136,166.2177734375,19047400,0.0,0.0
2024-10-07 00:00:00-04:00,166.8744651557115,167.63062826044842,161.92951947546015,162.15835571289062,22463100,0.0,0.0
2024-10-08 00:00:00-04:00,163.11350061638578,163.89951115954543,162.0488877230142,163.55128479003906,23072700,0.0,0.0
2024-10-09 00:00:00-04:00,162.6259561269001,164.00894776946933,158.93466876764882,161.04397583007812,31181800,0.0,0.0
2024-10-10 00:00:00-04:00,160.05895678630435,162.24787746425952,159.5913251125467,161.2628631591797,14144100,0.0,0.0
2024-10-11 00:00:00-04:00,161.3126485293092,163.07371438426654,160.42713595045353,162.41705322265625,15344300,0.0,0.0
2024-10-14 00:00:00-04:00,162.8150044575592,165.39194326757854,162.5762089577725,164.12835693359375,19016100,0.0,0.0
2024-10-15 00:00:00-04:00,164.95417746587214,166.83464858810927,163.80003704311807,164.6258544921875,20247200,0.0,0.0
2024-10-16 00:00:00-04:00,163.70053329945262,164.96413494193072,162.91452270440968,164.32736206054688,16406000,0.0,0.0
2024-10-17 00:00:00-04:00,164.8944683866494,165.53124122104538,161.93944041934847,162.10858154296875,21453400,0.0,0.0
2024-10-18 00:00:00-04:00,162.3672941471386,163.87963544942022,162.2578480953578,162.59613037109375,19757700,0.0,0.0
2024-10-21 00:00:00-04:00,162.12849497134508,163.67068378195492,161.8001568233936,163.24285888671875,20946500,0.0,0.0
2024-10-22 00:00:00-04:00,162.15833529455813,164.93427806644567,162.15833529455813,164.3074493408203,16568100,0.0,0.0
2024-10-23 00:00:00-04:00,163.9293642522353,164.98403306169303,161.11362975074982,161.9593505859375,18280500,0.0,0.0
2024-10-24 00:00:00-04:00,162.00910425207076,162.50658353239453,160.198272384398,161.899658203125,22412500,0.0,0.0
2024-10-25 00:00:00-04:00,162.84485839827352,164.75517692607178,162.59611876941653,164.43679809570312,19828900,0.0,0.0
2024-10-28 00:00:00-04:00,167.89926611467047,167.89926611467047,163.123461731036,165.87950134277344,32138600,0.0,0.0
2024-10-29 00:00:00-04:00,166.88438836507615,169.52103755308448,166.24761551933543,168.82455444335938,42169000,0.0,0.0
2024-10-30 00:00:00-04:00,179.76908724801194,181.10234312249673,173.18246710164854,173.58045959472656,68890800,0.0,0.0
2024-10-31 00:00:00-04:00,172.25718077657928,175.92858030114797,170.13791418034728,170.2473602294922,44769000,0.0,0.0
2024-11-01 00:00:00-04:00,169.2126171068855,171.45127396637912,168.02861393876626,170.42645263671875,31796500,0.0,0.0
2024-11-04 00:00:00-05:00,169.07330370933886,169.86927360734452,167.16298506324307,168.3867950439453,21492700,0.0,0.0
2024-11-05 00:00:00-05:00,168.57581219568198,169.67027262380228,167.98879032144563,168.88426208496094,18242100,0.0,0.0
2024-11-06 00:00:00-05:00,172.92380321236175,176.04797252771442,172.62531260376363,175.62013244628906,33695500,0.0,0.0
2024-11-07 00:00:00-05:00,176.51560241710214,180.16709852379773,176.2967103185547,179.83876037597656,25352900,0.0,0.0
2024-11-08 00:00:00-05:00,179.7392438048685,179.98798342551285,177.18220839921253,177.4508514404297,22006200,0.0,0.0
2024-11-11 00:00:00-05:00,177.67969975449668,179.6397693133584,177.5702537066768,179.44078063964844,17450400,0.0,0.0
2024-11-12 00:00:00-05:00,178.91344777717472,181.569985195191,178.48560772038502,180.70436096191406,25134900,0.0,0.0
2024-11-13 00:00:00-05:00,179.55020077747423,180.04767998089176,177.6398672763137,177.97816467285156,23184000,0.0,0.0
2024-11-14 00:00:00-05:00,177.38120927026733,177.9184953896884,173.44118190987194,174.69482421875,31007500,0.0,0.0
2024-11-15 00:00:00-05:00,172.85416136828243,173.26209805690692,170.35682063157654,171.62042236328125,32504600,0.0,0.0
2024-11-18 00:00:00-05:00,172.5457023973927,174.55552283170013,172.02831972302542,174.41622924804688,20135300,0.0,0.0
2024-11-19 00:00:00-05:00,172.84418886990383,177.9682189842711,172.68499186898757,177.2220001220703,23434900,0.0,0.0
2024-11-20 00:00:00-05:00,176.44594821026809,176.78423047859985,172.90389814923452,175.09280395507812,18997100,0.0,0.0
2024-11-21 00:00:00-05:00,173.02329149320352,173.2521428982115,162.87471698401734,166.784912109375,59734400,0.0,0.0
2024-11-22 00:00:00-05:00,165.0138834352713,165.62080876483188,163.07370209558795,163.9293670654297,38604600,0.0,0.0
2024-11-25 00:00:00-05:00,165.25264629068545,167.77984927042047,164.77507048279222,166.80477905273438,33135300,0.0,0.0
2024-11-26 00:00:00-05:00,166.7849164091866,168.96387819100605,166.73516544238646,168.26739501953125,20486700,0.0,0.0
2024-11-27 00:00:00-05:00,168.14799483925975,168.6255706920237,167.17293971182346,168.3768310546875,19266500,0.0,0.0
2024-11-29 00:00:00-05:00,167.6505077939042,168.57581191461244,166.31726704322566,168.09823608398438,14257200,0.0,0.0
2024-12-02 00:00:00-05:00,167.91916912565142,171.21247970085113,167.72018043971005,170.62545776367188,23789100,0.0,0.0
2024-12-03 00:00:00-05:00,170.62544918240982,171.80943711786688,169.98867631030456,170.4761962890625,22248700,0.0,0.0
2024-12-04 00:00:00-05:00,170.28715321004535,174.02820715023717,170.1976105823781,173.4909210205078,31615100,0.0,0.0
2024-12-05 00:00:00-05:00,174.4759264469432,175.17239437366248,171.46120334982362,171.76963806152344,21356200,0.0,0.0
2024-12-06 00:00:00-05:00,171.1627116663367,174.1973381653999,170.99357054105934,173.82920837402344,21462400,0.0,0.0
2024-12-09 00:00:00-05:00,173.28136421093646,175.5723794273802,172.97256079724536,174.68585205078125,25389600,0.2,0.0
2024-12-10 00:00:00-05:00,182.13669028720858,185.63299196104862,180.34370922398435,184.4476318359375,54813000,0.0,0.0
2024-12-11 00:00:00-05:00,184.5870622814724,194.8468827437387,184.12886535477608,194.6376953125,67894100,0.0,0.0
2024-12-12 00:00:00-05:00,194.23928508489988,194.41857559087046,190.96212639857904,191.21115112304688,34817500,0.0,0.0
2024-12-13 00:00:00-05:00,190.26484320082633,191.97813450480885,188.90019258748762,189.07949829101562,25143500,0.0,0.0
2024-12-16 00:00:00-05:00,192.11756882122688,198.22365926952406,191.8685441236521,195.89279174804688,44934900,0.0,0.0
2024-12-17 00:00:00-05:00,196.48048589662955,200.6342160179093,194.21933739249496,194.65762329101562,43504000,0.0,0.0
2024-12-18 00:00:00-05:00,194.45842549322595,196.231480292107,187.00761009122783,187.66502380371094,34166100,0.0,0.0
2024-12-19 00:00:00-05:00,190.88242054359256,192.27695280314458,187.64509939888953,187.7745819091797,32265200,0.0,0.0
2024-12-20 00:00:00-05:00,185.0552429190991,192.13750634222802,184.49742999563804,190.6632843017578,63462900,0.0,0.0
2024-12-23 00:00:00-05:00,191.86854398568468,194.3388799273183,189.40817875947414,193.87071228027344,25675000,0.0,0.0
2024-12-24 00:00:00-05:00,194.0798904284353,195.34494018554688,193.02402811118543,195.34494018554688,10403300,0.0,0.0
2024-12-26 00:00:00-05:00,194.38867270656962,195.9824368496,193.6216875820622,194.83692932128906,12046600,0.0,0.0
2024-12-27 00:00:00-05:00,194.18945436832726,194.558021252894,189.906226569023,192.00799560546875,18891400,0.0,0.0
2024-12-30 00:00:00-05:00,189.05957268360805,191.79884463576994,188.3822175336386,190.49395751953125,14264700,0.0,0.0
2024-12-31 00:00:00-05:00,190.33456284838633,191.21113466683676,187.77458160553064,188.56150817871094,17466900,0.0,0.0
2025-01-02 00:00:00-05:00,189.90623605246924,191.25097555403835,186.76853081449056,188.6909942626953,20370800,0.0,0.0
2025-01-03 00:00:00-05:00,190.62341890024783,192.45625220914977,189.23884220230838,191.04177856445312,18596200,0.0,0.0
2025-01-06 00:00:00-05:00,193.2232644718959,197.44672936937255,193.09378194764346,196.10198974609375,29563600,0.0,0.0
2025-01-07 00:00:00-05:00,196.34104650196386,200.21587045148732,193.84084384019965,194.7273712158203,26487200,0.0,0.0
2025-01-08 00:00:00-05:00,191.818768515616,195.52424236393108,191.62950729663424,193.19337463378906,24864800,0.0,0.0
2025-01-10 00:00:00-05:00,193.54199496025797,195.7533354559894,189.5675553775491,191.29080200195312,26665200,0.0,0.0
2025-01-13 00:00:00-05:00,189.32851141262705,190.43416651970912,186.62907690279673,190.26483154296875,21823700,0.0,0.0
2025-01-14 00:00:00-05:00,190.4939429327445,191.23104632862814,187.57536549994643,188.92010498046875,17174900,0.0,0.0
2025-01-15 00:00:00-05:00,192.33671488233958,195.59396223510123,191.1115176062456,194.78712463378906,21776000,0.0,0.0
2025-01-16 00:00:00-05:00,193.38262220625612,194.71739096273467,192.05780896613516,192.1574249267578,17815400,0.0,0.0
2025-01-17 00:00:00-05:00,195.76331327486383,196.46057945672584,192.99415958170988,195.23538208007812,27735100,0.0,0.0
2025-01-21 00:00:00-05:00,198.29339931939404,201.50082353528188,197.0980685764286,197.27737426757812,29971300,0.0,0.0
2025-01-22 00:00:00-05:00,198.28342571973468,199.6978841991253,196.75939576380796,197.5961151123047,26200600,0.0,0.0
2025-01-23 00:00:00-05:00,197.3670210617764,199.5185981768782,194.43848807720923,197.2076416015625,26951400,0.0,0.0
2025-01-24 00:00:00-05:00,197.32718592161126,200.11625050908367,197.22756995808922,199.428955078125,23877500,0.0,0.0
2025-01-27 00:00:00-05:00,191.65940250991744,196.11196602986334,189.9859483712381,191.06173706054688,41728900,0.0,0.0
2025-01-28 00:00:00-05:00,191.99806124313736,194.71740695981467,189.9361292430902,194.53811645507812,24157900,0.0,0.0
2025-01-29 00:00:00-05:00,194.7970833042233,196.0222806001553,192.6753879484473,194.64767456054688,18218300,0.0,0.0
2025-01-30 00:00:00-05:00,197.22758104242592,200.61431120284323,196.89886658344366,200.0863800048828,24354700,0.0,0.0
2025-01-31 00:00:00-05:00,201.21195154612846,204.67837101004093,201.0127348319746,203.2240753173828,32001100,0.0,0.0
2025-02-03 00:00:00-05:00,199.90705965419968,202.95511938336384,199.31936504221272,200.4449462890625,27838300,0.0,0.0
2025-02-04 00:00:00-05:00,202.59653399897414,206.2422592489475,202.0187948719897,205.5748748779297,43856400,0.0,0.0
2025-02-05 00:00:00-05:00,190.32462266498615,191.99806150855852,187.29647352052726,190.58360290527344,70373900,0.0,0.0
2025-02-06 00:00:00-05:00,188.76074056252688,191.35060376868358,187.98378464053243,190.85255432128906,29297400,0.0,0.0
2025-02-07 00:00:00-05:00,190.3046897826863,190.43417229867478,182.52516013677956,184.61695861816406,49315000,0.0,0.0
2025-02-10 00:00:00-05:00,186.61914089319663,187.46581586539978,185.1349480135509,185.74256896972656,23105600,0.0,0.0
2025-02-11 00:00:00-05:00,184.30818395569807,186.21073656140828,183.56110975757488,184.59706115722656,21239500,0.0,0.0
2025-02-12 00:00:00-05:00,182.5052293386179,184.38785552440282,181.12065256917043,182.89370727539062,22072600,0.0,0.0
2025-02-13 00:00:00-05:00,183.6009567802338,185.5533021151623,182.4255521731024,185.41384887695312,21402500,0.0,0.0
2025-02-14 00:00:00-05:00,184.3380502737544,185.67281908148942,183.60094685418304,184.50738525390625,20448400,0.0,0.0
2025-02-18 00:00:00-05:00,184.87594800082087,185.23454418579348,181.03100592832718,183.05308532714844,29916700,0.0,0.0
2025-02-19 00:00:00-05:00,183.35192561125757,184.73650242741212,182.8737872119756,184.5472412109375,19549400,0.0,0.0
2025-02-20 00:00:00-05:00,184.07906552714084,184.587070455128,182.00717815142445,183.83999633789062,20441500,0.0,0.0
2025-02-21 00:00:00-05:00,184.42767889722575,184.61694009305896,178.38136734197036,178.9591064453125,35199200,0.0,0.0
2025-02-24 00:00:00-05:00,181.28003655625,182.40561792977684,178.19212401815724,178.55072021484375,29854200,0.0,0.0
2025-02-25 00:00:00-05:00,177.34541534936753,178.0426966360842,174.0084936453782,174.7356414794922,41913400,0.0,0.0
2025-02-26 00:00:00-05:00,174.38701976901885,175.39307405965482,170.9106295738481,172.05613708496094,35431300,0.0,0.0
2025-02-27 00:00:00-05:00,173.31123936714644,173.87900779159736,167.28483845921406,167.8426513671875,39991000,0.0,0.0
2025-02-28 00:00:00-05:00,168.02194319125016,169.94442183496423,166.11940597917265,169.61570739746094,48130600,0.0,0.0
2025-03-03 00:00:00-05:00,171.25927958138345,172.69366445439235,165.28268607668863,166.3584747314453,40770500,0.0,0.0
2025-03-04 00:00:00-05:00,165.5914841182232,172.6139690982364,165.15319817693035,170.2532196044922,45388000,0.0,0.0
2025-03-05 00:00:00-05:00,169.85478454890304,173.10206141211768,168.4004735026306,172.34503173828125,30954900,0.0,0.0
2025-03-06 00:00:00-05:00,169.86475071785694,174.1280529574759,169.83486896565157,171.6776580810547,28302000,0.0,0.0
2025-03-07 00:00:00-05:00,170.59186930474007,174.2874024166863,169.6057412532836,173.18173217773438,27385800,0.0,0.0
2025-03-10 00:00:00-04:00,167.7966101322015,167.99607150995365,163.23920372577845,165.41319274902344,43604000,0.2,0.0
2025-03-11 00:00:00-04:00,164.45584068137828,166.29076966008637,160.92558133782,163.58822631835938,39587400,0.0,0.0
2025-03-12 00:00:00-04:00,166.12124110886077,167.17831943801426,163.07963775446962,166.6497802734375,28372400,0.0,0.0
2025-03-13 00:00:00-04:00,165.58273352485466,165.67249723739275,161.6635637085375,162.311767578125,31756200,0.0,0.0
2025-03-14 00:00:00-04:00,162.82035345635094,166.03148669065808,162.00260445854184,165.03424072265625,31995900,0.0,0.0
2025-03-17 00:00:00-04:00,164.57550719551887,165.8420138841619,163.21925201833648,163.83753967285156,31184300,0.0,0.0
2025-03-18 00:00:00-04:00,163.2292134435371,163.79765095180105,156.28838999765335,160.22750854492188,42074800,0.0,0.0
2025-03-19 00:00:00-04:00,161.3145206452732,165.41320264839743,160.55661910146412,163.43865966796875,34275600,0.0,0.0
2025-03-20 00:00:00-04:00,161.1250457167365,164.43589456907407,160.51672503978745,162.35165405273438,28138500,0.0,0.0
2025-03-21 00:00:00-04:00,160.76603321155818,163.7876873527184,160.44690718978086,163.5383758544922,36625800,0.0,0.0
2025-03-24 00:00:00-04:00,166.60991043967152,167.85646804378672,164.68521758619846,167.2182159423828,30879100,0.0,0.0
2025-03-25 00:00:00-04:00,168.51463564762358,170.16010078341677,167.85646481007365,170.0902862548828,24174400,0.0,0.0
2025-03-26 00:00:00-04:00,168.5345746637908,169.14289533485737,164.38602763542738,164.6054229736328,28901600,0.0,0.0
2025-03-27 00:00:00-04:00,164.17661497957295,164.96443262961915,161.55385311215238,161.79319763183594,24508300,0.0,0.0
2025-03-28 00:00:00-04:00,160.04802279255455,161.37436185470784,153.20691433431318,153.9049835205078,48669300,0.0,0.0
2025-03-31 00:00:00-04:00,152.68834136730996,155.11164193370462,150.24509161947617,154.21412658691406,54603500,0.0,0.0
2025-04-01 00:00:00-04:00,153.1969250530925,157.6645980717382,153.1969250530925,156.63743591308594,30672900,0.0,0.0
2025-04-02 00:00:00-04:00,154.72271899671657,157.973750867397,154.27396131633463,156.60751342773438,25041700,0.0,0.0
2025-04-03 00:00:00-04:00,150.6938570063776,152.35925614776784,149.97583860548548,150.304931640625,46883400,0.0,0.0
2025-04-04 00:00:00-04:00,147.60238713771614,150.65397293111235,144.9796402891217,145.19903564453125,62259500,0.0,0.0
2025-04-07 00:00:00-04:00,141.16016465342514,152.4290467232269,140.14296954255582,146.34584045410156,76794100,0.0,0.0
2025-04-08 00:00:00-04:00,150.80354683062922,151.82074204837693,142.63609935843277,144.30149841308594,52200200,0.0,0.0
2025-04-09 00:00:00-04:00,144.02226489868636,159.11060168568548,143.51367491882445,158.27291870117188,70406200,0.0,0.0
2025-04-10 00:00:00-04:00,156.10888048544342,157.28563866565491,149.51708388683267,152.39913940429688,48022000,0.0,0.0
2025-04-11 00:00:00-04:00,152.47891611104427,157.2357840662013,152.39914981719627,156.70724487304688,33636200,0.0,0.0
2025-04-14 00:00:00-04:00,159.559374308141,161.27463879929493,157.126091415259,158.63194274902344,30333000,0.0,0.0
2025-04-15 00:00:00-04:00,158.6917731015249,159.2103301054895,154.78257030571797,155.87953186035156,27551500,0.0,0.0
2025-04-16 00:00:00-04:00,152.67836778458886,155.46067741277207,151.09273508921532,152.90773010253906,28187400,0.0,0.0
2025-04-17 00:00:00-04:00,153.86508310192784,154.25400844452392,148.09103529003713,150.74371337890625,33046600,0.0,0.0
2025-04-21 00:00:00-04:00,148.46999532680982,148.53979463690146,145.6976525525358,147.26332092285156,26049100,0.0,0.0
2025-04-22 00:00:00-04:00,148.47995987784566,151.77087479980403,148.13091768280205,151.0528564453125,26971800,0.0,0.0
2025-04-23 00:00:00-04:00,155.1814586711159,157.09616926384234,153.38641273519517,154.92218017578125,31128800,0.0,0.0
2025-04-24 00:00:00-04:00,155.719954312099,159.15048293168,155.36094514919478,158.84133911132812,45894000,0.0,0.0
2025-04-25 00:00:00-04:00,164.61541287682232,165.6425750916004,160.59649729347288,161.51397705078125,56034000,0.0,0.0
2025-04-28 00:00:00-04:00,161.98267405118585,162.70069244870191,158.16323494184564,160.16769409179688,29745800,0.0,0.0
2025-04-29 00:00:00-04:00,159.87849612757626,160.29733764803302,157.086204107764,159.71893310546875,26809000,0.0,0.0
2025-04-30 00:00:00-04:00,157.5449218586139,158.83137774482094,154.9720253029664,158.3626708984375,34981100,0.0,0.0
2025-05-01 00:00:00-04:00,160.00810878606782,161.50397770313938,158.47235672658454,160.85577392578125,30203200,0.0,0.0
2025-05-02 00:00:00-04:00,162.95998987139254,164.51569136243157,161.42422234640523,163.57827758789062,25715000,0.0,0.0
2025-05-05 00:00:00-04:00,162.55110755610633,164.93452502755278,162.2718798770323,163.75778198242188,21341800,0.0,0.0
2025-05-06 00:00:00-04:00,161.72337824217448,164.3461400306944,160.74608144554134,162.78045654296875,21277200,0.0,0.0
2025-05-07 00:00:00-04:00,163.62814193511582,164.545606521222,147.43285979099062,150.96311950683594,127490100,0.0,0.0
2025-05-08 00:00:00-04:00,154.57315149382438,155.50058309873845,152.47892851591033,153.85513305664062,57498700,0.0,0.0
2025-05-09 00:00:00-04:00,153.7454179749914,154.62299934708025,151.78084208678038,152.32933044433594,32435300,0.0,0.0
2025-05-12 00:00:00-04:00,157.0562755246952,158.66184216787673,155.81968502629073,158.0236053466797,44138800,0.0,0.0
2025-05-13 00:00:00-04:00,158.3526849510168,160.12779682266662,155.7299383299059,159.0906524658203,42382100,0.0,0.0
2025-05-14 00:00:00-04:00,159.51947674839957,166.5400818883142,159.17043456192712,164.91456604003906,48755900,0.0,0.0
2025-05-15 00:00:00-04:00,165.3832808496498,165.75227223459135,161.92283584781248,163.5084686279297,33146700,0.0,0.0
2025-05-16 00:00:00-04:00,167.26806720706887,168.88361607338598,165.16387753981013,165.73231506347656,42846900,0.0,0.0
2025-05-19 00:00:00-04:00,164.0569364118495,166.18107529267584,163.7677417629434,166.0813446044922,30426100,0.0,0.0
2025-05-20 00:00:00-04:00,165.9716617765614,168.03596851578914,162.45138424695486,163.52841186523438,46607700,0.0,0.0
2025-05-21 00:00:00-04:00,163.2392111991083,172.66318349220677,163.1095643409873,168.09579467773438,73416000,0.0,0.0
2025-05-22 00:00:00-04:00,171.3767414156938,176.28319020253375,170.23988151650855,170.39942932128906,74864400,0.0,0.0
2025-05-23 00:00:00-04:00,168.5944139952117,169.49194456610303,167.42763794814334,168.00604248046875,35211400,0.0,0.0
2025-05-27 00:00:00-04:00,169.69139882784629,172.69310408957966,169.53183580095055,172.42384338378906,37995700,0.0,0.0
2025-05-28 00:00:00-04:00,172.6831300854681,174.7873198647011,171.4365725199691,171.8853302001953,34784000,0.0,0.0
2025-05-29 00:00:00-04:00,173.5208093888165,173.93965089581198,170.1600951338123,171.38670349121094,29317300,0.0,0.0
2025-05-30 00:00:00-04:00,170.87811871209726,171.73575093359455,166.97888295989642,171.2670440673828,52639900,0.0,0.0
2025-06-02 00:00:00-04:00,167.37777366516244,169.40218193277036,166.92901598525125,168.5644989013672,38612300,0.0,0.0
2025-06-03 00:00:00-04:00,167.02875625897286,168.01602016805987,164.82483566290912,165.72235107421875,45084900,0.0,0.0
2025-06-04 00:00:00-04:00,166.28079893142063,167.75671871001492,165.9018405925084,167.58718872070312,26900800,0.0,0.0
2025-06-05 00:00:00-04:00,169.87088888051295,170.45926039928958,167.1284622369502,167.74676513671875,36379100,0.0,0.0
2025-06-06 00:00:00-04:00,170.35953348712204,174.0194244269959,170.35953348712204,173.20167541503906,35731800,0.0,0.0
2025-06-09 00:00:00-04:00,174.27003651227847,176.19705935039198,174.1003012753775,175.81764221191406,28935900,0.21,0.0
2025-06-10 00:00:00-04:00,175.92747903926403,180.8298886948226,174.63948090794972,178.3237762451172,61766100,0.0,0.0
2025-06-11 00:00:00-04:00,179.49195401036374,180.09101684926247,176.47662077845203,177.07569885253906,31646800,0.0,0.0
2025-06-12 00:00:00-04:00,175.9075065231488,176.4466798719252,174.47972552416806,175.42825317382812,20941900,0.0,0.0
2025-06-13 00:00:00-04:00,172.17329464872896,176.85604320367563,172.1233689351953,174.39984130859375,27663100,0.0,0.0
2025-06-16 00:00:00-04:00,174.45974398959817,176.66633252587772,174.37986589593493,176.49659729003906,27389200,0.0,0.0
2025-06-17 00:00:00-04:00,175.4282431183839,177.08567926563504,174.30998028900405,175.6778564453125,24973000,0.0,0.0
2025-06-18 00:00:00-04:00,175.73776761612697,176.28692000243774,172.93211615674434,173.05194091796875,28707500,0.0,0.0
2025-06-20 00:00:00-04:00,173.68095462694552,174.07035081830173,165.20409556084024,166.38226318359375,75659900,0.0,0.0
2025-06-23 00:00:00-04:00,166.0128407101847,167.08117785912864,161.74944069273923,164.93450927734375,57671000,0.0,0.0
2025-06-24 00:00:00-04:00,166.66183161080377,167.95982401484335,165.87306016657053,166.51206970214844,40524300,0.0,0.0
2025-06-25 00:00:00-04:00,167.37074500344593,172.09342522608725,167.29086690480466,170.416015625,35479000,0.0,0.0
2025-06-26 00:00:00-04:00,172.16329217484034,173.42135306121023,169.67715325213413,173.27157592773438,31796700,0.0,0.0
2025-06-27 00:00:00-04:00,173.27158802075178,178.40363764116194,171.46438989107267,178.25387573242188,108140200,0.0,0.0
2025-06-30 00:00:00-04:00,180.50039372606906,180.949694682379,174.30998606031628,175.95742797851562,63378900,0.0,0.0
2025-07-01 00:00:00-04:00,175.46818749328466,175.81763700531283,173.26159900853952,175.56802368164062,35904500,0.0,0.0
2025-07-02 00:00:00-04:00,175.26848197683447,178.58335417760583,174.79922295185074,178.3636932373047,29128900,0.0,0.0
2025-07-03 00:00:00-04:00,178.22391365801445,179.39210218822254,176.7761594232363,179.2523193359375,21689700,0.0,0.0
2025-07-07 00:00:00-04:00,178.78304908898676,179.0226833705182,175.40827199123135,176.5165557861328,34175600,0.0,0.0
2025-07-08 00:00:00-04:00,177.5749242496101,177.67476043779465,172.54271112131266,174.09031677246094,40442500,0.0,0.0
2025-07-09 00:00:00-04:00,174.97894087050608,179.1624626362242,172.50278095171484,176.34681701660156,43025600,0.0,0.0
2025-07-10 00:00:00-04:00,175.35836349959487,178.15402063985096,174.11029683512743,177.34527587890625,29252400,0.0,0.0
2025-07-11 00:00:00-04:00,176.51656530489134,181.14938835134018,176.20704719654847,179.91131591796875,34282900,0.0,0.0
2025-07-14 00:00:00-04:00,180.7300224544814,183.3859118317051,179.40207776586954,181.2791748046875,32536600,0.0,0.0
2025-07-15 00:00:00-04:00,182.5272506181519,183.93507346834292,181.31913062189142,181.718505859375,33448300,0.0,0.0
2025-07-16 00:00:00-04:00,182.95659839065306,184.04490889196538,181.74846312672318,182.68701171875,33104200,0.0,0.0
2025-07-17 00:00:00-04:00,181.85827589550698,183.77530432362263,180.20083982993623,183.29605102539062,31992600,0.0,0.0
2025-07-18 00:00:00-04:00,185.113228386666,186.13165497814074,183.42585517412414,184.7737579345703,34014500,0.0,0.0
2025-07-21 00:00:00-04:00,185.9619181252415,189.99566255854273,185.86206670599856,189.80596923828125,45803100,0.0,0.0
2025-07-22 00:00:00-04:00,191.20380830960463,191.35357021159422,187.17006365240448,191.04405212402344,44660200,0.0,0.0
2025-07-23 00:00:00-04:00,191.20381577219638,192.23222149983224,188.88739669642578,189.93577575683594,58681900,0.0,0.0
2025-07-24 00:00:00-04:00,196.72525594978663,197.64383117376477,190.70458366341637,191.87277221679688,74881700,0.0,0.0
2025-07-25 00:00:00-04:00,191.68306935737266,194.02944081770818,190.96418172846938,192.88121032714844,39785900,0.0,0.0
2025-07-28 00:00:00-04:00,193.35047209995227,193.7498625541434,190.54482081320737,192.28213500976562,38139500,0.0,0.0
2025-07-29 00:00:00-04:00,192.13236281084488,195.61697034161693,191.78291329403916,195.44723510742188,41389200,0.0,0.0
2025-07-30 00:00:00-04:00,195.2974741739121,197.2943808004953,194.3888780023715,196.2260284423828,32445400,0.0,0.0
2025-07-31 00:00:00-04:00,195.40729975764043,195.68686545955075,190.79443520574372,191.60317993164062,51329200,0.0,0.0
2025-08-01 00:00:00-04:00,188.73762721302066,190.53484621084553,187.52950724447476,188.8374786376953,34832200,0.0,0.0
2025-08-04 00:00:00-04:00,189.9956738002762,194.96798225717674,189.82593856567027,194.7383270263672,31547400,0.0,0.0
2025-08-05 00:00:00-04:00,194.4088584088549,197.55398036609623,193.59011934927213,194.36891174316406,31602300,0.0,0.0
2025-08-06 00:00:00-04:00,194.19916035027438,196.32587068335496,193.37044231078846,195.7866973876953,21562900,0.0,0.0
2025-08-07 00:00:00-04:00,196.75520727948205,197.23446060352177,194.0294340028213,196.21604919433594,26321800,0.0,0.0
2025-08-08 00:00:00-04:00,196.9149587094283,202.29662132319493,196.86503299798275,201.10845947265625,39161800,0.0,0.0
2025-08-11 00:00:00-04:00,200.62921267003748,201.16837075965444,198.76210983585918,200.68911743164062,25832400,0.0,0.0
2025-08-12 00:00:00-04:00,201.0585431482033,204.18370696130674,200.27975076589462,203.02549743652344,30397900,0.0,0.0
2025-08-13 00:00:00-04:00,203.81428597106753,204.21366121456273,197.2045144743427,201.64764404296875,28342900,0.0,0.0
2025-08-14 00:00:00-04:00,201.18833871082708,204.12379383237695,200.91875205563483,202.62611389160156,25230400,0.0,0.0
2025-08-15 00:00:00-04:00,203.534714766441,206.12070520105007,200.96868242883633,203.58462524414062,34931400,0.0,0.0
2025-08-18 00:00:00-04:00,203.8841712567715,204.9525236553874,202.17682455801943,203.1852569580078,18526600,0.0,0.0
2025-08-19 00:00:00-04:00,202.7159730378366,203.1253425488118,199.65072931767816,201.25823974609375,24240200,0.0,0.0
2025-08-20 00:00:00-04:00,200.41952632200108,200.9686786831588,196.29592455953664,199.01171875,28955500,0.0,0.0
2025-08-21 00:00:00-04:00,199.4410400390625,202.166813191516,199.12152768080315,199.4410400390625,19774600,0.0,0.0
2025-08-22 00:00:00-04:00,202.41643648326647,208.21744781149425,200.98865555430208,205.771240234375,42827000,0.0,0.0
2025-08-25 00:00:00-04:00,206.11069972619865,210.19438514977915,204.9624845680577,208.1675262451172,29928900,0.0,0.0
2025-08-26 00:00:00-04:00,207.18903343187435,207.52851912382437,205.3818354433132,206.81961059570312,28464100,0.0,0.0
2025-08-27 00:00:00-04:00,205.38184246485358,208.58688428789492,205.3319167524022,207.15908813476562,23022900,0.0,0.0
2025-08-28 00:00:00-04:00,206.92944327697995,211.8917573213033,206.57997853322107,211.31265258789062,32339300,0.0,0.0
2025-08-29 00:00:00-04:00,210.1843914975452,214.3179874085232,209.87487342277922,212.5806884765625,39728400,0.0,0.0
2025-09-02 00:00:00-04:00,208.11761422314743,211.3525932568575,205.88107328271496,211.0231170654297,47523000,0.0,0.0
2025-09-03 00:00:00-04:00,225.86012385269166,230.95222645491896,224.44230678385503,230.30323791503906,103336100,0.0,0.0
2025-09-04 00:00:00-04:00,229.2947939629136,232.01058815431742,225.76027598883607,231.94070434570312,51684200,0.0,0.0
2025-09-05 00:00:00-04:00,231.84086323662245,235.39535470067108,231.5413241866342,234.63653564453125,46588900,0.0,0.0
2025-09-08 00:00:00-04:00,235.31608185012894,237.97434675109136,233.5172554040335,233.8870086669922,32474700,0.21,0.0
2025-09-09 00:00:00-04:00,234.0169206603603,240.3128053844981,233.07753270088136,239.47335815429688,38061000,0.0,0.0
2025-09-10 00:00:00-04:00,238.74382884116824,241.50203443312756,237.6945274082077,239.01365661621094,35141100,0.0,0.0
2025-09-11 00:00:00-04:00,239.7232054178332,242.09165136894262,236.09557331646107,240.21287536621094,30599300,0.0,0.0
2025-09-12 00:00:00-04:00,240.21286654309478,241.92175543476245,237.84442067897936,240.64259338378906,26771600,0.0,0.0
2025-09-15 00:00:00-04:00,244.5000723057695,252.24500622225327,244.5000723057695,251.44552612304688,58383800,0.0,0.0
2025-09-16 00:00:00-04:00,251.91521585326547,252.87457975705254,249.30692141357196,250.99581909179688,34109700,0.0,0.0
2025-09-17 00:00:00-04:00,251.0557800198683,251.43553649547647,246.11900683222018,249.36688232421875,34108000,0.0,0.0
2025-09-18 00:00:00-04:00,251.51547232528497,253.82397511354577,249.6367116291099,251.86524963378906,31239500,0.0,0.0
2025-09-19 00:00:00-04:00,253.08445699569828,255.83265939150547,251.64539584681071,254.55349731445312,55571400,0.0,0.0
2025-09-22 00:00:00-04:00,254.2636811395151,255.6128047936517,250.13639113793755,252.36492919921875,32290500,0.0,0.0
2025-09-23 00:00:00-04:00,252.8745862102155,254.1937306726042,250.31626206974443,251.49549865722656,26628000,0.0,0.0
2025-09-24 00:00:00-04:00,251.49550432970327,252.18505574615793,246.2789151995329,246.97845458984375,28201000,0.0,0.0
2025-09-25 00:00:00-04:00,244.24022750230412,246.32887284028934,240.58263166512353,245.6293182373047,31020400,0.0,0.0
2025-09-26 00:00:00-04:00,246.90849752367055,249.25695217808112,245.80921049475367,246.3788299560547,18503200,0.0,0.0
2025-09-29 00:00:00-04:00,247.6879914773483,250.98582213384148,242.61131034259105,243.89047241210938,32505800,0.0,0.0
2025-09-30 00:00:00-04:00,242.65128209661555,243.13096406959585,239.09361157011617,242.94110107421875,34724300,0.0,0.0
2025-10-01 00:00:00-04:00,240.59263270567308,246.13900797357311,238.45403213601972,244.7399139404297,31658200,0.0,0.0
2025-10-02 00:00:00-04:00,244.98974812584623,246.64866670301694,242.14162021805868,245.52940368652344,25483300,0.0,0.0
2025-10-03 00:00:00-04:00,244.33018254314118,246.138996907564,241.5020306823554,245.1896209716797,30249600,0.0,0.0
2025-10-06 00:00:00-04:00,244.61999567020933,251.1557292673991,244.42012945214807,250.26629638671875,28894700,0.0,0.0
2025-10-07 00:00:00-04:00,248.10771903747053,250.27629875611288,245.35951661425605,245.59934997558594,23181300,0.0,0.0
2025-10-08 00:00:00-04:00,244.79988761332393,245.84918907751907,243.66063338889384,244.46009826660156,21307100,0.0,0.0
2025-10-09 00:00:00-04:00,244.3101967172578,244.60000044134677,238.99366696134817,241.3721160888672,27892100,0.0,0.0
2025-10-10 00:00:00-04:00,241.27216783484693,243.93043262992407,235.6858257251368,236.4153594970703,33180300,0.0,0.0
2025-10-13 00:00:00-04:00,240.05299046060216,244.34017953936018,239.55331729181,243.9904022216797,24995000,0.0,0.0
2025-10-14 00:00:00-04:00,241.07230809804528,246.95845730298234,240.35277752895155,245.28955078125,22111600,0.0,0.0
2025-10-15 00:00:00-04:00,247.0883778879278,251.94520161834686,245.82920701293574,250.86590576171875,27007700,0.0,0.0
2025-10-16 00:00:00-04:00,251.60541868813706,256.79201310331337,249.93651222042618,251.29562377929688,27997200,0.0,0.0
2025-10-17 00:00:00-04:00,250.59608169913423,254.05382673080507,247.64801305801078,253.13442993164062,29671600,0.0,0.0
2025-10-20 00:00:00-04:00,254.52352413042843,257.1617826336821,254.06381810029453,256.3822937011719,22350200,0.0,0.0
2025-10-21 00:00:00-04:00,254.5734808325197,254.71338870395212,243.99039197294186,250.29627990722656,47312100,0.0,0.0
2025-10-22 00:00:00-04:00,254.20372304336274,256.19241249616164,249.12704181794433,251.52548217773438,35029400,0.0,0.0
2025-10-23 00:00:00-04:00,252.81462530948346,254.8732762688867,251.68537434804077,252.91456604003906,19901400,0.0,0.0
2025-10-24 00:00:00-04:00,256.412278354529,261.5089509442133,255.1531226659378,259.7501220703125,28655100,0.0,0.0
2025-10-27 00:00:00-04:00,264.6468909460984,269.9634205104271,264.10723541197956,269.0939636230469,35235200,0.0,0.0
2025-10-28 00:00:00-04:00,269.5137161039883,270.5530448339537,266.3257988486908,267.295166015625,29738600,0.0,0.0
2025-10-29 00:00:00-04:00,267.57498405043395,275.1600191542769,267.49504976173847,274.3905334472656,43580300,0.0,0.0
2025-10-30 00:00:00-04:00,291.3993974290424,291.3993974290424,279.87693527724974,281.2960205078125,74876000,0.0,0.0
2025-10-31 00:00:00-04:00,283.02486366213384,285.81304844327684,276.8489107040144,281.0061950683594,39267900,0.0,0.0
2025-11-03 00:00:00-05:00,281.9955439895644,285.3433603410046,279.61709481156873,283.5345458984375,29786000,0.0,0.0
2025-11-04 00:00:00-05:00,276.56908942406625,281.0861237356038,276.07941949471564,277.35858154296875,30078400,0.0,0.0
2025-11-05 00:00:00-05:00,278.6876991693174,286.23278206992967,277.15870054271744,284.1241455078125,31010300,0.0,0.0
2025-11-06 00:00:00-05:00,285.14348075532007,288.1615262521665,280.9562476047489,284.5638732910156,37173600,0.0,0.0
2025-11-07 00:00:00-05:00,283.0248465894465,283.59448127875606,275.0101005397699,278.647705078125,34479600,0.0,0.0
2025-11-10 00:00:00-05:00,284.23409016650885,290.6098939896417,282.6750818691635,289.9103698730469,29557300,0.0,0.0
2025-11-11 00:00:00-05:00,287.56189748708465,291.72918497214437,287.1321858980205,291.11956787109375,19842100,0.0,0.0
2025-11-12 00:00:00-05:00,291.4893355792204,291.8191369528623,283.504568014819,286.5225830078125,24829900,0.0,0.0
2025-11-13 00:00:00-05:00,282.15543354563385,282.65510670070455,277.0587612643864,278.3879089355469,29494000,0.0,0.0
2025-11-14 00:00:00-05:00,271.23257767900105,278.3778974858086,270.52305035910666,276.22930908203125,31647200,0.0,0.0
2025-11-17 00:00:00-05:00,285.59319216713175,293.7578650793077,283.38464532335746,284.83367919921875,52670200,0.0,0.0
2025-11-18 00:00:00-05:00,287.7318125744744,288.61121173854644,278.0181648979437,284.09417724609375,49158700,0.0,0.0
2025-11-19 00:00:00-05:00,286.9722907427786,303.6114007455407,286.44263841708545,292.61859130859375,68198900,0.0,0.0
2025-11-20 00:00:00-05:00,304.3409354639468,306.2197114167213,288.48131431646567,289.26080322265625,62025200,0.0,0.0
2025-11-21 00:00:00-05:00,296.2262391249899,303.7213362601199,293.6579118539212,299.464111328125,74137700,0.0,0.0
2025-11-24 00:00:00-05:00,310.9266228942269,319.27117069793417,309.39762425695875,318.3717346191406,85165100,0.0,0.0
2025-11-25 00:00:00-05:00,325.9967549915166,328.6150374741804,317.4423529194355,323.22857666015625,88632100,0.0,0.0
2025-11-26 00:00:00-05:00,320.4703785574214,324.287888914303,316.58293713459693,319.7408752441406,51373400,0.0,0.0
2025-11-28 00:00:00-05:00,323.15862038246837,326.6363566172421,316.5829348985448,319.970703125,26018600,0.0,0.0
2025-12-01 00:00:00-05:00,317.49233426982363,319.6409227326276,313.684827275924,314.6841735839844,41183000,0.0,0.0
2025-12-02 00:00:00-05:00,316.5329308632399,318.17187340075924,313.7047943107319,315.6035461425781,35854700,0.0,0.0
2025-12-03 00:00:00-05:00,315.68353592029735,321.369788644051,313.89469739870816,319.42108154296875,41838300,0.0,0.0
2025-12-04 00:00:00-05:00,322.0193865832628,322.14927599125497,314.4943097586067,317.4123840332031,31240900,0.0,0.0
2025-12-05 00:00:00-05:00,319.28113189003057,322.9487461411032,318.961364259978,321.0599670410156,28851700,0.0,0.0
2025-12-08 00:00:00-05:00,320.04998779296875,320.44000244140625,311.2200012207031,313.7200012207031,33909400,0.21,0.0
2025-12-09 00:00:00-05:00,312.3699951171875,317.989990234375,311.8999938964844,317.0799865722656,30194000,0.0,0.0
2025-12-10 00:00:00-05:00,315.8299865722656,321.30999755859375,314.67999267578125,320.2099914550781,33428900,0.0,0.0
2025-12-11 00:00:00-05:00,320.0799865722656,321.1199951171875,308.6000061035156,312.42999267578125,42353700,0.0,0.0
2025-12-12 00:00:00-05:00,313.70001220703125,314.8699951171875,305.55999755859375,309.2900085449219,35940200,0.0,0.0
2025-12-15 00:00:00-05:00,311.32000732421875,311.4200134277344,304.8800048828125,308.2200012207031,29151900,0.0,0.0
2025-12-16 00:00:00-05:00,304.95001220703125,310.7699890136719,302.5899963378906,306.57000732421875,30585000,0.0,0.0
2025-12-17 00:00:00-05:00,308.010009765625,308.0899963378906,296.1199951171875,296.7200012207031,43930400,0.0,0.0
2025-12-18 00:00:00-05:00,301.7200012207031,303.9599914550781,299.2300109863281,302.4599914550781,33518000,0.0,0.0
2025-12-19 00:00:00-05:00,301.7300109863281,307.25,300.9700012207031,307.1600036621094,59943200,0.0,0.0
2025-12-22 00:00:00-05:00,309.8800048828125,310.1300048828125,305.29998779296875,309.7799987792969,26429900,0.0,0.0
2025-12-23 00:00:00-05:00,309.6300048828125,314.94000244140625,309.32000732421875,314.3500061035156,25478700,0.0,0.0
2025-12-24 00:00:00-05:00,314.7699890136719,315.0799865722656,311.9200134277344,314.0899963378906,10097400,0.0,0.0
2025-12-26 00:00:00-05:00,314.4800109863281,315.0899963378906,312.2799987792969,313.510009765625,10899000,0.0,0.0
2025-12-29 00:00:00-05:00,311.3699951171875,314.0199890136719,310.6199951171875,313.55999755859375,19621800,0.0,0.0
2025-12-30 00:00:00-05:00,312.5,316.95001220703125,312.4599914550781,313.8500061035156,17380900,0.0,0.0
2025-12-31 00:00:00-05:00,312.8500061035156,314.5799865722656,311.44000244140625,313.0,16377700,0.0,0.0
2026-01-02 00:00:00-05:00,316.8999938964844,322.5,310.3299865722656,315.1499938964844,32009400,0.0,0.0
2026-01-05 00:00:00-05:00,317.6600036621094,319.0199890136719,314.6300048828125,316.5400085449219,30195600,0.0,0.0
2026-01-06 00:00:00-05:00,316.3999938964844,320.94000244140625,311.7799987792969,314.3399963378906,31212100,0.0,0.0
2026-01-07 00:00:00-05:00,314.3599853515625,326.1499938964844,314.19000244140625,321.9800109863281,35104400,0.0,0.0
2026-01-08 00:00:00-05:00,328.9700012207031,330.32000732421875,321.5,325.44000244140625,31896100,0.0,0.0
2026-01-09 00:00:00-05:00,327.0899963378906,330.8299865722656,325.79998779296875,328.57000732421875,26214200,0.0,0.0
2026-01-12 00:00:00-05:00,325.79998779296875,334.0400085449219,325.0,331.8599853515625,33923900,0.0,0.0
2026-01-13 00:00:00-05:00,334.95001220703125,340.489990234375,333.6199951171875,335.9700012207031,33517600,0.0,0.0
2026-01-14 00:00:00-05:00,335.05999755859375,336.5199890136719,330.4800109863281,335.8399963378906,28525600,0.0,0.0
2026-01-15 00:00:00-05:00,337.6499938964844,337.69000244140625,330.739990234375,332.7799987792969,28442400,0.0,0.0
2026-01-16 00:00:00-05:00,334.4100036621094,334.6499938964844,327.70001220703125,330.0,40341600,0.0,0.0
2026-01-20 00:00:00-05:00,320.8699951171875,327.7300109863281,320.42999267578125,322.0,35361000,0.0,0.0
2026-01-21 00:00:00-05:00,320.9200134277344,332.4800109863281,319.3500061035156,328.3800048828125,35386600,0.0,0.0
2026-01-22 00:00:00-05:00,334.45001220703125,335.1499938964844,328.75,330.5400085449219,26253600,0.0,0.0
2026-01-23 00:00:00-05:00,332.489990234375,333.69000244140625,327.45001220703125,327.92999267578125,27280000,0.0,0.0
2026-01-26 00:00:00-05:00,327.80999755859375,335.8399963378906,327.0,333.260009765625,26042100,0.0,0.0
2026-01-27 00:00:00-05:00,335.3699951171875,337.9100036621094,333.4800109863281,334.54998779296875,21636200,0.0,0.0
2026-01-28 00:00:00-05:00,336.05999755859375,337.5400085449219,331.94000244140625,336.010009765625,27434400,0.0,0.0
2026-01-29 00:00:00-05:00,340.29998779296875,342.2900085449219,326.5400085449219,338.25,39785600,0.0,0.0
2026-01-30 00:00:00-05:00,340.0,340.0,332.2900085449219,338.0,31024000,0.0,0.0
2026-02-02 00:00:00-05:00,336.2200012207031,344.8299865722656,335.6300048828125,343.69000244140625,32006100,0.0,0.0
2026-02-03 00:00:00-05:00,347.3399963378906,349.0,337.4700012207031,339.7099914550781,36506700,0.0,0.0
2026-02-04 00:00:00-05:00,342.9599914550781,343.30999755859375,328.5199890136719,333.0400085449219,70618400,0.0,0.0
2026-02-05 00:00:00-05:00,312.2200012207031,332.69000244140625,306.4599914550781,331.25,88205800,0.0,0.0
2026-02-06 00:00:00-05:00,327.17999267578125,330.3800048828125,319.9200134277344,322.8599853515625,56380500,0.0,0.0
2026-02-09 00:00:00-05:00,320.92999267578125,327.70001220703125,317.260009765625,324.32000732421875,39640100,0.0,0.0
2026-02-10 00:00:00-05:00,320.9700012207031,321.6700134277344,314.6099853515625,318.5799865722656,39170000,0.0,0.0
2026-02-11 00:00:00-05:00,318.9700012207031,321.05999755859375,309.6600036621094,310.9599914550781,45406400,0.0,0.0
2026-02-12 00:00:00-05:00,312.0899963378906,316.239990234375,307.20001220703125,309.0,47761300,0.0,0.0
2026-02-13 00:00:00-05:00,307.7300109863281,308.6300048828125,303.7099914550781,305.7200012207031,38499700,0.0,0.0
2026-02-17 00:00:00-05:00,300.0400085449219,304.44000244140625,296.25,302.0199890136719,39247600,0.0,0.0
2026-02-18 00:00:00-05:00,302.0899963378906,305.3800048828125,301.25,303.3299865722656,28482100,0.0,0.0
2026-02-19 00:00:00-05:00,301.82000732421875,305.4700012207031,300.0400085449219,302.8500061035156,25834400,0.0,0.0
2026-02-20 00:00:00-05:00,304.32000732421875,316.5,303.8999938964844,314.9800109863281,53210800,0.0,0.0
2026-02-23 00:00:00-05:00,319.04998779296875,319.5199890136719,309.8699951171875,311.489990234375,31423000,0.0,0.0
2026-02-24 00:00:00-05:00,310.5199890136719,312.2699890136719,305.92999267578125,310.8999938964844,25615600,0.0,0.0
2026-02-25 00:00:00-05:00,312.05999755859375,313.6400146484375,309.44000244140625,312.8999938964844,29963600,0.0,0.0
2026-02-26 00:00:00-05:00,312.6400146484375,313.1400146484375,302.3500061035156,307.3800048828125,36431200,0.0,0.0
2026-02-27 00:00:00-05:00,304.1400146484375,312.3699951171875,303.79998779296875,311.760009765625,44640600,0.0,0.0
2026-03-02 00:00:00-05:00,303.2300109863281,308.489990234375,301.29998779296875,306.5199890136719,34790200,0.0,0.0
2026-03-03 00:00:00-05:00,298.5899963378906,303.94000244140625,296.7099914550781,303.5799865722656,35437900,0.0,0.0
