Date,Open,High,Low,Close,Volume,Dividends,Stock Splits
2021-03-04 00:00:00-05:00,54.416145082415284,54.789045140876674,52.669878939963155,53.051876068115234,40210400,0.0,0.0
2021-03-05 00:00:00-05:00,53.89771931181504,55.64398544282323,53.2155848091353,55.24380111694336,39511700,0.0,0.0
2021-03-08 00:00:00-05:00,54.99823417429533,56.11693438088684,54.316099648116435,54.43433380126953,33112400,0.0,0.0
2021-03-09 00:00:00-05:00,55.643988750321256,57.45391712875226,55.33475428527815,56.99916076660156,36387500,0.0,0.0
2021-03-10 00:00:00-05:00,57.499393026052736,58.31795582993341,56.5080240611375,56.617164611816406,27160300,0.0,0.0
2021-03-11 00:00:00-05:00,57.24472704613977,58.29066455037643,56.74449576415567,57.58124923706055,30701800,0.0,0.0
2021-03-12 00:00:00-05:00,56.980961558000914,57.57214262251104,56.60806155839716,57.20833969116211,20173000,0.0,0.0
2021-03-15 00:00:00-04:00,57.854102076420624,58.09967091613539,56.82635177750671,58.01781463623047,21247400,0.0,0.0
2021-03-16 00:00:00-04:00,58.345237679981594,59.78226932729189,58.281572072266876,58.91822814941406,30186600,0.0,0.0
2021-03-17 00:00:00-04:00,58.40890223268684,60.29159309999411,57.945048848268904,59.82773971557617,32394700,0.0,0.0
2021-03-18 00:00:00-04:00,59.69131355455781,59.75497916338515,57.89048236828096,57.96324157714844,30094200,0.0,0.0
2021-03-19 00:00:00-04:00,57.46300876592099,59.10922442077035,57.22653353703205,57.99052429199219,54951700,0.0,0.0
2021-03-22 00:00:00-04:00,58.95459657640328,60.37343377418272,58.718121397096944,59.69129943847656,34380100,0.0,0.0
2021-03-23 00:00:00-04:00,60.02783899741967,60.073317408636306,57.45391635685977,57.73586654663086,35160000,0.0,0.0
2021-03-24 00:00:00-04:00,60.55535486365655,61.337536310195794,56.38069159510502,56.42616653442383,74584700,0.0,0.0
2021-03-25 00:00:00-04:00,56.080549138256764,56.789967885879,55.462080266657495,56.40797424316406,35401400,0.0,0.0
2021-03-26 00:00:00-04:00,56.20788072788104,59.09103761466749,56.18059645879501,59.00008773803711,34705800,0.0,0.0
2021-03-29 00:00:00-04:00,58.21790354301957,59.23655321533646,57.85409711475047,58.6635627746582,26161600,0.0,0.0
2021-03-30 00:00:00-04:00,57.999629974365234,58.20881749589922,57.43573302633816,57.999629974365234,20709500,0.0,0.0
2021-03-31 00:00:00-04:00,58.21790596824485,58.65446814912957,57.82681525589396,58.20880889892578,33013200,0.0,0.0
2021-04-01 00:00:00-04:00,58.863664722868954,59.018280220884385,57.82682077059976,58.709049224853516,31416300,0.0,0.0
2021-04-05 00:00:00-04:00,59.072845540812764,60.7008740638183,58.84546737177341,60.51897430419922,27947500,0.0,0.0
2021-04-06 00:00:00-04:00,60.08240372708654,60.5553541932154,59.38208203639646,59.627647399902344,28771400,0.0,0.0
2021-04-07 00:00:00-04:00,59.72769189323562,60.546254636344656,59.445745202454404,60.255210876464844,17793300,0.0,0.0
2021-04-08 00:00:00-04:00,60.910063555214876,61.20110732696513,60.355260281092384,60.982826232910156,22224200,0.0,0.0
2021-04-09 00:00:00-04:00,60.755440764429466,62.2106594482119,60.60081835816037,62.08332824707031,27177100,0.0,0.0
2021-04-12 00:00:00-04:00,62.0287564243337,62.292515910506864,58.85455939940576,59.4912223815918,51266900,0.0,0.0
2021-04-13 00:00:00-04:00,59.67312981404885,59.69131701518353,58.39981062464989,59.31842041015625,26822000,0.0,0.0
2021-04-14 00:00:00-04:00,59.400272095396176,59.46393770670512,58.06329078839282,58.381622314453125,25768400,0.0,0.0
2021-04-15 00:00:00-04:00,58.18152483077533,59.31841563350572,57.917765331858185,59.13650894165039,24927700,0.0,0.0
2021-04-16 00:00:00-04:00,59.418464449004176,59.59126713791589,58.727232876264324,58.89094543457031,24625500,0.0,0.0
2021-04-19 00:00:00-04:00,58.845462485853446,58.881843822562736,57.362959444859754,57.87228775024414,23997700,0.0,0.0
2021-04-20 00:00:00-04:00,57.881376374136394,57.99051690536724,56.762676387854235,57.02643585205078,19872100,0.0,0.0
2021-04-21 00:00:00-04:00,57.10830245582243,58.00871807312476,56.662639712555574,57.93595886230469,24364200,0.0,0.0
2021-04-22 00:00:00-04:00,57.61762956751415,58.12695794100672,56.64445123225468,56.90821075439453,38257600,0.0,0.0
2021-04-23 00:00:00-04:00,53.80676156261297,54.57075223265068,52.6607772923139,53.87952423095703,77479500,0.0,0.0
2021-04-26 00:00:00-04:00,53.75219709123579,54.134194214524236,53.170109541001466,53.442962646484375,39645900,0.0,0.0
2021-04-27 00:00:00-04:00,53.26105790369461,53.32472350669738,52.54254213321745,52.72444534301758,38167700,0.0,0.0
2021-04-28 00:00:00-04:00,52.3151780351247,52.897265687165216,51.97865926182304,52.4061279296875,30387400,0.0,0.0
2021-04-29 00:00:00-04:00,52.64259804988275,53.02459173304553,52.26969796747901,53.00640106201172,23290600,0.0,0.0
2021-04-30 00:00:00-04:00,52.39702338774046,53.14282346988669,51.905885732810404,52.32426071166992,30731800,0.0,0.0
2021-05-03 00:00:00-04:00,52.624395358313386,52.64258602519206,51.69669216459076,52.07868576049805,22281700,0.0,0.0
2021-05-04 00:00:00-04:00,51.73307581180005,51.82402568074565,50.75989764211865,51.75126647949219,35323600,0.0,0.0
2021-05-05 00:00:00-04:00,51.80584223959098,52.115076694463134,51.351085892397556,51.70579528808594,21001900,0.0,0.0
2021-05-06 00:00:00-04:00,51.813784615749654,52.39030775716273,51.47519321118609,52.33539962768555,25529300,0.348,0.0
2021-05-07 00:00:00-04:00,52.802102565347894,53.08578580048553,52.38115077129017,52.7746467590332,19959000,0.0,0.0
2021-05-10 00:00:00-04:00,52.29879130516095,52.37199864462898,51.13659555494798,51.218955993652344,35046500,0.0,0.0
2021-05-11 00:00:00-04:00,50.377058087803896,50.907826232018586,49.69072213704121,50.3679084777832,35968100,0.0,0.0
2021-05-12 00:00:00-04:00,49.77307808149392,50.01100981109819,48.885415881843485,49.06843948364258,30232300,0.0,0.0
2021-05-13 00:00:00-04:00,49.45278692369479,49.773075592663986,48.92201885410619,49.425331115722656,29192500,0.0,0.0
2021-05-14 00:00:00-04:00,49.96524877129295,51.1091418612116,49.65410971119969,50.65158462524414,28158300,0.0,0.0
2021-05-17 00:00:00-04:00,50.59667629374889,51.14574354043296,50.111663285264065,50.63328170776367,20010200,0.0,0.0
2021-05-18 00:00:00-04:00,51.20065695618293,51.3745274544067,50.14827388517832,50.184879302978516,18703400,0.0,0.0
2021-05-19 00:00:00-04:00,49.48024134141876,50.72479763519499,49.26976542274849,50.66073989868164,23769700,0.0,0.0
2021-05-20 00:00:00-04:00,50.85290861519181,51.46603709878521,50.66073542263092,51.200653076171875,23145200,0.0,0.0
2021-05-21 00:00:00-04:00,51.630757613720654,51.896141652417604,51.228108496683184,51.31962203979492,17723100,0.0,0.0
2021-05-24 00:00:00-04:00,51.84123284306836,52.5184155531434,51.61245424003785,52.124916076660156,19164400,0.0,0.0
2021-05-25 00:00:00-04:00,52.67398409386711,52.67398409386711,51.63075078566697,52.04255294799805,22309900,0.0,0.0
2021-05-26 00:00:00-04:00,52.207283738581474,52.372004634830645,51.78633188856022,52.08831787109375,15173600,0.0,0.0
2021-05-27 00:00:00-04:00,52.26218554354143,52.96682407203346,52.161522397916215,52.82955551147461,32387600,0.0,0.0
2021-05-28 00:00:00-04:00,52.66483508851927,52.75634862664112,52.10661472407184,52.27133560180664,20303900,0.0,0.0
2021-06-01 00:00:00-04:00,52.71974319085835,52.91191638451259,51.786326047686224,52.06085968017578,20326400,0.0,0.0
2021-06-02 00:00:00-04:00,52.079161729956525,52.79294986359009,51.94189317000338,52.60077667236328,18483600,0.0,0.0
2021-06-03 00:00:00-04:00,52.14321661748795,52.25302936493272,51.328765383077695,51.466033935546875,21831300,0.0,0.0
2021-06-04 00:00:00-04:00,51.749717119279,52.847855065571636,51.74056751153379,52.5001106262207,21493800,0.0,0.0
2021-06-07 00:00:00-04:00,52.53671755425886,52.56416986917057,51.96019450492212,52.24388122558594,17364400,0.0,0.0
2021-06-08 00:00:00-04:00,52.57332025376059,52.74719072403202,51.795470959539095,52.16151809692383,33254500,0.0,0.0
2021-06-09 00:00:00-04:00,52.49095982239324,52.60077256725497,52.13406578342945,52.16151809692383,13904800,0.0,0.0
2021-06-10 00:00:00-04:00,52.29878620455146,53.104084314583154,52.09745993160144,52.50926208496094,26738100,0.0,0.0
2021-06-11 00:00:00-04:00,52.59162443665439,53.021725820643184,52.1157645410443,52.93936538696289,18119700,0.0,0.0
2021-06-14 00:00:00-04:00,53.09493197036034,53.259652823213656,52.37199083738016,53.2504997253418,21784500,0.0,0.0
2021-06-15 00:00:00-04:00,53.268808604349296,53.46098179132408,52.89361183844806,53.06748580932617,20806500,0.0,0.0
2021-06-16 00:00:00-04:00,53.21390303423351,53.41522582570014,51.951044201923054,52.36284637451172,21879700,0.0,0.0
2021-06-17 00:00:00-04:00,52.20727849870055,52.98512787311466,51.88698983863183,52.32624435424805,21498800,0.0,0.0
2021-06-18 00:00:00-04:00,51.868679644327464,51.93273736709545,50.422797351257984,50.94441223144531,55118300,0.0,0.0
2021-06-21 00:00:00-04:00,51.017624847355776,51.28300884580894,50.66988041803385,51.127437591552734,19254600,0.0,0.0
2021-06-22 00:00:00-04:00,51.191495316574645,51.50263433420285,50.78884626059634,51.127437591552734,18682800,0.0,0.0
2021-06-23 00:00:00-04:00,51.127437996541026,51.21895152650021,50.54176536833912,50.569217681884766,20287900,0.0,0.0
2021-06-24 00:00:00-04:00,50.77970220233321,51.33791908268561,50.64243363892313,51.31046676635742,21209700,0.0,0.0
2021-06-25 00:00:00-04:00,51.26471038626459,51.621604452629704,51.01762907319232,51.16404724121094,21101200,0.0,0.0
2021-06-28 00:00:00-04:00,51.575849494935824,52.82955527836219,51.55754678754977,52.60077667236328,22480900,0.0,0.0
2021-06-29 00:00:00-04:00,52.66483777510525,52.921072204033166,51.136598264798,51.93274688720703,26360000,0.0,0.0
2021-06-30 00:00:00-04:00,51.55754674566915,51.59415216041152,50.68818734540258,51.3745231628418,29891600,0.0,0.0
2021-07-01 00:00:00-04:00,51.36537425965049,51.83208108592609,51.12744255144368,51.255558013916016,24871600,0.0,0.0
2021-07-02 00:00:00-04:00,51.7497289361544,52.15238158657383,51.53925300111019,51.94190216064453,17219400,0.0,0.0
2021-07-06 00:00:00-04:00,52.08830899157893,52.1706694256635,50.97187181840226,51.328765869140625,26186600,0.0,0.0
2021-07-07 00:00:00-04:00,51.585005167923285,51.65821600607473,50.981029716713465,51.209808349609375,14857400,0.0,0.0
2021-07-08 00:00:00-04:00,50.614979307918404,50.9901760766358,50.139119395491676,50.68818664550781,19162000,0.0,0.0
2021-07-09 00:00:00-04:00,50.798000908987085,51.347071666226974,50.614980814125,51.23725891113281,18708000,0.0,0.0
2021-07-12 00:00:00-04:00,51.48433526446223,51.94189247029632,51.34707019724267,51.9144401550293,15392800,0.0,0.0
2021-07-13 00:00:00-04:00,51.813774356801254,52.43605240412726,51.55754345174382,52.04255294799805,15716000,0.0,0.0
2021-07-14 00:00:00-04:00,52.31708942605422,52.58247344419685,51.54839666876018,51.722267150878906,16263600,0.0,0.0
2021-07-15 00:00:00-04:00,51.612454109932216,51.612454109932216,50.85290747416106,51.07253646850586,18917000,0.0,0.0
2021-07-16 00:00:00-04:00,51.292162392653566,52.097464057343515,50.23978290726534,50.30384063720703,25263800,0.0,0.0
2021-07-19 00:00:00-04:00,49.791378034263985,50.15742521759744,49.38872892530491,50.001853942871094,27007700,0.0,0.0
2021-07-20 00:00:00-04:00,50.258082566064544,50.84375873064862,49.663260284100375,50.55092239379883,19867000,0.0,0.0
2021-07-21 00:00:00-04:00,50.496016795017304,51.502641316882375,50.34044551966889,51.456886291503906,18497200,0.0,0.0
2021-07-22 00:00:00-04:00,51.301321897298685,51.740576453552656,50.95357739784912,51.209808349609375,36691000,0.0,0.0
2021-07-23 00:00:00-04:00,49.946950689388686,50.0659130600079,47.87878998090021,48.501068115234375,67742300,0.0,0.0
2021-07-26 00:00:00-04:00,48.32718814899455,49.910335492323604,48.281429640615755,49.699859619140625,32881200,0.0,0.0
2021-07-27 00:00:00-04:00,48.61087861943106,48.68408945107506,47.86963814890082,48.66578674316406,39878000,0.0,0.0
2021-07-28 00:00:00-04:00,48.52851909520586,49.34297041275213,48.44615865349417,48.56512451171875,28478800,0.0,0.0
2021-07-29 00:00:00-04:00,48.94032483908491,49.50769487248146,48.793906653341125,49.14165115356445,16886600,0.0,0.0
2021-07-30 00:00:00-04:00,49.095888713238345,49.32466731210547,48.729841558697196,49.15994644165039,16465700,0.0,0.0
2021-08-02 00:00:00-04:00,49.40702732356989,49.846281810721166,48.99522515096421,49.12334060668945,18098100,0.0,0.0
2021-08-03 00:00:00-04:00,49.31551333500757,49.56259463628998,48.738990298681955,49.47108459472656,16375900,0.0,0.0
2021-08-04 00:00:00-04:00,49.644961376014344,49.818831873423804,49.14164910171558,49.32467269897461,17612700,0.0,0.0
2021-08-05 00:00:00-04:00,49.72808691052914,49.75571761728424,49.35045202607711,49.63597869873047,15310000,0.348,0.0
2021-08-06 00:00:00-04:00,49.60835475937116,49.85704169479906,49.48861582448303,49.66361618041992,19256000,0.0,0.0
2021-08-09 00:00:00-04:00,49.81099757094574,50.11494597765155,49.58073224233797,49.783363342285156,14670100,0.0,0.0
2021-08-10 00:00:00-04:00,49.95835083858583,50.09650788224928,49.28597320786182,49.682029724121094,16215700,0.0,0.0
2021-08-11 00:00:00-04:00,49.97677543642494,50.06888365769298,49.589931447807274,49.866249084472656,18590800,0.0,0.0
2021-08-12 00:00:00-04:00,49.893883735059056,49.903096314698224,49.05571817994685,49.31361770629883,15070100,0.0,0.0
2021-08-13 00:00:00-04:00,49.276771931816405,49.33203686615766,48.871506287355636,49.26756286621094,15281100,0.0,0.0
2021-08-16 00:00:00-04:00,49.02808546720252,49.26756333807209,48.81624182055299,49.249141693115234,17690300,0.0,0.0
2021-08-17 00:00:00-04:00,48.97282492025127,48.98203750033989,48.09781954460297,48.53071594238281,22014900,0.0,0.0
2021-08-18 00:00:00-04:00,48.447813907377075,48.843870473339166,47.996495922442186,48.0701789855957,15061700,0.0,0.0
2021-08-19 00:00:00-04:00,47.94122848312543,48.51228536859062,47.508332165006756,48.30044174194336,22999400,0.0,0.0
2021-08-20 00:00:00-04:00,48.04254135300112,48.2451758962193,47.36095467081107,47.904380798339844,25728300,0.0,0.0
2021-08-23 00:00:00-04:00,48.4386052369583,49.3136140180444,48.337287949923045,49.02808380126953,23976300,0.0,0.0
2021-08-24 00:00:00-04:00,49.33203634875623,49.70967127887042,49.10177106177027,49.56230163574219,20348800,0.0,0.0
2021-08-25 00:00:00-04:00,49.81098856731535,49.94914563136526,49.488615057393346,49.56230163574219,15048400,0.0,0.0
2021-08-26 00:00:00-04:00,49.5070425606907,49.5070425606907,48.788615904617444,48.93598556518555,19570000,0.0,0.0
2021-08-27 00:00:00-04:00,49.14781747368904,49.6820310478453,48.742548368912885,49.63597869873047,16525000,0.0,0.0
2021-08-30 00:00:00-04:00,49.976768966885814,50.538616746396364,49.51623846086982,49.682029724121094,14581300,0.0,0.0
2021-08-31 00:00:00-04:00,50.14256892226164,50.19783385744845,49.42414233268077,49.79256820678711,22350100,0.0,0.0
2021-09-01 00:00:00-04:00,49.83861491296742,49.88466726361785,49.304397807428884,49.433345794677734,18615000,0.0,0.0
2021-09-02 00:00:00-04:00,49.55308712541986,49.63598276604687,49.1386089222848,49.48861312866211,15869500,0.0,0.0
2021-09-03 00:00:00-04:00,49.22150241596659,49.8109844533629,49.11097607114129,49.28597640991211,13456200,0.0,0.0
2021-09-07 00:00:00-04:00,49.341245672242465,49.69124989409053,49.221506738584274,49.41493225097656,13915000,0.0,0.0
2021-09-08 00:00:00-04:00,49.48861338203576,49.66361372933573,48.80703012323012,49.341243743896484,18235100,0.0,0.0
2021-09-09 00:00:00-04:00,49.424147693973644,49.635991364815226,49.12940836814449,49.18467330932617,13495800,0.0,0.0
2021-09-10 00:00:00-04:00,49.59913673798103,50.63993672088997,49.562296965847196,49.589927673339844,20324700,0.0,0.0
2021-09-13 00:00:00-04:00,50.2991542273154,51.109689091820414,50.114941278986564,50.6491584777832,22639200,0.0,0.0
2021-09-14 00:00:00-04:00,50.99916352193996,51.0636375322649,49.98599749091659,50.21626281738281,22072700,0.0,0.0
2021-09-15 00:00:00-04:00,50.354412154304825,50.796524605009346,50.12414686328225,50.768890380859375,18796200,0.0,0.0
2021-09-16 00:00:00-04:00,50.52941217209711,50.61230781108854,49.958355277694636,50.50178146362305,19863100,0.0,0.0
2021-09-17 00:00:00-04:00,50.28073182495103,50.28073182495103,49.43335368081006,49.97677993774414,35359200,0.0,0.0
2021-09-20 00:00:00-04:00,49.009660864087536,49.276769429485306,48.189917037618585,48.79781723022461,35051900,0.0,0.0
2021-09-21 00:00:00-04:00,49.0004507172273,49.230715989851895,48.65965909754229,48.69649887084961,17968900,0.0,0.0
2021-09-22 00:00:00-04:00,49.18466683579979,49.61756318725187,48.81624097021941,49.276771545410156,18594100,0.0,0.0
2021-09-23 00:00:00-04:00,49.5070423281021,50.01362531432685,49.36888173478179,49.76493835449219,16474300,0.0,0.0
2021-09-24 00:00:00-04:00,49.53466842944935,50.12414701406935,49.4886160738202,49.939937591552734,12976200,0.0,0.0
2021-09-27 00:00:00-04:00,49.68203070417662,50.5386177433494,49.57150436435177,50.34519577026367,13899900,0.0,0.0
2021-09-28 00:00:00-04:00,49.903095984210566,50.28073093481362,49.70046139632662,49.7373046875,24691300,0.0,0.0
2021-09-29 00:00:00-04:00,49.73730251061843,49.78335486578473,48.98203264246867,49.26756286621094,20514300,0.0,0.0
2021-09-30 00:00:00-04:00,49.51624373792375,49.71887830650805,49.05571318282801,49.074134826660156,20534100,0.0,0.0
2021-10-01 00:00:00-04:00,49.414934468328,49.83862177435245,48.862295643732544,49.60835647583008,19895100,0.0,0.0
2021-10-04 00:00:00-04:00,49.672828986414295,50.04125485841231,48.8899284003804,49.249141693115234,27353300,0.0,0.0
2021-10-05 00:00:00-04:00,49.322816408398694,50.05045544993308,49.25834241875073,49.69124221801758,18129400,0.0,0.0
2021-10-06 00:00:00-04:00,49.25835291106942,49.80177916354736,48.88071795687762,49.7188835144043,20059600,0.0,0.0
2021-10-07 00:00:00-04:00,50.03204324898936,50.64915606951296,49.84783030941949,49.90309524536133,20704400,0.0,0.0
2021-10-08 00:00:00-04:00,50.24388491762173,50.271519141287264,49.460984347297256,49.56230163574219,16068000,0.0,0.0
2021-10-11 00:00:00-04:00,49.56230319132862,50.11493849201241,49.20308638095764,49.22150802612305,14398800,0.0,0.0
2021-10-12 00:00:00-04:00,49.341244809237295,49.47940538516251,47.90438817117882,48.0517578125,32784300,0.0,0.0
2021-10-13 00:00:00-04:00,48.245192515405,48.429405480553555,47.77544927859769,48.13466262817383,18534000,0.0,0.0
2021-10-14 00:00:00-04:00,48.724137645461305,49.73730353424968,48.56755541838991,49.645198822021484,26586700,0.0,0.0
2021-10-15 00:00:00-04:00,49.92151730477263,50.18862589368611,49.562304002095004,50.16099166870117,25231100,0.0,0.0
2021-10-18 00:00:00-04:00,49.9122970498972,50.25309216827127,49.479400745491624,50.170196533203125,22407600,0.0,0.0
2021-10-19 00:00:00-04:00,50.317577677456775,50.86100396204602,50.07809978197277,50.85179138183594,18392900,0.0,0.0
2021-10-20 00:00:00-04:00,50.88862678680885,51.10968300117454,50.732048083208866,50.99915313720703,16850300,0.0,0.0
2021-10-21 00:00:00-04:00,50.59388689356898,51.64389599348111,50.50178218828764,51.57942199707031,38390900,0.0,0.0
2021-10-22 00:00:00-04:00,46.41227416360024,46.55964381778107,45.26094764232192,45.555686950683594,109971900,0.0,0.0
2021-10-25 00:00:00-04:00,45.89647578058053,46.11752847448239,45.41752359236754,45.50962829589844,43178800,0.0,0.0
2021-10-26 00:00:00-04:00,45.500425004340414,45.537264782285696,44.14646390650821,44.468833923339844,68405400,0.0,0.0
2021-10-27 00:00:00-04:00,44.68988866509604,44.966206315082886,44.09119749548327,44.109619140625,41081500,0.0,0.0
2021-10-28 00:00:00-04:00,44.33988361321482,44.5425181924508,44.100409257947334,44.28462219238281,31317200,0.0,0.0
2021-10-29 00:00:00-04:00,44.30303597331168,45.38988831483198,44.13724469995644,45.13199234008789,42301000,0.0,0.0
2021-11-01 00:00:00-04:00,45.50042705790092,45.684636496650214,45.132001153262685,45.63858413696289,28013700,0.0,0.0
2021-11-02 00:00:00-04:00,45.6938413249575,45.96094988482787,45.34383712628493,45.92410659790039,27193300,0.0,0.0
2021-11-03 00:00:00-04:00,45.98858231744198,46.46753452474836,45.78594774531292,46.412269592285156,23962100,0.0,0.0
2021-11-04 00:00:00-04:00,46.595909092587036,46.69792741503029,46.12289929197221,46.660831451416016,24806000,0.348,0.0
2021-11-05 00:00:00-04:00,46.88342003838998,47.838712718581654,46.87414693225358,47.22658157348633,36816200,0.0,0.0
2021-11-08 00:00:00-05:00,47.72742189178836,48.218981508137695,47.35643744062313,47.81089401245117,31647800,0.0,0.0
2021-11-09 00:00:00-05:00,47.80161723914619,48.01493407825877,47.087467714463166,47.48627853393555,22508400,0.0,0.0
2021-11-10 00:00:00-05:00,47.282233576763325,47.66249463454768,47.03181724046583,47.078189849853516,25040700,0.0,0.0
2021-11-11 00:00:00-05:00,47.310059238366165,47.36570849573113,46.753580816730626,46.86487579345703,25420000,0.0,0.0
2021-11-12 00:00:00-05:00,46.929793993134716,47.208036717262594,46.54025984016082,46.660831451416016,23884800,0.0,0.0
2021-11-15 00:00:00-05:00,46.75357709086241,46.95762081360317,46.48461100870471,46.67010498046875,24695800,0.0,0.0
2021-11-16 00:00:00-05:00,46.716478178745504,47.43990432395882,46.68865532093074,46.93907165527344,30927800,0.0,0.0
2021-11-17 00:00:00-05:00,46.929793314896564,47.245131998081376,46.3547652001489,46.586631774902344,23546900,0.0,0.0
2021-11-18 00:00:00-05:00,46.59591290770332,46.59591290770332,45.418030169931384,46.07653045654297,30658200,0.0,0.0
2021-11-19 00:00:00-05:00,46.002330387810815,46.122902006161276,45.668445467615044,45.92813491821289,27607600,0.0,0.0
2021-11-22 00:00:00-05:00,45.95595567440371,47.161661188732545,45.82611095504568,46.21564865112305,33389600,0.0,0.0
2021-11-23 00:00:00-05:00,46.52172052163118,46.79068666166749,45.11197098606611,45.538604736328125,44713300,0.0,0.0
2021-11-24 00:00:00-05:00,45.316008684578435,46.169276070843864,45.10269183801208,46.150726318359375,26035800,0.0,0.0
2021-11-26 00:00:00-05:00,45.3531121843784,45.61280166602842,44.629685925775924,45.24181365966797,25269000,0.0,0.0
2021-11-29 00:00:00-05:00,45.7240905628461,46.49388933521492,45.186161917073186,46.37331771850586,31478900,0.0,0.0
2021-11-30 00:00:00-05:00,45.90959070702544,46.744311953263804,45.149068477343306,45.631351470947266,49460800,0.0,0.0
2021-12-01 00:00:00-05:00,46.224923270658316,46.66083358963109,45.00066796520616,45.07486343383789,35093500,0.0,0.0
2021-12-02 00:00:00-05:00,45.084143311127484,46.17855397143902,44.824453845292076,45.90958786010742,37240800,0.0,0.0
2021-12-03 00:00:00-05:00,46.076529941788685,46.42896815606743,45.22325903427229,45.67771911621094,32224900,0.0,0.0
2021-12-06 00:00:00-05:00,45.89103904412608,47.49555556137703,45.612799819620804,47.2915153503418,40336000,0.0,0.0
2021-12-07 00:00:00-05:00,50.695309369970765,51.01064806315403,48.4230161577387,48.75690460205078,91731500,0.0,0.0
2021-12-08 00:00:00-05:00,48.75690966695806,49.04442553231712,47.6532258951667,47.99638748168945,37143400,0.0,0.0
2021-12-09 00:00:00-05:00,47.57903038951236,47.84799652163842,46.77213553113808,46.81850814819336,31694200,0.0,0.0
2021-12-10 00:00:00-05:00,47.152387360059905,47.36570418688159,46.41968812575726,46.9205207824707,23783600,0.0,0.0
2021-12-13 00:00:00-05:00,47.16166270451911,47.31933382452378,46.326945108388024,46.37331771850586,35726900,0.0,0.0
2021-12-14 00:00:00-05:00,46.206380131920454,46.62374075896588,45.74264688809307,46.09508514404297,34120400,0.0,0.0
2021-12-15 00:00:00-05:00,46.25274429733826,47.09673850536818,45.7519151743998,46.99471664428711,32590300,0.0,0.0
2021-12-16 00:00:00-05:00,47.059651500660756,47.671779245679815,46.911257003019884,47.143123626708984,33132300,0.0,0.0
2021-12-17 00:00:00-05:00,46.92052232626106,47.319333135876505,46.3825901503134,46.94834518432617,50102300,0.0,0.0
2021-12-20 00:00:00-05:00,46.28985046846996,46.49389422003003,45.408756631646796,46.00233459472656,30140300,0.0,0.0
2021-12-21 00:00:00-05:00,46.31766842192668,47.15238955531079,46.31766842192668,47.087467193603516,31956300,0.0,0.0
2021-12-22 00:00:00-05:00,46.96689507122911,47.31933327241857,46.56808426046287,47.2729606628418,23307900,0.0,0.0
2021-12-23 00:00:00-05:00,47.3749819656778,47.97783295904328,47.34715556985861,47.58829879760742,25198200,0.0,0.0
2021-12-27 00:00:00-05:00,47.625394517555726,48.28389829917935,47.57902190876616,48.17259979248047,20985400,0.0,0.0
2021-12-28 00:00:00-05:00,48.16332448964621,48.33954181021225,47.885085311593414,48.005653381347656,19290400,0.0,0.0
2021-12-29 00:00:00-05:00,48.05203740489101,48.3580994895317,47.91291602405199,48.070587158203125,14174800,0.0,0.0
2021-12-30 00:00:00-05:00,48.15404699672882,48.35809070810577,47.90363421749735,47.98710632324219,18359400,0.0,0.0
2021-12-31 00:00:00-05:00,48.1262339047683,48.37665027280782,47.72742304507614,47.764522552490234,16319000,0.0,0.0
2022-01-03 00:00:00-05:00,47.90364882791061,49.36904414036686,47.85727266990546,49.350494384765625,33857600,0.0,0.0
2022-01-04 00:00:00-05:00,49.684371416069276,50.02753297029807,48.83110408382401,49.285560607910156,45681400,0.0,0.0
2022-01-05 00:00:00-05:00,50.25939726885947,52.09578010900163,49.92551237447256,49.962608337402344,59109300,0.0,0.0
2022-01-06 00:00:00-05:00,50.64894261651186,50.70458833832805,49.54525529377506,50.09246063232422,35757900,0.0,0.0
2022-01-07 00:00:00-05:00,50.25940444729399,50.44489844044916,49.29484205129368,49.563804626464844,30717200,0.0,0.0
2022-01-10 00:00:00-05:00,50.05536504019112,51.29817021481781,49.443237329584164,51.205421447753906,49260800,0.0,0.0
2022-01-11 00:00:00-05:00,51.47438370396257,52.01231589856995,50.76023417215799,51.854644775390625,39795200,0.0,0.0
2022-01-12 00:00:00-05:00,52.06796012378698,52.19780484620986,50.83443172276632,51.69697570800781,29136800,0.0,0.0
2022-01-13 00:00:00-05:00,51.938117471154214,52.13288456255021,50.797334244116065,50.95500183105469,29605400,0.0,0.0
2022-01-14 00:00:00-05:00,50.871529235822244,51.72480014028671,50.57474027896593,51.65987777709961,30151500,0.0,0.0
2022-01-18 00:00:00-05:00,51.2981685923273,51.61350731436344,50.71386376131842,50.78805923461914,35313800,0.0,0.0
2022-01-19 00:00:00-05:00,50.667494151824975,50.87153436900016,49.67510531382433,49.730751037597656,30595100,0.0,0.0
2022-01-20 00:00:00-05:00,49.95333883809308,50.16665567685542,48.17260158276756,48.265350341796875,28582600,0.0,0.0
2022-01-21 00:00:00-05:00,48.3024498454086,49.27628881819435,48.181878227672186,48.265350341796875,46372400,0.0,0.0
2022-01-24 00:00:00-05:00,47.74596613081122,48.3488206590854,46.262021421525446,48.17259979248047,64198400,0.0,0.0
2022-01-25 00:00:00-05:00,47.310058171713926,47.87581322582321,46.60518528433407,47.300785064697266,44095400,0.0,0.0
2022-01-26 00:00:00-05:00,47.42135596612733,48.896027619695644,47.06891775877047,47.94073486328125,54895400,0.0,0.0
2022-01-27 00:00:00-05:00,46.354772643025434,46.42897165710169,44.31434574997673,44.564762115478516,89642800,0.0,0.0
2022-01-28 00:00:00-05:00,44.24942128617774,44.70388138086401,42.94169379804433,44.26797103881836,61945400,0.0,0.0
2022-01-31 00:00:00-05:00,44.22159668306622,45.32528038665073,43.87843511775059,45.278907775878906,51828400,0.0,0.0
2022-02-01 00:00:00-05:00,45.24180779179895,45.47367438120014,44.85227361984658,45.399478912353516,35386100,0.0,0.0
2022-02-02 00:00:00-05:00,44.750255244168756,45.98378729421868,44.601860756899946,45.918861389160156,37962700,0.0,0.0
2022-02-03 00:00:00-05:00,45.67771970223237,46.085803640104054,44.75025331233933,44.778076171875,42145800,0.0,0.0
2022-02-04 00:00:00-05:00,44.72667803570154,45.08180100289884,44.044470470398004,44.86685562133789,32431500,0.365,0.0
2022-02-07 00:00:00-05:00,44.97901189026455,45.474312552362655,44.82013964688342,45.02573776245117,27558500,0.0,0.0
2022-02-08 00:00:00-05:00,44.838820039083416,45.73596940542432,44.76405937436569,45.61448287963867,28051200,0.0,0.0
2022-02-09 00:00:00-05:00,46.10044484738698,46.69854449201897,45.63317905439885,46.64247131347656,35217300,0.0,0.0
2022-02-10 00:00:00-05:00,45.960255057940024,46.66115361588142,45.56775001171655,45.66120529174805,32762700,0.0,0.0
2022-02-11 00:00:00-05:00,45.74531915931439,45.89484406168886,44.39024772625868,44.51173782348633,37208200,0.0,0.0
2022-02-14 00:00:00-05:00,44.78274505033799,45.02572522196282,44.02577686285989,44.46500778198242,28456900,0.0,0.0
2022-02-15 00:00:00-05:00,44.57715216411552,45.28739451802717,44.100539114489884,45.26870346069336,35837900,0.0,0.0
2022-02-16 00:00:00-05:00,44.913576303325,45.31542505415959,44.48368918885853,45.072444915771484,26022900,0.0,0.0
2022-02-17 00:00:00-05:00,44.726676755759605,45.1004872050473,44.278102077641584,44.45566177368164,32030600,0.0,0.0
2022-02-18 00:00:00-05:00,43.16601008482041,43.18470114321391,41.59599682931479,42.09130096435547,76520100,0.0,0.0
2022-02-22 00:00:00-05:00,41.76421356201172,42.43707741679785,40.979206919746204,41.76421356201172,57093300,0.0,0.0
2022-02-23 00:00:00-05:00,42.21278273237587,42.717430557181665,41.633374247388375,41.726829528808594,38176700,0.0,0.0
2022-02-24 00:00:00-05:00,41.025933601776714,43.726729022000065,40.77360967312874,43.661312103271484,72740100,0.0,0.0
2022-02-25 00:00:00-05:00,43.857564810829864,44.6612624937742,43.222083087802005,44.58649826049805,39266300,0.0,0.0
2022-02-28 00:00:00-05:00,43.922983262756105,44.68929885576098,43.7828021029568,44.57715606689453,41946100,0.0,0.0
2022-03-01 00:00:00-05:00,44.427628377856074,44.764060288341724,43.19404708271185,43.754764556884766,53853000,0.0,0.0
2022-03-02 00:00:00-05:00,44.40893896854757,45.78270146570743,44.371556851560456,45.670555114746094,46936500,0.0,0.0
2022-03-03 00:00:00-05:00,45.02572422527481,45.371499853443495,44.50238534524438,44.792091369628906,36389900,0.0,0.0
2022-03-04 00:00:00-05:00,44.26875134979189,45.10983103444328,44.26875134979189,44.92292404174805,38310700,0.0,0.0
2022-03-07 00:00:00-05:00,44.86685376318743,45.36215786046292,44.483696007722195,44.5584602355957,43813700,0.0,0.0
2022-03-08 00:00:00-05:00,44.56780705096684,45.53037694387971,43.8201825455162,44.3902473449707,44813900,0.0,0.0
2022-03-09 00:00:00-05:00,45.240671276942486,45.28739714050547,43.82018292190762,44.51173782348633,36076500,0.0,0.0
2022-03-10 00:00:00-05:00,44.193991848128995,44.21268290438305,43.13797034197875,43.6052360534668,36456000,0.0,0.0
2022-03-11 00:00:00-05:00,44.06316356267847,44.184650096181784,42.773509038539,42.82958221435547,27082100,0.0,0.0
2022-03-14 00:00:00-04:00,42.895003476811404,42.969764153842206,41.399750721687326,41.49320602416992,35993900,0.0,0.0
2022-03-15 00:00:00-04:00,41.58665198222509,41.960466010294425,41.18480314978474,41.87635803222656,34448900,0.0,0.0
2022-03-16 00:00:00-04:00,42.334277028541415,43.577205657958984,42.30624222380277,43.577205657958984,38885500,0.0,0.0
2022-03-17 00:00:00-04:00,43.28749464823176,44.19399125718266,42.736120973450454,44.053810119628906,28555000,0.0,0.0
2022-03-18 00:00:00-04:00,43.754761501233176,44.483694879743226,43.31553058600045,44.3435173034668,46237100,0.0,0.0
2022-03-21 00:00:00-04:00,44.352865805324726,44.754714650660034,43.988399076986866,44.28744888305664,32910900,0.0,0.0
2022-03-22 00:00:00-04:00,44.390244796513215,45.29674146261697,44.296793075555044,45.22197723388672,27923300,0.0,0.0
2022-03-23 00:00:00-04:00,45.287392452813975,46.334070226048645,44.91358201804832,45.109832763671875,37126400,0.0,0.0
2022-03-24 00:00:00-04:00,45.474307780628685,48.26855884962918,45.408890853440674,48.24052047729492,51677900,0.0,0.0
2022-03-25 00:00:00-04:00,47.37140244346419,48.576948984743524,47.14711687040822,48.436771392822266,33239800,0.0,0.0
2022-03-28 00:00:00-04:00,47.99753680464878,48.19378755749413,47.2499123426513,48.13771438598633,22932400,0.0,0.0
2022-03-29 00:00:00-04:00,48.59563654119318,48.866651523646645,47.922772740606554,48.82926940917969,27303700,0.0,0.0
2022-03-30 00:00:00-04:00,48.829269471756035,49.07224608619334,47.866703195203556,48.06295394897461,24623300,0.0,0.0
2022-03-31 00:00:00-04:00,47.84801504997144,47.90408466020147,46.268654482667955,46.31538391113281,43698300,0.0,0.0
2022-04-01 00:00:00-04:00,46.56770724097482,46.633124162021375,44.23137844658407,44.96031188964844,46598600,0.0,0.0
2022-04-04 00:00:00-04:00,45.01638436641732,46.00698912171834,44.782751472097225,45.97895431518555,23784900,0.0,0.0
2022-04-05 00:00:00-04:00,45.63317669561006,45.77335428728764,44.87620486671351,44.97900390625,25779200,0.0,0.0
2022-04-06 00:00:00-04:00,44.334176082863884,45.016383696328994,44.147272622153984,44.42763137817383,31518700,0.0,0.0
2022-04-07 00:00:00-04:00,44.324833290732606,44.77340802301933,43.70804258821899,44.44632339477539,24117000,0.0,0.0
2022-04-08 00:00:00-04:00,44.18464607395416,44.46500836255958,43.78279726290462,43.94166946411133,22167300,0.0,0.0
2022-04-11 00:00:00-04:00,43.8295305414522,44.20334101753657,43.483751305756655,43.52113342285156,30352500,0.0,0.0
2022-04-12 00:00:00-04:00,44.22202684985279,44.77340053449828,43.37160339370002,43.455711364746094,29861400,0.0,0.0
2022-04-13 00:00:00-04:00,43.68934304516395,44.17529980201699,43.50243605176596,43.93231964111328,22171300,0.0,0.0
2022-04-14 00:00:00-04:00,43.689349485086844,43.689349485086844,42.63332784693908,42.6800537109375,36181800,0.0,0.0
2022-04-18 00:00:00-04:00,42.54921733373471,43.82018072260643,42.53987358747302,43.5865478515625,25593100,0.0,0.0
2022-04-19 00:00:00-04:00,43.54916286641456,44.857508284013406,43.30618626512278,44.792091369628906,31483100,0.0,0.0
2022-04-20 00:00:00-04:00,45.193944769087516,45.5584114906197,44.838821794152764,44.96031188964844,22787100,0.0,0.0
2022-04-21 00:00:00-04:00,45.436921652601605,45.69859290322546,44.296795618647444,44.3902473449707,27316900,0.0,0.0
2022-04-22 00:00:00-04:00,44.34351889165416,44.53042589833809,43.455713283621506,43.49309539794922,28219900,0.0,0.0
2022-04-25 00:00:00-04:00,43.18469958652178,44.05381416323868,43.15666478241954,43.97905349731445,35999300,0.0,0.0
2022-04-26 00:00:00-04:00,43.633267367422945,43.773448495645376,42.53052009126599,42.53986740112305,35356600,0.0,0.0
2022-04-27 00:00:00-04:00,42.50249046653513,43.04452042570612,42.0632595385831,42.25951385498047,28320900,0.0,0.0
2022-04-28 00:00:00-04:00,42.79219918971315,44.17530541259565,42.55856630953121,43.77345657348633,41097000,0.0,0.0
2022-04-29 00:00:00-04:00,42.04457449182577,42.39035015470979,40.65212096379609,40.736228942871094,70765900,0.0,0.0
2022-05-02 00:00:00-04:00,40.85771590290056,42.0445712654592,40.66146159014891,42.01653289794922,45446500,0.0,0.0
2022-05-03 00:00:00-04:00,41.85766903433543,42.51184183317421,41.33433008227342,42.10999298095703,40158400,0.0,0.0
2022-05-04 00:00:00-04:00,42.1099892524156,43.58654711881386,41.50254237193151,43.49309539794922,44625600,0.0,0.0
2022-05-05 00:00:00-04:00,42.951493641871934,43.243489748438414,41.56687552015289,42.00957489013672,52996700,0.365,0.0
2022-05-06 00:00:00-04:00,41.90596039568117,42.527626532416654,41.29371186403417,41.726993560791016,40916600,0.0,0.0
2022-05-09 00:00:00-04:00,41.265460926024474,41.632808656456696,40.38005501869059,40.56843948364258,44925800,0.0,0.0
2022-05-10 00:00:00-04:00,41.774094678385566,42.14144600518928,40.97346518670391,41.45384216308594,42770000,0.0,0.0
2022-05-11 00:00:00-04:00,41.463262507547064,41.717580993258,40.29528171314887,40.34238052368164,40351700,0.0,0.0
2022-05-12 00:00:00-04:00,40.248187374811025,40.41773303565469,39.570004731436356,40.35179901123047,42329600,0.0,0.0
2022-05-13 00:00:00-04:00,40.89810800349117,41.293715723737,40.47424746533912,41.06765365600586,32034100,0.0,0.0
2022-05-16 00:00:00-04:00,40.89811071393511,41.0770775774139,40.30470448394151,40.57786178588867,25071900,0.0,0.0
2022-05-17 00:00:00-04:00,41.27488286339279,41.8400327244159,41.11475838691915,41.821197509765625,28596600,0.0,0.0
2022-05-18 00:00:00-04:00,41.425587402434175,41.425587402434175,39.76781193504717,39.8902587890625,35218400,0.0,0.0
2022-05-19 00:00:00-04:00,39.86199576091863,40.21992584304495,39.296846025463935,39.56999969482422,29181000,0.0,0.0
2022-05-20 00:00:00-04:00,39.79606871876917,39.833746332571295,37.968747566986245,39.230918884277344,44802300,0.0,0.0
2022-05-23 00:00:00-04:00,39.26858893423439,39.796064694722496,38.92950122370773,39.560585021972656,27199500,0.0,0.0
2022-05-24 00:00:00-04:00,39.278012050118406,39.456975316613445,38.712858652057776,39.249752044677734,29837500,0.0,0.0
2022-05-25 00:00:00-04:00,39.033109804465205,40.0503837296002,38.986014587887034,39.74897003173828,26283100,0.0,0.0
2022-05-26 00:00:00-04:00,39.72071309938616,41.143012464740174,39.635943858870014,40.954627990722656,28826700,0.0,0.0
2022-05-27 00:00:00-04:00,41.058233788157054,41.96247482299805,41.0205561800884,41.96247482299805,30553300,0.0,0.0
2022-05-31 00:00:00-04:00,41.67990620155412,42.150865593662076,41.11475636827857,41.840030670166016,41111500,0.0,0.0
2022-06-01 00:00:00-04:00,42.16970086977554,42.32040771890644,41.001720094160056,41.54803466796875,29885500,0.0,0.0
2022-06-02 00:00:00-04:00,41.623385269464194,42.27331145973486,41.38790559893357,42.235633850097656,28727600,0.0,0.0
2022-06-03 00:00:00-04:00,41.54803662295604,41.679904673008615,40.822758754532025,40.86985397338867,33174700,0.0,0.0
2022-06-06 00:00:00-04:00,41.26546067188778,41.482101547651176,40.57786043321227,40.822757720947266,25437100,0.0,0.0
2022-06-07 00:00:00-04:00,40.559013529654266,41.05822920486638,40.18224467729496,41.001712799072266,25168700,0.0,0.0
2022-06-08 00:00:00-04:00,39.79606559262382,39.80548319876705,38.64692361387394,38.83530807495117,59649900,0.0,0.0
2022-06-09 00:00:00-04:00,38.6280757171284,38.94832814764615,37.6861572265625,37.6861572265625,39047200,0.0,0.0
2022-06-10 00:00:00-04:00,37.5354569427247,37.75210139520741,36.90437316894531,36.90437316894531,43066200,0.0,0.0
2022-06-13 00:00:00-04:00,36.310966520729075,36.55586740401901,35.48207702773477,35.576271057128906,50335900,0.0,0.0
2022-06-14 00:00:00-04:00,35.80232993320705,35.98129679444702,35.359630566181806,35.72697830200195,31351700,0.0,0.0
2022-06-15 00:00:00-04:00,36.32038617031228,36.89495355599094,35.71755518731926,36.40515899658203,37652300,0.0,0.0
2022-06-16 00:00:00-04:00,35.51033689316397,35.59510972271717,34.78505903879433,35.17124557495117,45576500,0.0,0.0
2022-06-17 00:00:00-04:00,35.303111779734394,35.90593916147594,34.474222333272465,34.82273483276367,71393200,0.0,0.0
2022-06-21 00:00:00-04:00,35.19008436781679,35.82116819293149,35.16182795568771,35.53859329223633,34004900,0.0,0.0
2022-06-22 00:00:00-04:00,35.161828121694676,35.576271071795276,35.05821648588582,35.20892333984375,32571000,0.0,0.0
2022-06-23 00:00:00-04:00,35.42555559296185,35.434973197044876,34.76621191999732,35.2371711730957,30163000,0.0,0.0
2022-06-24 00:00:00-04:00,35.651624754036106,36.39574146027542,35.548016705399206,36.36748504638672,38159900,0.0,0.0
2022-06-27 00:00:00-04:00,36.61238050748308,36.79134736812814,36.23561516644029,36.386322021484375,29585300,0.0,0.0
2022-06-28 00:00:00-04:00,36.339227425950746,36.75367038614297,35.54801552512201,35.585689544677734,37824200,0.0,0.0
2022-06-29 00:00:00-04:00,35.359628998429294,35.41614182104377,34.8698308413405,35.124149322509766,25437200,0.0,0.0
2022-06-30 00:00:00-04:00,35.04878675322956,35.792903235477155,34.596666301431185,35.2371711730957,35141000,0.0,0.0
2022-07-01 00:00:00-04:00,34.93576333773339,35.0393749655155,33.79604261839925,34.22932434082031,40596300,0.0,0.0
2022-07-05 00:00:00-04:00,33.843137693600006,34.606093100654206,33.475789991618754,34.55899429321289,33215000,0.0,0.0
2022-07-06 00:00:00-04:00,34.68144756902255,35.24659737331897,34.342356249190765,34.841575622558594,26258300,0.0,0.0
2022-07-07 00:00:00-04:00,35.68930210362803,36.10374866764597,35.538595242112876,35.924781799316406,33165400,0.0,0.0
2022-07-08 00:00:00-04:00,35.47265436430974,35.92477486154193,35.21833591090395,35.78348922729492,22566300,0.0,0.0
2022-07-11 00:00:00-04:00,35.472657031796935,35.48207463753453,34.87924726255996,35.03937530517578,25904300,0.0,0.0
2022-07-12 00:00:00-04:00,35.46324031829785,35.510335534439896,34.84157412307266,35.04879379272461,30546300,0.0,0.0
2022-07-13 00:00:00-04:00,34.54957803397649,35.25601705551123,34.49306161872523,35.04879379272461,27059200,0.0,0.0
2022-07-14 00:00:00-04:00,34.84157723914367,35.943620486594924,34.182233374782285,35.51975631713867,36690700,0.0,0.0
2022-07-15 00:00:00-04:00,36.047222046424835,36.42398729702731,35.5385851853208,36.37689208984375,32892300,0.0,0.0
2022-07-18 00:00:00-04:00,36.82902147201894,37.055083551674116,36.2921280751146,36.461673736572266,30814400,0.0,0.0
2022-07-19 00:00:00-04:00,37.036240151146465,38.364345272386046,36.96088852936558,37.883968353271484,53095300,0.0,0.0
2022-07-20 00:00:00-04:00,37.874553714856226,38.30783549626199,37.262308656731136,38.204227447509766,36387900,0.0,0.0
2022-07-21 00:00:00-04:00,38.157125857148586,38.28899749649604,37.507203232328344,38.251319885253906,29661200,0.0,0.0
2022-07-22 00:00:00-04:00,38.02525319045422,38.157121220643496,36.67830929386202,36.92321014404297,41350000,0.0,0.0
2022-07-25 00:00:00-04:00,36.9985654319096,37.121015869138596,36.31096521123621,36.885536193847656,32263400,0.0,0.0
2022-07-26 00:00:00-04:00,36.82902305376882,37.27172603249225,36.621803364414575,36.6971549987793,35925500,0.0,0.0
2022-07-27 00:00:00-04:00,36.98914851282399,38.07235288339831,36.95147090172537,37.84629440307617,42571600,0.0,0.0
2022-07-28 00:00:00-04:00,37.76151742110546,37.789773829753976,36.77250359392916,37.403587341308594,56662300,0.0,0.0
2022-07-29 00:00:00-04:00,33.53230761855959,34.493065219312484,33.19321987106009,34.201072692871094,125292400,0.0,0.0
2022-08-01 00:00:00-04:00,33.956166700554874,35.50091271559671,33.956166700554874,34.81331253051758,52513400,0.0,0.0
2022-08-02 00:00:00-04:00,34.46480206707019,34.53073608228777,33.90906994371176,33.918487548828125,53929400,0.0,0.0
2022-08-03 00:00:00-04:00,33.99385080480554,34.464810221002274,33.212056449214074,34.39887619018555,59513900,0.0,0.0
2022-08-04 00:00:00-04:00,34.26091578105994,34.34654443398472,33.64248984718926,33.92791748046875,54046300,0.365,0.0
2022-08-05 00:00:00-04:00,33.63297015541941,33.95645574179639,33.47122917693537,33.67102813720703,40205100,0.0,0.0
2022-08-08 00:00:00-04:00,33.64248529199656,34.21334048126174,33.490256999565254,33.66151428222656,41534600,0.0,0.0
2022-08-09 00:00:00-04:00,33.50928472215435,33.58539705078632,32.72911429928133,32.843284606933594,48202300,0.0,0.0
2022-08-10 00:00:00-04:00,33.290460474728704,33.68054572937782,32.909887901184135,33.652000427246094,42243300,0.0,0.0
2022-08-11 00:00:00-04:00,33.90888352656273,34.52731299936226,33.76617154550735,33.86131286621094,35569700,0.0,0.0
2022-08-12 00:00:00-04:00,34.061116089844305,34.38460170198567,33.93742945388782,34.35606002807617,37675200,0.0,0.0
2022-08-15 00:00:00-04:00,34.34653447457044,34.66050732072212,33.97547829596079,34.57487869262695,25400600,0.0,0.0
2022-08-16 00:00:00-04:00,34.40362538371896,34.803226903813886,33.965969514088656,34.432167053222656,25000200,0.0,0.0
2022-08-17 00:00:00-04:00,34.070625222841954,34.327511122134965,33.556853424255934,34.04207992553711,29176100,0.0,0.0
2022-08-18 00:00:00-04:00,33.94694562521518,34.56537517304557,33.84228798209842,34.441688537597656,24598200,0.0,0.0
2022-08-19 00:00:00-04:00,34.061112188830435,34.279940132362384,33.48074068974586,33.66151428222656,31425500,0.0,0.0
2022-08-22 00:00:00-04:00,33.29996788394663,33.3570548497633,32.09165432805726,32.196311950683594,51006100,0.0,0.0
2022-08-23 00:00:00-04:00,32.32951365519827,32.71959887721433,32.2629140048108,32.30097198486328,30687100,0.0,0.0
2022-08-24 00:00:00-04:00,32.32000110620697,32.33903009631053,31.967970233404333,32.2153434753418,25105700,0.0,0.0
2022-08-25 00:00:00-04:00,32.224852088944616,33.23336666070697,32.17728143439347,33.195308685302734,29799100,0.0,0.0
2022-08-26 00:00:00-04:00,33.25240198400004,33.328514319901906,31.730115342463677,31.73963165283203,44851500,0.0,0.0
2022-08-29 00:00:00-04:00,31.615943681238203,31.787200966505686,31.216345768553293,31.340028762817383,32976800,0.0,0.0
2022-08-30 00:00:00-04:00,31.435174136485276,31.46371580794256,30.58840400876969,30.693058013916016,40182500,0.0,0.0
2022-08-31 00:00:00-04:00,30.816745913958847,30.816745913958847,30.226861693185292,30.36957550048828,44074500,0.0,0.0
2022-09-01 00:00:00-04:00,30.036572511060186,30.283943933397634,29.61794381058878,30.217344284057617,36440700,0.0,0.0
2022-09-02 00:00:00-04:00,30.645486466608773,30.807231068816066,29.551344934538257,29.70357322692871,34893300,0.0,0.0
2022-09-06 00:00:00-04:00,29.865316797451694,29.865316797451694,28.85680388024729,28.885347366333008,46989600,0.0,0.0
2022-09-07 00:00:00-04:00,28.942432654658464,29.2944617258229,28.59040358349403,29.1612606048584,37329500,0.0,0.0
2022-09-08 00:00:00-04:00,28.894861227070713,29.35154610618533,28.45720352355757,29.25640296936035,37359500,0.0,0.0
2022-09-09 00:00:00-04:00,29.675031177265584,29.96997326316683,29.570373547069764,29.931915283203125,34069500,0.0,0.0
2022-09-12 00:00:00-04:00,30.19831684196443,30.312488971473055,29.589403657130262,30.02705955505371,38305500,0.0,0.0
2022-09-13 00:00:00-04:00,29.33251887651941,29.427662019055212,27.829263031508173,27.867321014404297,71417900,0.0,0.0
2022-09-14 00:00:00-04:00,28.114688218111237,28.32400347656698,27.600918196283516,27.76266098022461,40767200,0.0,0.0
2022-09-15 00:00:00-04:00,27.734118654951818,27.981490088656386,27.315489935243747,27.439176559448242,39919100,0.0,0.0
2022-09-16 00:00:00-04:00,27.305975997797965,27.895860161653708,27.039575585753997,27.819746017456055,72748000,0.0,0.0
2022-09-19 00:00:00-04:00,27.610434817975406,28.067119720267634,27.496262685050105,28.010034561157227,33151900,0.0,0.0
2022-09-20 00:00:00-04:00,27.65800426660365,27.753147404078266,27.3154896975768,27.553346633911133,31129000,0.0,0.0
2022-09-21 00:00:00-04:00,27.734119857239627,28.15274859509546,27.07763417066869,27.087148666381836,39977300,0.0,0.0
2022-09-22 00:00:00-04:00,27.020548393565633,27.11569153381817,26.678035629242753,26.70657730102539,36092700,0.0,0.0
2022-09-23 00:00:00-04:00,26.54483413922103,26.54483413922103,25.869321300725936,26.183292388916016,43491100,0.0,0.0
2022-09-26 00:00:00-04:00,26.221346133799905,26.354547241886923,25.555347852181903,25.660003662109375,44786400,0.0,0.0
2022-09-27 00:00:00-04:00,26.069119271869596,26.25940554253098,25.3270068086398,25.583890914916992,44121400,0.0,0.0
2022-09-28 00:00:00-04:00,25.555352645426254,25.954952415228984,25.307981186528885,25.812236785888672,40433400,0.0,0.0
2022-09-29 00:00:00-04:00,25.47923781937838,25.47923781937838,24.917895257174756,25.098665237426758,41831300,0.0,0.0
2022-09-30 00:00:00-04:00,25.022550869859163,25.279436816066962,24.489751800272444,24.518295288085938,43821000,0.0,0.0
2022-10-03 00:00:00-04:00,25.051090532697653,25.926404063579138,24.80371912019807,25.660003662109375,44096200,0.0,0.0
2022-10-04 00:00:00-04:00,26.09766347986094,26.449690731221,25.774177899597717,26.354549407958984,42427500,0.0,0.0
2022-10-05 00:00:00-04:00,26.040578349721315,26.487748739507303,25.58389164995404,26.297462463378906,30120000,0.0,0.0
2022-10-06 00:00:00-04:00,26.107177489015953,26.411634073076065,25.688548778581108,25.859806060791016,33985100,0.0,0.0
2022-10-07 00:00:00-04:00,24.89886349077504,25.003521120620693,24.40412064112841,24.470720291137695,57215500,0.0,0.0
2022-10-10 00:00:00-04:00,24.68003709742075,24.727607760492898,23.871323122262893,23.975980758666992,43409300,0.0,0.0
2022-10-11 00:00:00-04:00,23.795209869192025,24.242380288916017,23.49075325876679,23.823753356933594,48134900,0.0,0.0
2022-10-12 00:00:00-04:00,23.833266152704105,24.2804383892821,23.462209883802835,24.099666595458984,39634100,0.0,0.0
2022-10-13 00:00:00-04:00,23.528807288207744,25.536320375871682,23.395607986934852,25.136720657348633,62447000,0.0,0.0
2022-10-14 00:00:00-04:00,25.174777613695817,25.33652040519587,24.50877927170488,24.651493072509766,48185400,0.0,0.0
2022-10-17 00:00:00-04:00,25.03206302651743,25.45069173513786,24.898863725244542,25.136720657348633,39416500,0.0,0.0
2022-10-18 00:00:00-04:00,25.441178811192287,25.650492271076327,24.299466555409587,24.61343765258789,51126900,0.0,0.0
2022-10-19 00:00:00-04:00,24.489750148446408,24.974978520320015,24.442179486670426,24.73712158203125,33882300,0.0,0.0
2022-10-20 00:00:00-04:00,24.87983397783286,25.640977226220233,24.689549526764257,24.813234329223633,33247700,0.0,0.0
2022-10-21 00:00:00-04:00,24.59440568563886,25.73611780328584,24.53732053343258,25.660003662109375,53058700,0.0,0.0
2022-10-24 00:00:00-04:00,25.450691845446098,26.145233654671273,25.23186390249094,25.859806060791016,43831600,0.0,0.0
2022-10-25 00:00:00-04:00,25.859808208305978,26.221349978225323,25.688550911874092,26.078636169433594,32205300,0.0,0.0
2022-10-26 00:00:00-04:00,25.869320450334584,26.449690130817128,25.679034178721185,25.888347625732422,37111100,0.0,0.0
2022-10-27 00:00:00-04:00,26.116694124713124,26.249893437480765,24.86080789047216,24.994009017944336,56305100,0.0,0.0
2022-10-28 00:00:00-04:00,26.811238330876463,27.80072239653253,26.50678169528998,27.658008575439453,91695700,0.0,0.0
2022-10-31 00:00:00-04:00,27.667519016328484,27.7626621546783,26.68754777632292,27.049091339111328,59507700,0.0,0.0
2022-11-01 00:00:00-04:00,27.401121334324326,27.448693815612724,26.535322136626124,26.92540740966797,44418700,0.0,0.0
2022-11-02 00:00:00-04:00,26.8968640073058,27.448692051860544,26.078635528767748,26.088150024414062,51956100,0.0,0.0
2022-11-03 00:00:00-04:00,26.116693526033995,26.525805950828502,25.850293091900937,26.059606552124023,39678200,0.0,0.0
2022-11-04 00:00:00-04:00,26.585140405825484,27.23120664802179,26.43085609478285,27.192636489868164,43051900,0.365,0.0
2022-11-07 00:00:00-05:00,27.346918910656342,27.452988217657715,26.893707168982882,27.395132064819336,34389800,0.0,0.0
2022-11-08 00:00:00-05:00,27.732627744845203,27.915841028586772,26.93227730224422,27.462629318237305,36258000,0.0,0.0
2022-11-09 00:00:00-05:00,27.211917689778566,27.289059836909928,26.536924362182617,26.536924362182617,30544800,0.0,0.0
2022-11-10 00:00:00-05:00,27.84834341538586,28.764408105829368,27.626559951961106,28.696908950805664,62943900,0.0,0.0
2022-11-11 00:00:00-05:00,27.89655701103716,29.535828165320652,27.838700858094295,29.342973709106445,49826500,0.0,0.0
2022-11-14 00:00:00-05:00,29.256187995145748,29.88296818436314,29.10190369746805,29.265830993652344,39395300,0.0,0.0
2022-11-15 00:00:00-05:00,29.98903994480018,30.220466396071025,29.092261296616932,29.61297035217285,40933200,0.0,0.0
2022-11-16 00:00:00-05:00,29.034403469917226,29.150115769275452,28.388337307656638,28.475122451782227,35582800,0.0,0.0
2022-11-17 00:00:00-05:00,28.031552482172028,28.880117889265293,27.96405333735606,28.8222599029541,31983300,0.0,0.0
2022-11-18 00:00:00-05:00,29.17904433447916,29.17904433447916,28.552264177736568,28.802976608276367,27122200,0.0,0.0
2022-11-21 00:00:00-05:00,28.600479771823636,28.65833592559415,27.877271412443307,27.906200408935547,36086800,0.0,0.0
2022-11-22 00:00:00-05:00,28.099053475255506,28.793334642947404,28.021911327646837,28.754762649536133,25584100,0.0,0.0
2022-11-23 00:00:00-05:00,28.667978834252597,29.00547643541131,28.436552380684496,28.610122680664062,23143900,0.0,0.0
2022-11-25 00:00:00-05:00,28.61976476337277,28.61976476337277,28.29191017150879,28.29191017150879,11314900,0.0,0.0
2022-11-28 00:00:00-05:00,28.060484617975934,28.147269767948515,27.520489559757404,27.70370101928711,28267900,0.0,0.0
2022-11-29 00:00:00-05:00,27.819413039092478,28.13762461826266,27.713341899631146,27.867626190185547,24361500,0.0,0.0
2022-11-30 00:00:00-05:00,27.74227206955256,29.005475441707357,27.21191818898294,28.995832443237305,72072500,0.0,0.0
2022-12-01 00:00:00-05:00,29.15975801470209,29.3911844466584,28.465478718833158,28.764404296875,38896300,0.0,0.0
2022-12-02 00:00:00-05:00,28.127980994245284,28.378693420620323,27.684412289362132,28.359407424926758,31546000,0.0,0.0
2022-12-05 00:00:00-05:00,28.36905253977949,28.687264135614384,27.85798465104481,28.12798309326172,34040400,0.0,0.0
2022-12-06 00:00:00-05:00,28.1472664247848,28.26297871819532,27.327630016403024,27.57834243774414,27701200,0.0,0.0
2022-12-07 00:00:00-05:00,27.26977619619987,27.5301297981923,27.144419055227683,27.317989349365234,28239900,0.0,0.0
2022-12-08 00:00:00-05:00,27.30834667765227,27.578345120565167,27.06727723051309,27.424060821533203,28486100,0.0,0.0
2022-12-09 00:00:00-05:00,27.375842454488605,27.751911996340407,27.182988024075033,27.231201171875,25641300,0.0,0.0
2022-12-12 00:00:00-05:00,27.125129982406,27.684410956088175,26.86477640993652,27.66512680053711,35117900,0.0,0.0
2022-12-13 00:00:00-05:00,28.725836821361064,29.015119428460356,27.356562258610747,27.70370101928711,58546800,0.0,0.0
2022-12-14 00:00:00-05:00,27.491559632759046,28.079769665058897,27.00942074443822,27.250490188598633,37141100,0.0,0.0
2022-12-15 00:00:00-05:00,26.94191981776278,26.99977596556628,26.151212387331118,26.180139541625977,45682700,0.0,0.0
2022-12-16 00:00:00-05:00,26.035500916016225,26.170499221106358,25.505148855264444,25.958358764648438,81104200,0.0,0.0
2022-12-19 00:00:00-05:00,25.939071393459425,26.00657054243023,25.553360657044916,25.8330020904541,37662500,0.0,0.0
2022-12-20 00:00:00-05:00,25.591934437261326,25.910146046924293,25.476220288650246,25.495506286621094,31863300,0.0,0.0
2022-12-21 00:00:00-05:00,25.64014605042167,26.00657079375305,25.630503052016383,25.871572494506836,28100900,0.0,0.0
2022-12-22 00:00:00-05:00,25.50514828566791,25.50514828566791,24.444442348638713,25.042293548583984,47478300,0.0,0.0
2022-12-23 00:00:00-05:00,24.994081271789966,25.254436725682798,24.762654814734336,25.158008575439453,23600900,0.0,0.0
2022-12-27 00:00:00-05:00,24.9265796491694,25.16764908129055,24.733723367786958,25.013364791870117,29548100,0.0,0.0
2022-12-28 00:00:00-05:00,24.91693955319744,25.186938010736196,24.589084940191103,24.627656936645508,26176900,0.0,0.0
2022-12-29 00:00:00-05:00,24.849438887681156,25.350863775815828,24.830152890626614,25.273719787597656,30944800,0.0,0.0
2022-12-30 00:00:00-05:00,24.974792963033074,25.514787979531604,24.878364821712026,25.48586082458496,31030100,0.0,0.0
2023-01-03 00:00:00-05:00,26.083711241679193,26.102997237232728,25.428003945782972,25.775142669677734,31308000,0.0,0.0
2023-01-04 00:00:00-05:00,26.430854345730037,26.922636244340204,26.18978489577685,26.69120979309082,37665200,0.0,0.0
2023-01-05 00:00:00-05:00,26.459782464056307,26.7876370522534,26.401924473752903,26.57549476623535,33552600,0.0,0.0
2023-01-06 00:00:00-05:00,26.93227950754635,27.800129168058195,26.401925608912368,27.70370101928711,31788600,0.0,0.0
2023-01-09 00:00:00-05:00,27.80977151713731,28.80297829961147,27.80977151713731,28.262981414794922,37493200,0.0,0.0
2023-01-10 00:00:00-05:00,28.195483693523496,28.455839150558727,27.886915080391674,28.38833999633789,23008100,0.0,0.0
2023-01-11 00:00:00-05:00,28.619766010523257,28.812620471120535,27.96405679822175,28.783693313598633,30375400,0.0,0.0
2023-01-12 00:00:00-05:00,28.909049833753098,29.2947606103421,28.417267903896846,29.207977294921875,28963900,0.0,0.0
2023-01-13 00:00:00-05:00,28.89940461379544,29.09226090687782,28.745120315015104,29.034404754638672,31361900,0.0,0.0
2023-01-17 00:00:00-05:00,29.101904575659702,29.179046726826428,28.465481368730735,28.54262351989746,34759100,0.0,0.0
2023-01-18 00:00:00-05:00,28.735476591725053,28.754762588389678,27.6072715358387,27.780841827392578,44199600,0.0,0.0
2023-01-19 00:00:00-05:00,27.58798699952837,27.732628294098987,27.231203422987925,27.404773712158203,36886600,0.0,0.0
2023-01-20 00:00:00-05:00,27.40477553678764,28.18584005084388,27.24084823490285,28.176197052001953,35158500,0.0,0.0
2023-01-23 00:00:00-05:00,28.28226851564501,29.400830644794553,28.13762720983005,29.188690185546875,38795800,0.0,0.0
2023-01-24 00:00:00-05:00,28.870478472194236,29.111547927414794,28.66797917341769,28.851192474365234,24855100,0.0,0.0
2023-01-25 00:00:00-05:00,28.46547734727317,28.82225905630973,28.127979793893445,28.639047622680664,28268000,0.0,0.0
2023-01-26 00:00:00-05:00,28.986190556093007,29.034405550291837,28.28226819371583,29.015119552612305,56088100,0.0,0.0
2023-01-27 00:00:00-05:00,26.102997505095207,27.231202507561513,25.82335792355445,27.15406036376953,148548200,0.0,0.0
2023-01-30 00:00:00-05:00,26.729781392428336,27.49156177824858,26.681568235519176,26.951566696166992,55145800,0.0,0.0
2023-01-31 00:00:00-05:00,26.787637297221977,27.279419184014884,26.546567853061564,27.250490188598633,52621600,0.0,0.0
2023-02-01 00:00:00-05:00,26.893707084648902,28.378695770150827,26.691209630742602,28.03155517578125,63330600,0.0,0.0
2023-02-02 00:00:00-05:00,28.2051258177228,29.217616778058037,27.771200069456867,29.111547470092773,62230700,0.0,0.0
2023-02-03 00:00:00-05:00,28.5619088888887,30.056538724554706,28.4751237408344,29.236902236938477,57603100,0.0,0.0
2023-02-06 00:00:00-05:00,28.84160815142617,28.939211261132034,27.924143760414697,28.002225875854492,48726400,0.365,0.0
2023-02-07 00:00:00-05:00,27.96318325788295,28.56832103513832,27.748457910663006,28.353593826293945,50780800,0.0,0.0
2023-02-08 00:00:00-05:00,28.255991531561417,28.421916249680102,27.533729679780517,27.563011169433594,36479100,0.0,0.0
2023-02-09 00:00:00-05:00,27.99246965887959,28.1291129163864,26.90907851257627,27.065242767333984,43906400,0.0,0.0
2023-02-10 00:00:00-05:00,26.967637348743658,27.319007822872113,26.68459035918154,27.133562088012695,31232500,0.0,0.0
2023-02-13 00:00:00-05:00,27.20188630644277,27.865583419799805,27.055480697189722,27.865583419799805,32347500,0.0,0.0
2023-02-14 00:00:00-05:00,27.699655213461494,28.031504659469526,27.319005144885864,27.95342254638672,27928900,0.0,0.0
2023-02-15 00:00:00-05:00,27.680138731393377,28.187671584208548,27.4849324991859,28.15839195251465,23359400,0.0,0.0
2023-02-16 00:00:00-05:00,27.816780940744902,28.138869908751705,27.455649983101143,27.52397346496582,28972500,0.0,0.0
2023-02-17 00:00:00-05:00,27.32876831565852,27.397089938587733,26.72363048383983,26.948118209838867,32086200,0.0,0.0
2023-02-21 00:00:00-05:00,26.46010601955057,26.616270270023502,25.415756896403558,25.43527603149414,63668400,0.0,0.0
2023-02-22 00:00:00-05:00,25.28886953467257,26.255136427710145,24.693492230847845,24.859416961669922,89195300,0.0,0.0
2023-02-23 00:00:00-05:00,25.161989891021463,25.454797399523272,24.713016268143985,24.996065139770508,56473200,0.0,0.0
2023-02-24 00:00:00-05:00,24.615408925736485,24.742293522864312,24.32260146742129,24.53732681274414,44089900,0.0,0.0
2023-02-27 00:00:00-05:00,24.937496983192442,24.96677847262712,24.283558612146088,24.30307960510254,37657000,0.0,0.0
2023-02-28 00:00:00-05:00,24.34212362595629,24.517808854002507,24.13715690602753,24.33236312866211,50255300,0.0,0.0
2023-03-01 00:00:00-05:00,24.429965139133525,25.298628881302818,24.37140215800737,24.7227725982666,47823400,0.0,0.0
2023-03-02 00:00:00-05:00,24.605649728499785,25.669519737725928,24.5178089756653,25.571918487548828,48309300,0.0,0.0
2023-03-03 00:00:00-05:00,25.571919803997503,25.845206297161468,25.38647406819009,25.76712417602539,36744900,0.0,0.0
2023-03-06 00:00:00-05:00,25.8354456196771,25.903769104117636,25.30839177107945,25.366952896118164,37879800,0.0,0.0
2023-03-07 00:00:00-05:00,25.220548166860084,25.366951904546383,24.888698701904726,24.917980194091797,43164600,0.0,0.0
2023-03-08 00:00:00-05:00,24.947259508513874,25.386472577631434,24.839897761770864,25.35719108581543,36071900,0.0,0.0
2023-03-09 00:00:00-05:00,25.35719211065509,26.33321953780848,25.347431612988608,25.80616569519043,54886100,0.0,0.0
2023-03-10 00:00:00-05:00,25.913528264532957,26.860276090206522,25.689042395989084,26.567466735839844,65187000,0.0,0.0
2023-03-13 00:00:00-04:00,26.09897309226763,26.655308426042993,25.97209034627264,26.303939819335938,50977000,0.0,0.0
2023-03-14 00:00:00-04:00,26.694349744796313,27.42637029431564,26.5967466325355,27.33852767944336,47689800,0.0,0.0
2023-03-15 00:00:00-04:00,27.065240108074672,27.816781673769935,26.99691848603412,27.728939056396484,49322800,0.0,0.0
2023-03-16 00:00:00-04:00,27.709416819245153,29.544349342562693,27.709416819245153,29.456506729125977,75779500,0.0,0.0
2023-03-17 00:00:00-04:00,29.202742495057443,30.256852106897263,28.734249747934122,29.095378875732422,80628500,0.0,0.0
2023-03-20 00:00:00-04:00,29.085617362551254,29.18322048020236,27.943665167769986,28.460960388183594,38780100,0.0,0.0
2023-03-21 00:00:00-04:00,28.304794254309765,28.470718984748284,27.309245871678645,27.777738571166992,55650800,0.0,0.0
2023-03-22 00:00:00-04:00,27.797260296726222,28.421919107429034,27.426370698617145,27.455650329589844,37415500,0.0,0.0
2023-03-23 00:00:00-04:00,27.69965663211691,28.46095866988316,27.543492397953248,28.334075927734375,43785500,0.0,0.0
2023-03-24 00:00:00-04:00,28.343839481996387,29.095379241854463,28.236475861320354,28.65616798400879,55912100,0.0,0.0
2023-03-27 00:00:00-04:00,28.665927843486305,29.017296469606507,28.38287898133078,28.48048210144043,34758200,0.0,0.0
2023-03-28 00:00:00-04:00,28.38287811648555,28.62688497851229,27.943665020187566,28.587844848632812,37407900,0.0,0.0
2023-03-29 00:00:00-04:00,29.056335409276464,31.125512402388914,29.046574912128595,30.76438331604004,85556200,0.0,0.0
2023-03-30 00:00:00-04:00,31.086474310596248,31.798975756041244,31.047432319448752,31.320720672607422,70077600,0.0,0.0
2023-03-31 00:00:00-04:00,31.037669445503603,32.11130178037021,30.9693478278506,31.886812210083008,59765000,0.0,0.0
2023-04-03 00:00:00-04:00,32.15034405617549,32.755483778380075,31.759935295631553,32.10154342651367,57038300,0.0,0.0
2023-04-04 00:00:00-04:00,32.06249646217338,33.02876516195409,32.05273782705385,32.30650329589844,55714100,0.0,0.0
2023-04-05 00:00:00-04:00,32.01370446374195,32.19915209020703,31.56473266232617,32.04298782348633,39615700,0.0,0.0
2023-04-06 00:00:00-04:00,31.818488013888867,32.208900417337865,31.681844789656303,32.02345657348633,28551900,0.0,0.0
2023-04-10 00:00:00-04:00,31.81849201498187,31.974656251348996,31.428083285688604,31.74041175842285,30534400,0.0,0.0
2023-04-11 00:00:00-04:00,31.87705177034044,32.316264804141184,31.54520233627418,31.574481964111328,27059100,0.0,0.0
2023-04-12 00:00:00-04:00,31.98441808119869,32.101540325723725,31.19383455334442,31.252397537231445,37070800,0.0,0.0
2023-04-13 00:00:00-04:00,31.057194238752892,31.65257159963099,30.891269492030702,31.359764099121094,29722300,0.0,0.0
2023-04-14 00:00:00-04:00,31.23288051396617,31.467128756050695,30.93031250524205,31.125516891479492,24623600,0.0,0.0
2023-04-17 00:00:00-04:00,31.18407632087801,31.85753388966632,31.008391090194262,31.36952018737793,29601100,0.0,0.0
2023-04-18 00:00:00-04:00,31.65256855808052,31.681848188343167,31.018151126854903,31.066951751708984,26041400,0.0,0.0
2023-04-19 00:00:00-04:00,30.354451024990208,30.764382587368992,30.33493003115683,30.40325164794922,25746600,0.0,0.0
2023-04-20 00:00:00-04:00,30.022603718379475,30.500856931673162,29.973801230314056,30.120206832885742,30255100,0.0,0.0
2023-04-21 00:00:00-04:00,30.100685067139953,30.100685067139953,29.505307759354345,29.57362937927246,28655800,0.0,0.0
2023-04-24 00:00:00-04:00,29.407706850060094,29.64195508107446,28.90017398052806,28.948974609375,38732500,0.0,0.0
2023-04-25 00:00:00-04:00,28.734248368404405,28.861131116549412,28.177913025202002,28.187671661376953,38289900,0.0,0.0
2023-04-26 00:00:00-04:00,28.499999418369452,29.095374837087064,28.148628975987336,28.353593826293945,41218800,0.0,0.0
2023-04-27 00:00:00-04:00,28.06078923095398,29.23202291741756,27.826542865986188,29.144180297851562,60186200,0.0,0.0
2023-04-28 00:00:00-04:00,31.213355899182034,31.789212215845687,30.071403763279058,30.315410614013672,80252400,0.0,0.0
2023-05-01 00:00:00-04:00,30.3642129110737,30.491095653546697,29.554110246170513,29.57362937927246,36918500,0.0,0.0
2023-05-02 00:00:00-04:00,29.573630708701103,29.846919062283263,29.036816360963385,29.056337356567383,33463400,0.0,0.0
2023-05-03 00:00:00-04:00,29.905482650197932,30.364216776545785,29.524832512696314,29.91524314880371,45554500,0.0,0.0
2023-05-04 00:00:00-04:00,29.831938610021997,31.086368450197742,29.77313580932783,30.615957260131836,46104000,0.125,0.0
2023-05-05 00:00:00-04:00,30.753161482191516,30.78256288390154,30.11614606579161,30.370952606201172,35024600,0.0,0.0
2023-05-08 00:00:00-04:00,30.086746422939655,30.22394922525371,29.78293754746141,30.15534782409668,30882800,0.0,0.0
2023-05-09 00:00:00-04:00,29.773137219066594,29.96914282549875,29.31252647397343,29.49873161315918,30706500,0.0,0.0
2023-05-10 00:00:00-04:00,29.68493770812026,29.792739112805663,28.900917126396287,29.371328353881836,40526500,0.0,0.0
2023-05-11 00:00:00-04:00,29.00871644141755,29.08711830196539,28.244296899140267,28.283498764038086,47144400,0.0,0.0
2023-05-12 00:00:00-04:00,28.45010405781083,28.51870545480219,28.146295200780703,28.371702194213867,24153800,0.0,0.0
2023-05-15 00:00:00-04:00,28.32270186303517,29.234124760049205,28.303100928438564,29.204723358154297,28717500,0.0,0.0
2023-05-16 00:00:00-04:00,29.028321809277315,29.302727428498926,28.62651010967065,28.636310577392578,22812000,0.0,0.0
2023-05-17 00:00:00-04:00,28.930316010753835,28.96951600834132,28.107095499689855,28.29330062866211,41667300,0.0,0.0
2023-05-18 00:00:00-04:00,28.420703266681524,29.165521921428446,28.29330093657583,29.087120056152344,36529200,0.0,0.0
2023-05-19 00:00:00-04:00,29.00872057033265,29.635935543989117,28.91071776338681,29.332128524780273,40683000,0.0,0.0
2023-05-22 00:00:00-04:00,29.25372581681525,29.841740772433006,29.224324414797557,29.67513656616211,28693400,0.0,0.0
2023-05-23 00:00:00-04:00,29.449727169117445,29.59673229804394,28.90091412733489,28.920515060424805,29400900,0.0,0.0
2023-05-24 00:00:00-04:00,28.724512816606875,28.900917496484908,28.244301115410053,28.420705795288086,28045800,0.0,0.0
2023-05-25 00:00:00-04:00,27.724885860098915,27.724885860098915,26.323450937587317,26.852663040161133,78009400,0.0,0.0
2023-05-26 00:00:00-04:00,26.891868351758603,28.508908135227102,26.558659927377448,28.420705795288086,71910600,0.0,0.0
2023-05-30 00:00:00-04:00,29.10672408490176,29.43993251506952,28.42070628885094,29.39093017578125,54874800,0.0,0.0
2023-05-31 00:00:00-04:00,29.106720202139208,31.64498309198206,29.07731880248832,30.811962127685547,136243800,0.0,0.0
2023-06-01 00:00:00-04:00,31.16477023413201,31.301974899480218,30.400352519575563,30.508153915405273,52667400,0.0,0.0
2023-06-02 00:00:00-04:00,30.772763113636607,30.958968256854796,30.21414955323008,30.684560775756836,36521000,0.0,0.0
2023-06-05 00:00:00-04:00,30.684561064934964,30.772763403645975,29.234125513850884,29.263526916503906,48244100,0.0,0.0
2023-06-06 00:00:00-04:00,29.175323279090467,30.82176436940935,29.106721878535176,30.341550827026367,42295300,0.0,0.0
2023-06-07 00:00:00-04:00,30.41015482791563,30.74336324083592,30.312152023660012,30.655160903930664,39098000,0.0,0.0
2023-06-08 00:00:00-04:00,30.802163081396642,31.213773349248747,30.439553279307525,31.184371948242188,35199000,0.0,0.0
2023-06-09 00:00:00-04:00,31.292175114093027,31.35097604666667,30.067144781529084,30.713960647583008,40218000,0.0,0.0
2023-06-12 00:00:00-04:00,30.772764025508007,32.63480990512271,30.73356402375987,32.40940475463867,59881600,0.0,0.0
2023-06-13 00:00:00-04:00,33.095417450379905,33.27182210422168,32.40939976749475,33.23262023925781,51990000,0.0,0.0
2023-06-14 00:00:00-04:00,33.193422109911886,34.88886370620157,33.12482070775246,34.869266510009766,74404300,0.0,0.0
2023-06-15 00:00:00-04:00,34.57525529255383,35.69248237005532,34.51645622857749,35.104469299316406,67676300,0.0,0.0
2023-06-16 00:00:00-04:00,35.63367979668896,36.0648890901967,34.88885932604447,35.64347839355469,110240300,0.0,0.0
2023-06-20 00:00:00-04:00,36.03549334456329,36.36870175041591,34.02644431155308,34.30084991455078,65970200,0.0,0.0
2023-06-21 00:00:00-04:00,34.22244345650248,34.349847649977356,32.17419645626733,32.2427978515625,70973500,0.0,0.0
2023-06-22 00:00:00-04:00,32.03699391346735,32.57601028427737,31.488182682818767,32.05659484863281,45740300,0.0,0.0
2023-06-23 00:00:00-04:00,31.56657743722264,32.78180904598346,31.39017278855582,32.340797424316406,46327100,0.0,0.0
2023-06-26 00:00:00-04:00,32.527006085935945,33.31102853878273,32.43880374691549,32.67401123046875,38952400,0.0,0.0
2023-06-27 00:00:00-04:00,32.55641208286126,33.546235091607585,32.3506041155903,33.41883087158203,33038900,0.0,0.0
2023-06-28 00:00:00-04:00,32.93861593008346,33.13462152950488,32.370200065610916,32.8994140625,33906900,0.0,0.0
2023-06-29 00:00:00-04:00,32.67401239853167,32.67401239853167,31.84099318572252,32.252601623535156,38313000,0.0,0.0
2023-06-30 00:00:00-04:00,32.693606998728754,32.88961258096364,32.49760141649386,32.77200698852539,33811300,0.0,0.0
2023-07-03 00:00:00-04:00,32.87001385382122,33.21302084186965,32.4780026630552,32.94841384887695,15753000,0.0,0.0
2023-07-05 00:00:00-04:00,32.644612452061054,32.66421338768522,31.85079138251512,31.8605899810791,37664700,0.0,0.0
2023-07-06 00:00:00-04:00,31.262773722505944,31.399978390882627,30.753160655387852,31.331375122070312,41693600,0.0,0.0
2023-07-07 00:00:00-04:00,31.360776995734906,31.762586801452922,31.18437232605422,31.213773727416992,28356300,0.0,0.0
2023-07-10 00:00:00-04:00,31.233372823594593,32.174197050108674,31.13537002740073,32.085994720458984,36305700,0.0,0.0
2023-07-11 00:00:00-04:00,32.16439638362285,32.69361038898678,31.850788914924802,32.63480758666992,28148800,0.0,0.0
2023-07-12 00:00:00-04:00,33.017019605675934,33.39923224945889,32.39960694567266,33.30122756958008,37762200,0.0,0.0
2023-07-13 00:00:00-04:00,33.46782974323811,33.61483113812526,32.948414346848494,33.19342041015625,32745800,0.0,0.0
2023-07-14 00:00:00-04:00,33.10521698018942,33.19341930959561,32.34079928433291,32.4878044128418,30438700,0.0,0.0
2023-07-17 00:00:00-04:00,32.49760872888251,33.908842509227924,32.409406383954895,33.68343734741211,34111200,0.0,0.0
2023-07-18 00:00:00-04:00,33.59523025960864,34.00684239065943,33.154222335727155,33.81083679199219,29662200,0.0,0.0
2023-07-19 00:00:00-04:00,33.71283408863307,34.14404339222299,33.64423269348231,33.77163314819336,26486700,0.0,0.0
2023-07-20 00:00:00-04:00,33.02682092821433,33.5266316955034,32.5662082931762,32.70341110229492,37878000,0.0,0.0
2023-07-21 00:00:00-04:00,33.05621945219162,33.56583254084737,32.752410570926834,33.34042739868164,79737000,0.0,0.0
2023-07-24 00:00:00-04:00,33.164021822645815,33.77163583016144,32.88961622025087,32.95821762084961,25225800,0.0,0.0
2023-07-25 00:00:00-04:00,33.026823350844346,33.654038374821795,32.73281677566697,33.41883087158203,31771100,0.0,0.0
2023-07-26 00:00:00-04:00,33.04641865830602,33.840235902211106,33.02681772483363,33.67363357543945,32643200,0.0,0.0
2023-07-27 00:00:00-04:00,34.12444741500018,34.33025163033883,33.428631026857396,33.859840393066406,58890800,0.0,0.0
2023-07-28 00:00:00-04:00,36.0158917659717,36.251099234687665,34.80066003151501,36.094295501708984,90863000,0.0,0.0
2023-07-31 00:00:00-04:00,36.13349474303034,36.447102218638456,34.957464840251916,35.05546951293945,55630700,0.0,0.0
2023-08-01 00:00:00-04:00,35.104466502664245,35.300472090127435,34.575252538062315,35.08486557006836,24702200,0.0,0.0
2023-08-02 00:00:00-04:00,34.44785397276639,34.47725350402442,33.59523018132506,33.703033447265625,39052000,0.0,0.0
2023-08-03 00:00:00-04:00,33.605030748039106,34.3302465631894,33.44822702542588,34.17344284057617,24817900,0.0,0.0
2023-08-04 00:00:00-04:00,33.91280775321122,34.975043685807705,33.91280775321122,34.56195068359375,26674900,0.125,0.0
2023-08-07 00:00:00-04:00,34.82750622354184,34.965202626684565,34.17836335733644,34.65046691894531,22486900,0.0,0.0
2023-08-08 00:00:00-04:00,34.09967917404251,34.52260600489445,33.30300601746458,34.44392395019531,34753600,0.0,0.0
2023-08-09 00:00:00-04:00,34.4242483221118,34.52260181653971,33.666914408791904,33.71609115600586,28720200,0.0,0.0
2023-08-10 00:00:00-04:00,34.12918377819829,34.51276765572121,33.9128015900796,34.10951232910156,30957300,0.0,0.0
2023-08-11 00:00:00-04:00,33.89312854208661,34.37506964235775,33.79477505318806,34.31605529785156,28783700,0.0,0.0
2023-08-14 00:00:00-04:00,34.09967578017183,35.12256865307454,33.90296878702895,35.09306335449219,36896100,0.0,0.0
2023-08-15 00:00:00-04:00,34.82750763483381,35.04388984965245,34.17836474232362,34.198036193847656,27420300,0.0,0.0
2023-08-16 00:00:00-04:00,33.95214396659032,34.060335058987285,32.909579692154864,32.97842788696289,35757300,0.0,0.0
2023-08-17 00:00:00-04:00,33.007942201118006,33.037447503043396,31.817843746867872,32.044063568115234,39906700,0.0,0.0
2023-08-18 00:00:00-04:00,31.699815310954158,32.368629595522066,31.650638562489394,32.21126174926758,23701100,0.0,0.0
2023-08-21 00:00:00-04:00,32.063730695957865,32.6243539342114,31.49327360788662,32.5948486328125,43718200,0.0,0.0
2023-08-22 00:00:00-04:00,32.6735380502047,33.24399520132266,32.28995408184249,32.34896469116211,23425300,0.0,0.0
2023-08-23 00:00:00-04:00,32.33913203375682,33.588241253719055,32.260446215831806,33.42103576660156,32324300,0.0,0.0
2023-08-24 00:00:00-04:00,33.165306572463045,33.52921901502571,31.955540545609786,32.05389404296875,37931000,0.0,0.0
2023-08-25 00:00:00-04:00,31.994887530681137,32.85057892548043,31.817848190512066,32.70304489135742,27324800,0.0,0.0
2023-08-28 00:00:00-04:00,32.94892679582099,33.22431961020821,32.66369637980811,33.066951751708984,22341800,0.0,0.0
2023-08-29 00:00:00-04:00,32.93909468243524,33.912807185742764,32.9194232300927,33.74560546875,29943600,0.0,0.0
2023-08-30 00:00:00-04:00,33.499716745329984,34.089845286735404,33.22432017432113,33.96198272705078,26279200,0.0,0.0
2023-08-31 00:00:00-04:00,33.75543988378352,34.975043685807705,33.73576843111181,34.56195068359375,48157600,0.0,0.0
2023-09-01 00:00:00-04:00,35.20125600982714,36.14546312570516,35.142241658105185,36.00776672363281,43808500,0.0,0.0
2023-09-05 00:00:00-04:00,35.978262259449934,36.794606841531916,35.860233553264436,36.10612106323242,43379400,0.0,0.0
2023-09-06 00:00:00-04:00,35.958591984060924,36.43069556840109,35.437307894562714,36.371681213378906,39643400,0.0,0.0
2023-09-07 00:00:00-04:00,36.22415354135724,37.709312605354064,36.1454677290402,37.551944732666016,67659700,0.0,0.0
2023-09-08 00:00:00-04:00,37.492926211374595,38.19124958635702,37.08967084787984,37.384735107421875,44255200,0.0,0.0
2023-09-11 00:00:00-04:00,37.61095536569803,38.10273038812013,37.217533846982086,37.955196380615234,36349300,0.0,0.0
2023-09-12 00:00:00-04:00,38.014208121309835,39.410847288064396,38.014208121309835,38.22075271606445,55326600,0.0,0.0
2023-09-13 00:00:00-04:00,38.161742772262606,38.50598755520661,37.62079097271727,38.07322311401367,35407800,0.0,0.0
2023-09-14 00:00:00-04:00,38.17157848394199,38.26009813780729,37.66996586139009,38.033878326416016,30616500,0.0,0.0
2023-09-15 00:00:00-04:00,37.78799208829982,37.88634934698742,37.001152778527945,37.25687789916992,68881200,0.0,0.0
2023-09-18 00:00:00-04:00,37.00115032324325,37.758484281127345,36.892959221839014,37.36506652832031,29322200,0.0,0.0
2023-09-19 00:00:00-04:00,37.41424229690223,37.473252894705155,35.42747087871927,35.74220657348633,53288100,0.0,0.0
2023-09-20 00:00:00-04:00,35.624188568355095,35.65369387300653,34.060343638743994,34.119354248046875,57660800,0.0,0.0
2023-09-21 00:00:00-04:00,34.00132746434375,34.67014184838313,33.893136350462974,34.080013275146484,45240600,0.0,0.0
2023-09-22 00:00:00-04:00,34.23737432117086,34.31605636434601,33.57839391884607,33.61773681640625,29232700,0.0,0.0
2023-09-25 00:00:00-04:00,33.44070265186533,33.804615130179045,33.21448658415974,33.72593307495117,21729400,0.0,0.0
2023-09-26 00:00:00-04:00,33.578396636057406,34.20786804017717,33.08662163259565,33.27349853515625,34198300,0.0,0.0
2023-09-27 00:00:00-04:00,33.36202027735607,34.25705454229174,33.32268112166737,34.040672302246094,44369100,0.0,0.0
2023-09-28 00:00:00-04:00,34.080011321617654,35.073395238410804,33.8144523532997,34.60129165649414,32265300,0.0,0.0
2023-09-29 00:00:00-04:00,35.06356340977526,35.319284791074416,34.58162219831852,34.965206146240234,28763700,0.0,0.0
2023-10-02 00:00:00-04:00,35.02422011387612,35.38813260503356,34.404582492324636,34.876686096191406,26086200,0.0,0.0
2023-10-03 00:00:00-04:00,34.68980845092264,35.93891738317694,34.68980845092264,35.10289764404297,45292600,0.0,0.0
2023-10-04 00:00:00-04:00,35.919249626936264,35.919249626936264,34.74882637412426,35.33895492553711,39842200,0.0,0.0
2023-10-05 00:00:00-04:00,35.37829594163346,35.50615474471777,35.01437972746714,35.29961013793945,25771200,0.0,0.0
2023-10-06 00:00:00-04:00,35.27994123779504,35.860235950184574,34.601293015622566,35.59467697143555,33262200,0.0,0.0
2023-10-09 00:00:00-04:00,35.11273733222375,35.57500330172597,34.9160265729728,35.46681594848633,19376100,0.0,0.0
2023-10-10 00:00:00-04:00,35.54549622447423,36.135628472732584,35.220926677085785,35.830726623535156,24044100,0.0,0.0
2023-10-11 00:00:00-04:00,36.01760554763995,36.420860960239764,35.78155561204039,36.27333068847656,19262600,0.0,0.0
2023-10-12 00:00:00-04:00,36.19464299633936,36.6077359901128,35.79138760467375,36.233985900878906,23639200,0.0,0.0
2023-10-13 00:00:00-04:00,36.13563377066977,36.184810527248196,35.27010859749462,35.378299713134766,28390100,0.0,0.0
2023-10-16 00:00:00-04:00,35.54549848592473,36.3323377817168,35.4864878837064,35.95859146118164,29555800,0.0,0.0
2023-10-17 00:00:00-04:00,35.3291157906487,35.75204260985726,34.493099753764234,35.46681594848633,24993600,0.0,0.0
2023-10-18 00:00:00-04:00,34.935697428830494,35.42747244260579,34.8668492270576,35.0537223815918,22086000,0.0,0.0
2023-10-19 00:00:00-04:00,35.36845948464315,35.76188101195215,34.93569880615984,35.083229064941406,29201800,0.0,0.0
2023-10-20 00:00:00-04:00,35.063560630992285,35.68319445840024,34.29638904400115,34.34556579589844,32303300,0.0,0.0
2023-10-23 00:00:00-04:00,34.03082963896319,34.611124308475915,32.84073499957213,33.29316711425781,53924700,0.0,0.0
2023-10-24 00:00:00-04:00,33.08662651363912,34.13902487614475,33.08662651363912,34.020999908447266,52673900,0.0,0.0
2023-10-25 00:00:00-04:00,33.61774641957582,33.88330542604822,32.01455852951492,32.289955139160156,44658500,0.0,0.0
2023-10-26 00:00:00-04:00,32.348960764501015,32.673534084145444,31.62113582363375,31.985048294067383,59142500,0.0,0.0
2023-10-27 00:00:00-04:00,34.08984298794316,35.781550195415,34.03082863700385,34.95536804199219,84128200,0.0,0.0
2023-10-30 00:00:00-04:00,34.886519198480364,35.36845659045408,34.34556370471026,35.10289764404297,36656300,0.0,0.0
2023-10-31 00:00:00-04:00,35.07339587318911,35.96842630026138,35.034052969330894,35.89957809448242,41185200,0.0,0.0
2023-11-01 00:00:00-04:00,35.899576894944936,36.706087637360646,35.68319468290073,36.67658233642578,41710700,0.0,0.0
2023-11-02 00:00:00-04:00,36.961812843096055,37.197862755048476,36.302832355675335,37.079837799072266,35440000,0.0,0.0
2023-11-03 00:00:00-04:00,37.37490353236572,37.68963926195629,37.0503302007559,37.51259994506836,30502700,0.0,0.0
2023-11-06 00:00:00-05:00,37.51753421530223,37.695155665246695,37.34977895067342,37.44845962524414,23877200,0.125,0.0
2023-11-07 00:00:00-05:00,37.73463113524536,38.38590858551384,37.478065123885656,38.257625579833984,32052000,0.0,0.0
2023-11-08 00:00:00-05:00,38.336563335089636,38.37603560514898,37.251102258437705,37.418853759765625,33483400,0.0,0.0
2023-11-09 00:00:00-05:00,37.54713779018939,38.010927565462474,37.270839420724386,37.30044174194336,48955800,0.0,0.0
2023-11-10 00:00:00-05:00,37.73462662816008,38.47471472253525,37.73462662816008,38.346431732177734,38862500,0.0,0.0
2023-11-13 00:00:00-05:00,37.84316736723504,38.06026106599183,37.635943617121264,37.724754333496094,24558300,0.0,0.0
2023-11-14 00:00:00-05:00,38.287221269591264,38.96810468892508,37.56686934820241,38.88916015625,45457400,0.0,0.0
2023-11-15 00:00:00-05:00,39.066786699804304,40.300266952053384,39.05692051407083,40.073307037353516,47392100,0.0,0.0
2023-11-16 00:00:00-05:00,40.45815430948169,42.826438018676825,40.2805328430779,42.777095794677734,86405700,0.0,0.0
2023-11-17 00:00:00-05:00,42.34290702568293,43.231014251708984,41.99753408460766,43.231014251708984,49735000,0.0,0.0
2023-11-20 00:00:00-05:00,43.20140797728784,44.33621123172494,43.20140797728784,44.14872360229492,44564900,0.0,0.0
2023-11-21 00:00:00-05:00,43.911897974504114,44.06978329979618,42.72775615267211,43.063262939453125,37252100,0.0,0.0
2023-11-22 00:00:00-05:00,43.44810406483085,44.04017680174799,42.96458194884538,43.09286117553711,31481200,0.0,0.0
2023-11-24 00:00:00-05:00,43.10272997568714,43.41850058791116,43.0336553895308,43.3790283203125,13037100,0.0,0.0
2023-11-27 00:00:00-05:00,43.07313425128787,43.96123782252361,43.07313425128787,43.49745178222656,33339900,0.0,0.0
2023-11-28 00:00:00-05:00,43.112601465526176,43.793484990397744,43.08299914332588,43.64546585083008,24548900,0.0,0.0
2023-11-29 00:00:00-05:00,44.010574000041906,44.74079596740847,44.010574000041906,44.3460807800293,38982000,0.0,0.0
2023-11-30 00:00:00-05:00,44.05991447429258,44.49409815176386,43.82308461840098,44.1092529296875,46263000,0.0,0.0
2023-12-01 00:00:00-05:00,43.77374666363665,43.77374666363665,42.29357039916354,43.16194152832031,43928400,0.0,0.0
2023-12-04 00:00:00-05:00,42.72775176074531,42.73762170997078,41.13902872088735,41.790306091308594,50417600,0.0,0.0
2023-12-05 00:00:00-05:00,41.35612349986118,41.731102530170645,41.06008900826224,41.365989685058594,31859300,0.0,0.0
2023-12-06 00:00:00-05:00,41.91859060045017,42.027137460168056,40.6259019977016,40.72458267211914,31992300,0.0,0.0
2023-12-07 00:00:00-05:00,41.19823756920078,41.87911726610087,40.6357709143088,41.592952728271484,29118700,0.0,0.0
2023-12-08 00:00:00-05:00,41.28704997543026,42.39224719590146,41.257447654791754,42.135684967041016,42815000,0.0,0.0
2023-12-11 00:00:00-05:00,42.58960325966863,44.138854055701096,42.51066248602941,43.95136642456055,48288200,0.0,0.0
2023-12-12 00:00:00-05:00,43.77374793940317,43.85268871838199,43.05339592141253,43.457977294921875,31452200,0.0,0.0
2023-12-13 00:00:00-05:00,43.497446358514516,44.128987600899464,42.75735825929165,43.9809684753418,35216100,0.0,0.0
2023-12-14 00:00:00-05:00,44.41515336581766,46.44793008966711,44.05991423037119,44.582908630371094,70620800,0.0,0.0
2023-12-15 00:00:00-05:00,45.33286355275876,46.64528830971267,45.06643137433316,45.549957275390625,84583400,0.0,0.0
2023-12-18 00:00:00-05:00,45.540089950920446,45.61903072535941,44.800001839676554,45.08616638183594,27895700,0.0,0.0
2023-12-19 00:00:00-05:00,44.99735762171038,46.06308635526833,44.908546893913886,46.04335021972656,35358800,0.0,0.0
2023-12-20 00:00:00-05:00,46.02361017386815,46.32951460235054,45.09603446791247,45.15523910522461,38159100,0.0,0.0
2023-12-21 00:00:00-05:00,45.865729041858266,46.497270325887236,45.411809214497815,46.457801818847656,28320500,0.0,0.0
2023-12-22 00:00:00-05:00,46.625550627708435,47.52352404478188,46.57621217355154,47.365638732910156,30095700,0.0,0.0
2023-12-26 00:00:00-05:00,48.27347887400653,49.852335774632216,48.06625510566455,49.83259963989258,60287400,0.0,0.0
2023-12-27 00:00:00-05:00,49.96088549715075,50.60229297367966,49.526698036558166,50.08916473388672,52148000,0.0,0.0
2023-12-28 00:00:00-05:00,50.13850372723399,50.19770836675126,49.497092527723204,49.72405242919922,27705200,0.0,0.0
2023-12-29 00:00:00-05:00,49.63524162200012,49.9016737922272,49.11224723097072,49.58590316772461,29288700,0.0,0.0
2024-01-02 00:00:00-05:00,48.54978086907395,48.727402316983216,46.82290860884264,47.16828155517578,45905700,0.0,0.0
2024-01-03 00:00:00-05:00,46.47753059186372,47.178150178605605,46.18149610842996,46.428192138671875,35858400,0.0,0.0
2024-01-04 00:00:00-05:00,45.11577268702602,46.536740512433994,44.64211674522337,46.250572204589844,47797800,0.0,0.0
2024-01-05 00:00:00-05:00,46.408458630710044,47.19788898358277,46.02361340404019,46.27030944824219,34344000,0.0,0.0
2024-01-08 00:00:00-05:00,46.44792921427588,48.115593057371974,46.34925230589207,47.8096923828125,42135100,0.0,0.0
2024-01-09 00:00:00-05:00,47.37550575760561,47.91824005579795,47.16828198790462,47.41497802734375,30097000,0.0,0.0
2024-01-10 00:00:00-05:00,47.60246796769483,47.6616726062049,46.31964559049682,46.84264373779297,31480200,0.0,0.0
2024-01-11 00:00:00-05:00,46.81303747245537,47.207752627642286,46.112421648067155,47.01039505004883,31707900,0.0,0.0
2024-01-12 00:00:00-05:00,46.97092462298027,47.03999921320337,45.994010410234836,46.49726867675781,27587900,0.0,0.0
2024-01-16 00:00:00-05:00,46.35912003443378,46.595949892435485,45.76705103585386,46.43806457519531,43720700,0.0,0.0
2024-01-17 00:00:00-05:00,45.80651781369869,45.80651781369869,45.04669734109243,45.45127868652344,33488000,0.0,0.0
2024-01-18 00:00:00-05:00,46.408459938119755,46.941324312035725,45.559824919872035,46.12229537963867,46681300,0.0,0.0
2024-01-19 00:00:00-05:00,46.37885337888682,48.115591764024586,45.82625291965619,47.51365661621094,55979800,0.0,0.0
2024-01-22 00:00:00-05:00,48.20440832614263,48.52017897988624,47.01040030640689,47.58273696899414,45639500,0.0,0.0
2024-01-23 00:00:00-05:00,47.48405314919019,48.29321586647265,46.6946265669979,48.24387741088867,37224100,0.0,0.0
2024-01-24 00:00:00-05:00,48.520175364034515,49.1122481188933,47.6320718781706,48.44123458862305,49375800,0.0,0.0
2024-01-25 00:00:00-05:00,49.33920665843677,49.63524114553085,48.32282020584345,48.8951530456543,84845100,0.0,0.0
2024-01-26 00:00:00-05:00,43.5961221183612,44.80986611742092,42.77708950325992,43.07312774658203,127665300,0.0,0.0
2024-01-29 00:00:00-05:00,43.1323333119092,43.40863542733626,42.24422985568122,43.260616302490234,51790900,0.0,0.0
2024-01-30 00:00:00-05:00,43.09285983392641,43.2408789546181,42.323169440607906,42.3527717590332,47958800,0.0,0.0
2024-01-31 00:00:00-05:00,42.00740006513206,43.21127790693192,41.80017630149584,42.51066207885742,51584200,0.0,0.0
2024-02-01 00:00:00-05:00,42.579736837340135,42.994184366273146,41.92845946024345,42.78696060180664,38819900,0.0,0.0
2024-02-02 00:00:00-05:00,42.43171772242148,42.56986689876739,41.05021843039699,42.03700256347656,53683500,0.0,0.0
2024-02-05 00:00:00-05:00,42.05673856522146,42.57973671381655,41.869250935669385,42.20475769042969,28890300,0.0,0.0
2024-02-06 00:00:00-05:00,42.259190564805955,42.3383627277486,41.70497032294128,42.29877853393555,34068200,0.125,0.0
2024-02-07 00:00:00-05:00,42.44722867727391,42.65505985674417,42.11073848299591,42.33836364746094,34269200,0.0,0.0
2024-02-08 00:00:00-05:00,42.278986473496566,42.52640562884181,41.89301319520865,42.061256408691406,33206500,0.0,0.0
2024-02-09 00:00:00-05:00,42.1107358690328,43.07072331744834,41.96228665376166,42.862892150878906,51193000,0.0,0.0
2024-02-12 00:00:00-05:00,42.94206612066388,44.57503398469183,42.87278906222066,43.57545852661133,51107300,0.0,0.0
2024-02-13 00:00:00-05:00,42.55609129641815,43.17958857482636,42.31856726525242,42.714439392089844,36622200,0.0,0.0
2024-02-14 00:00:00-05:00,43.36762733344154,43.83277653306883,42.94206610299881,43.73380661010742,36186200,0.0,0.0
2024-02-15 00:00:00-05:00,44.29792246284209,44.802659637413264,43.56556390115373,43.595252990722656,44024500,0.0,0.0
2024-02-16 00:00:00-05:00,43.57546147103312,43.76350244978494,42.67485587510025,43.060829162597656,29975300,0.0,0.0
2024-02-20 00:00:00-05:00,43.80308389081493,44.703689430093235,42.97175541030291,44.060401916503906,61514100,0.0,0.0
2024-02-21 00:00:00-05:00,44.020815778072794,44.22864696301597,42.6352707698016,43.021244049072266,57485200,0.0,0.0
2024-02-22 00:00:00-05:00,44.218751667634606,44.218751667634606,42.090945425277404,42.53630065917969,62809300,0.0,0.0
2024-02-23 00:00:00-05:00,42.68475009500671,43.060824460813436,42.21960091454698,42.54619598388672,33810700,0.0,0.0
2024-02-26 00:00:00-05:00,43.05092935658332,43.22907143525656,42.3779490094436,42.54619598388672,27035400,0.0,0.0
2024-02-27 00:00:00-05:00,42.803511664108804,42.82330564855216,42.07114934097092,42.28887939453125,25126400,0.0,0.0
2024-02-28 00:00:00-05:00,42.001869966492016,42.011768845825976,41.477342621281004,41.5565185546875,26928500,0.0,0.0
2024-02-29 00:00:00-05:00,41.93259519224425,42.704545483662436,41.922700087688604,42.60557556152344,48875100,0.0,0.0
2024-03-01 00:00:00-05:00,42.96186273403715,43.812985247351655,42.684754483308424,43.36763000488281,41426100,0.0,0.0
2024-03-04 00:00:00-05:00,43.812985667301724,46.12882917502045,43.39731951190769,45.13915252685547,59990800,0.0,0.0
2024-03-05 00:00:00-05:00,44.09998806070443,44.406785372452866,42.249290209353326,42.714439392089844,56655100,0.0,0.0
2024-03-06 00:00:00-05:00,43.476492325656736,45.04017935400904,43.11031304928887,44.05050277709961,52652000,0.0,0.0
2024-03-07 00:00:00-05:00,45.07976813297767,45.94078571326764,44.71358885003174,45.67357635498047,50378200,0.0,0.0
2024-03-08 00:00:00-05:00,45.960578190502105,46.14861915352694,43.54576873779297,43.54576873779297,54916600,0.0,0.0
2024-03-11 00:00:00-04:00,43.4171110598047,44.46616960706335,43.20927988143693,44.39689254760742,35051000,0.0,0.0
2024-03-12 00:00:00-04:00,44.59483001268361,44.80266119753635,44.00102177341143,44.772972106933594,31795800,0.0,0.0
2024-03-13 00:00:00-04:00,44.0505029236892,44.51565212448583,42.75402901982607,42.78371810913086,53195900,0.0,0.0
2024-03-14 00:00:00-04:00,42.783718164719176,42.90247829740919,42.07114981794601,42.30867385864258,38100000,0.0,0.0
2024-03-15 00:00:00-04:00,42.011769033672145,42.70454335281141,41.912799116471504,42.199806213378906,66952900,0.0,0.0
2024-03-18 00:00:00-04:00,42.64516692858036,42.93217406267901,42.16022370974758,42.26908874511719,27668300,0.0,0.0
2024-03-19 00:00:00-04:00,41.81383419719672,41.853422165234505,41.01219483335548,41.61589813232422,34673000,0.0,0.0
2024-03-20 00:00:00-04:00,42.54619626656077,42.5659864751525,40.98250551566579,41.76435089111328,74865000,0.0,0.0
2024-03-21 00:00:00-04:00,42.546197673998094,43.149897214242884,41.883112404748005,41.982078552246094,50807600,0.0,0.0
2024-03-22 00:00:00-04:00,41.81383511044879,42.35815646924932,41.65548701015561,42.130531311035156,28503100,0.0,0.0
2024-03-25 00:00:00-04:00,40.46787585904025,41.78414755859529,40.15117964680319,41.39817428588867,47276500,0.0,0.0
2024-03-26 00:00:00-04:00,41.51693058798425,41.83362677097765,41.229923492360136,41.5565185546875,39109700,0.0,0.0
2024-03-27 00:00:00-04:00,42.100843972465064,43.37752770777571,42.061256001916675,43.318145751953125,51017800,0.0,0.0
2024-03-28 00:00:00-04:00,43.30824490459669,44.139573371770645,43.25876183131705,43.714012145996094,54204200,0.0,0.0
2024-04-01 00:00:00-04:00,43.832776755512306,44.94121347108948,43.72391172736055,44.060401916503906,31712600,0.0,0.0
2024-04-02 00:00:00-04:00,43.47649024130356,43.62494323084944,43.05092903160946,43.486385345458984,32748400,0.0,0.0
2024-04-03 00:00:00-04:00,40.97261569281679,41.22003486058666,39.80479691891767,39.91366195678711,83718000,0.0,0.0
2024-04-04 00:00:00-04:00,40.170973402908174,40.3590105980652,39.29016183168939,39.31985092163086,57307200,0.0,0.0
2024-04-05 00:00:00-04:00,38.943775305343,39.0526403426771,38.11244675471166,38.31038284301758,67263000,0.0,0.0
2024-04-08 00:00:00-04:00,38.24110374178147,38.4588338048539,37.518640266960844,37.58791732788086,56967800,0.0,0.0
2024-04-09 00:00:00-04:00,37.65719128751643,38.18172241669127,36.94462675169194,37.934303283691406,78671700,0.0,0.0
2024-04-10 00:00:00-04:00,37.62750590872153,37.82544198969589,36.63782927916647,36.81597137451172,51108400,0.0,0.0
2024-04-11 00:00:00-04:00,37.04359529776712,37.28111556667766,36.697209999223986,37.24153137207031,41909100,0.0,0.0
2024-04-12 00:00:00-04:00,36.311232680000735,36.32113156006494,35.23248504731364,35.321556091308594,80254800,0.0,0.0
2024-04-15 00:00:00-04:00,35.66794464775069,36.32113103584749,35.519491651462836,35.935157775878906,50751600,0.0,0.0
2024-04-16 00:00:00-04:00,35.895568587837126,36.13308884345184,35.390831437852185,35.88566970825195,30607500,0.0,0.0
2024-04-17 00:00:00-04:00,35.727323119111105,35.757015983802184,35.00485966690412,35.31166076660156,41173300,0.0,0.0
2024-04-18 00:00:00-04:00,35.054342816560656,35.29186685801872,34.41105530172058,34.67826843261719,42334400,0.0,0.0
2024-04-19 00:00:00-04:00,34.76733858919146,34.76733858919146,33.82714510268787,33.84693908691406,59070300,0.0,0.0
2024-04-22 00:00:00-04:00,34.06466652813322,34.213119527250065,33.72818011072603,34.054771423339844,39909900,0.0,0.0
2024-04-23 00:00:00-04:00,33.98549508463159,34.242809343199326,33.82714697736298,33.92611312866211,46834000,0.0,0.0
2024-04-24 00:00:00-04:00,34.50012494991297,34.816821142169815,33.9854926936665,34.14384078979492,53261100,0.0,0.0
2024-04-25 00:00:00-04:00,34.203222002242924,34.93558051526241,34.14384005173473,34.74754333496094,66549400,0.0,0.0
2024-04-26 00:00:00-04:00,31.45192381651619,31.907176045518334,30.323691180607266,31.55088996887207,119742500,0.0,0.0
2024-04-29 00:00:00-04:00,31.531096996193742,31.580580070998817,30.74925157819707,31.036258697509766,58533300,0.0,0.0
2024-04-30 00:00:00-04:00,30.719562342327688,30.858116461249818,30.105962024307132,30.155445098876953,72346400,0.0,0.0
2024-05-01 00:00:00-04:00,29.858542429729663,30.719561883042896,29.710091320581384,30.05647850036621,60654800,0.0,0.0
2024-05-02 00:00:00-04:00,30.274206169169542,30.353380218588107,29.87833592207671,30.195032119750977,50899400,0.0,0.0
2024-05-03 00:00:00-04:00,30.660179145133664,30.739353193831782,30.383070918519365,30.581005096435547,36794800,0.0,0.0
2024-05-06 00:00:00-04:00,30.923832433223346,31.003328068462462,30.536289553022886,30.774776458740234,36185600,0.125,0.0
2024-05-07 00:00:00-04:00,30.894020047360957,31.251751344198457,30.417046248461222,30.486604690551758,44683400,0.0,0.0
2024-05-08 00:00:00-04:00,29.81089210510254,29.959946186562956,29.5425936212785,29.81089210510254,63734600,0.0,0.0
2024-05-09 00:00:00-04:00,29.741332600527656,30.198432020098114,29.622088202412307,29.90032386779785,45003400,0.0,0.0
2024-05-10 00:00:00-04:00,30.138812358464122,30.267992059188092,29.65190133984991,29.66183853149414,42931300,0.0,0.0
2024-05-13 00:00:00-04:00,29.84070274039695,30.933767233590086,29.810891166912885,30.317676544189453,51459100,0.0,0.0
2024-05-14 00:00:00-04:00,30.42698497721072,30.913895991776922,30.417047785649103,30.854272842407227,47759900,0.0,0.0
2024-05-15 00:00:00-04:00,31.182192737724716,31.202067120946793,30.615786083174033,31.072887420654297,36992900,0.0,0.0
2024-05-16 00:00:00-04:00,31.430616301444132,32.056644199568396,31.32131098625367,31.828094482421875,47752800,0.0,0.0
2024-05-17 00:00:00-04:00,31.8579079970722,31.907592059017553,31.390869475353796,31.629356384277344,41449800,0.0,0.0
2024-05-20 00:00:00-04:00,31.649231369928607,32.21563613099912,31.55979854046339,31.897653579711914,31989000,0.0,0.0
2024-05-21 00:00:00-04:00,31.77840961678809,32.036772797045785,31.420680210618762,31.5399227142334,42975400,0.0,0.0
2024-05-22 00:00:00-04:00,31.708852003298507,31.867843275827525,30.90395844920465,31.221940994262695,36706400,0.0,0.0
2024-05-23 00:00:00-04:00,31.25175143532453,31.37099393773446,29.68171125454082,29.8903865814209,62014500,0.0,0.0
2024-05-24 00:00:00-04:00,30.099064079939822,30.82446197812326,29.94007091639133,30.526351928710938,42434500,0.0,0.0
2024-05-28 00:00:00-04:00,30.744967620329465,31.172257382164105,30.466731941725964,30.86421012878418,36799100,0.0,0.0
2024-05-29 00:00:00-04:00,30.277928026901556,30.476668061101428,29.920198618797393,29.94007110595703,35848600,0.0,0.0
2024-05-30 00:00:00-04:00,30.019567311756507,30.307740177296864,29.870513230933255,29.99969482421875,33351000,0.0,0.0
2024-05-31 00:00:00-04:00,30.029504942197292,30.76484006095746,29.75127115934644,30.655534744262695,95797500,0.0,0.0
2024-06-03 00:00:00-04:00,30.83439895760554,30.874145826725712,29.86057507726836,30.099063873291016,35544900,0.0,0.0
2024-06-04 00:00:00-04:00,30.556164699264862,30.556164699264862,29.75127113543878,29.8407039642334,51027200,0.0,0.0
2024-06-05 00:00:00-04:00,30.079190259300518,30.645596899838363,29.820828969781854,30.585975646972656,44161700,0.0,0.0
2024-06-06 00:00:00-04:00,30.35742448048119,30.397173246523653,29.96988348819456,30.22824478149414,34248100,0.0,0.0
2024-06-07 00:00:00-04:00,30.059315502581093,30.585975266431074,30.019566737614863,30.546226501464844,34085500,0.0,0.0
2024-06-10 00:00:00-04:00,30.35742334809095,30.75490341238691,30.099063959754154,30.71515464782715,37396500,0.0,0.0
2024-06-11 00:00:00-04:00,30.57603785729381,30.834399141756844,30.337550955172254,30.7250919342041,25326900,0.0,0.0
2024-06-12 00:00:00-04:00,31.26168740752887,31.281561790135704,30.198432577294135,30.56610107421875,51323900,0.0,0.0
2024-06-13 00:00:00-04:00,30.18849638192882,30.387236423902817,29.950009468755333,30.26799201965332,33787200,0.0,0.0
2024-06-14 00:00:00-04:00,30.099065365610674,30.36736195761891,30.01956783277801,30.258056640625,28125900,0.0,0.0
2024-06-17 00:00:00-04:00,30.14874866124054,30.804588127819695,29.989757390271375,30.784713745117188,36235300,0.0,0.0
2024-06-18 00:00:00-04:00,30.79465147966915,31.27162530099019,30.307740466821567,30.436920166015625,33294700,0.0,0.0
2024-06-20 00:00:00-04:00,30.367361637990363,30.913895798509436,30.258056322146935,30.426984786987305,43826300,0.0,0.0
2024-06-21 00:00:00-04:00,30.65553318086021,31.162318553482905,30.476667532249213,30.894020080566406,90795200,0.0,0.0
2024-06-24 00:00:00-04:00,30.943704994449813,31.221940666114026,30.337551485050767,30.37729835510254,40611800,0.0,0.0
2024-06-25 00:00:00-04:00,30.506479631824043,30.635659327313434,30.099064267547327,30.546226501464844,29323600,0.0,0.0
2024-06-26 00:00:00-04:00,30.446856525218326,30.48660529023788,30.079189925414628,30.347488403320312,30743000,0.0,0.0
2024-06-27 00:00:00-04:00,30.228244464597882,30.466731372376067,30.099064766965085,30.397172927856445,30184300,0.0,0.0
2024-06-28 00:00:00-04:00,30.556163935664028,31.11263338233784,30.526352361702315,30.774776458740234,41467700,0.0,0.0
2024-07-01 00:00:00-04:00,30.71515590338328,30.824463115065406,30.417047738300834,30.645597457885742,32401800,0.0,0.0
2024-07-02 00:00:00-04:00,30.66547207706199,31.112634328128223,30.39717358922695,30.874147415161133,35999300,0.0,0.0
2024-07-03 00:00:00-04:00,30.923832959411207,31.14244548620724,30.71515572877935,31.033138275146484,24065700,0.0,0.0
2024-07-05 00:00:00-04:00,31.2020665029894,32.13614164734713,31.112633675586775,31.818159103393555,45309400,0.0,0.0
2024-07-08 00:00:00-04:00,32.82179017277948,33.87510969875,32.613114843025684,33.77574157714844,82315900,0.0,0.0
2024-07-09 00:00:00-04:00,34.79924945469186,34.99798949894323,33.507444853034585,34.3719596862793,97546900,0.0,0.0
2024-07-10 00:00:00-04:00,34.22290250728898,34.7495641747144,33.91485905060243,34.65019226074219,52256200,0.0,0.0
2024-07-11 00:00:00-04:00,34.809184100885474,34.928430399599435,33.10002884981283,33.2888298034668,55213700,0.0,0.0
2024-07-12 00:00:00-04:00,33.55712801341558,35.25634795426933,33.55712801341558,34.27259063720703,62792600,0.0,0.0
2024-07-15 00:00:00-04:00,34.48126375284248,35.00792159998404,34.093722786783545,34.242774963378906,39847900,0.0,0.0
2024-07-16 00:00:00-04:00,34.143409539494236,34.232842368767805,33.626686947097056,34.12353515625,28409900,0.0,0.0
2024-07-17 00:00:00-04:00,35.85256576329393,36.925755839253235,34.18315560900105,34.242774963378906,112304200,0.0,0.0
2024-07-18 00:00:00-04:00,34.73962508799172,36.07117841001198,34.31233533453851,34.65019226074219,84188600,0.0,0.0
2024-07-19 00:00:00-04:00,34.35208356711346,34.362022653681926,32.64292457982029,32.7721061706543,69628700,0.0,0.0
2024-07-22 00:00:00-04:00,33.07021606470152,33.19939766232487,32.55349346485917,33.15964889526367,48503700,0.0,0.0
2024-07-23 00:00:00-04:00,32.75223342263411,33.020531913608885,32.623055616004486,32.7422981262207,29466400,0.0,0.0
2024-07-24 00:00:00-04:00,32.32494148650973,32.59323995949019,31.460426711784343,31.50017547607422,62216700,0.0,0.0
2024-07-25 00:00:00-04:00,31.17225584068728,31.78834652633028,30.754903291082982,30.90395736694336,49774000,0.0,0.0
2024-07-26 00:00:00-04:00,31.23187753157216,31.361057227049322,30.824462167334016,31.152381896972656,38352500,0.0,0.0
2024-07-29 00:00:00-04:00,31.221941203638227,31.27162526588968,30.595913300772725,30.63566017150879,32342200,0.0,0.0
2024-07-30 00:00:00-04:00,30.655533712816226,30.715154964946016,29.820828601697457,29.94007110595703,48256600,0.0,0.0
2024-07-31 00:00:00-04:00,30.34748836260998,30.675408092279664,30.08912707630577,30.546226501464844,56110600,0.0,0.0
2024-08-01 00:00:00-04:00,30.238180548162198,30.516414316046976,28.70788724349436,28.866878509521484,107672500,0.0,0.0
2024-08-02 00:00:00-04:00,21.801700111553938,21.8414469830145,20.291281089542203,21.3445987701416,300895900,0.0,0.0
2024-08-05 00:00:00-04:00,20.072667229540986,20.26146817330116,19.168403693593557,19.983234405517578,147385700,0.0,0.0
2024-08-06 00:00:00-04:00,20.191910941842604,20.4999563012095,19.62550428595571,19.704999923706055,106670400,0.0,0.0
2024-08-07 00:00:00-04:00,19.920000076293945,20.25,18.950000762939453,18.989999771118164,97972300,0.125,0.0
2024-08-08 00:00:00-04:00,19.100000381469727,20.549999237060547,18.84000015258789,20.489999771118164,96836800,0.0,0.0
2024-08-09 00:00:00-04:00,20.079999923706055,20.149999618530273,19.5,19.709999084472656,76394500,0.0,0.0
2024-08-12 00:00:00-04:00,19.8700008392334,19.969999313354492,19.0,19.360000610351562,54677600,0.0,0.0
2024-08-13 00:00:00-04:00,19.479999542236328,20.479999542236328,19.469999313354492,20.469999313354492,77511300,0.0,0.0
2024-08-14 00:00:00-04:00,20.489999771118164,20.5,19.790000915527344,19.920000076293945,56758200,0.0,0.0
2024-08-15 00:00:00-04:00,20.31999969482422,21.059999465942383,20.229999542236328,20.690000534057617,84814900,0.0,0.0
2024-08-16 00:00:00-04:00,20.530000686645508,20.899999618530273,20.40999984741211,20.8700008392334,48582700,0.0,0.0
2024-08-19 00:00:00-04:00,20.889999389648438,21.860000610351562,20.84000015258789,21.520000457763672,65956300,0.0,0.0
2024-08-20 00:00:00-04:00,21.209999084472656,21.229999542236328,20.81999969482422,20.989999771118164,84161300,0.0,0.0
2024-08-21 00:00:00-04:00,21.06999969482422,21.440000534057617,21.06999969482422,21.40999984741211,57028900,0.0,0.0
2024-08-22 00:00:00-04:00,21.389999389648438,21.399999618530273,20.040000915527344,20.100000381469727,81444700,0.0,0.0
2024-08-23 00:00:00-04:00,20.31999969482422,20.93000030517578,20.260000228881836,20.540000915527344,73398400,0.0,0.0
2024-08-26 00:00:00-04:00,20.530000686645508,20.559999465942383,19.950000762939453,20.1299991607666,58534800,0.0,0.0
2024-08-27 00:00:00-04:00,20.1299991607666,20.260000228881836,19.84000015258789,20.06999969482422,43862000,0.0,0.0
2024-08-28 00:00:00-04:00,19.979999542236328,20.110000610351562,19.510000228881836,19.610000610351562,50144900,0.0,0.0
2024-08-29 00:00:00-04:00,19.760000228881836,20.600000381469727,19.75,20.1299991607666,64529700,0.0,0.0
2024-08-30 00:00:00-04:00,21.25,22.1200008392334,21.0,22.040000915527344,177785400,0.0,0.0
2024-09-03 00:00:00-04:00,21.540000915527344,21.690000534057617,19.989999771118164,20.100000381469727,115305500,0.0,0.0
2024-09-04 00:00:00-04:00,19.760000228881836,20.049999237060547,19.280000686645508,19.43000030517578,85871900,0.0,0.0
2024-09-05 00:00:00-04:00,19.280000686645508,19.899999618530273,19.239999771118164,19.399999618530273,65388800,0.0,0.0
2024-09-06 00:00:00-04:00,19.440000534057617,19.489999771118164,18.639999389648438,18.889999389648438,92686500,0.0,0.0
2024-09-09 00:00:00-04:00,19.0,19.540000915527344,18.950000762939453,19.06999969482422,64244100,0.0,0.0
2024-09-10 00:00:00-04:00,19.030000686645508,19.110000610351562,18.510000228881836,18.979999542236328,55621300,0.0,0.0
2024-09-11 00:00:00-04:00,19.010000228881836,19.690000534057617,18.520000457763672,19.639999389648438,71403100,0.0,0.0
2024-09-12 00:00:00-04:00,19.43000030517578,19.540000915527344,19.040000915527344,19.360000610351562,51520600,0.0,0.0
2024-09-13 00:00:00-04:00,19.489999771118164,19.799999237060547,19.489999771118164,19.65999984741211,44236300,0.0,0.0
2024-09-16 00:00:00-04:00,20.030000686645508,21.06999969482422,19.760000228881836,20.90999984741211,149337000,0.0,0.0
2024-09-17 00:00:00-04:00,21.709999084472656,22.579999923706055,21.239999771118164,21.469999313354492,196249800,0.0,0.0
2024-09-18 00:00:00-04:00,21.360000610351562,21.739999771118164,20.719999313354492,20.770000457763672,118727900,0.0,0.0
2024-09-19 00:00:00-04:00,21.280000686645508,21.690000534057617,21.030000686645508,21.139999389648438,99829200,0.0,0.0
2024-09-20 00:00:00-04:00,20.889999389648438,23.139999389648438,20.350000381469727,21.84000015258789,260377900,0.0,0.0
2024-09-23 00:00:00-04:00,22.43000030517578,22.81999969482422,22.030000686645508,22.559999465942383,184439100,0.0,0.0
2024-09-24 00:00:00-04:00,22.530000686645508,23.110000610351562,22.290000915527344,22.809999465942383,113082500,0.0,0.0
2024-09-25 00:00:00-04:00,22.799999237060547,24.059999465942383,22.729999542236328,23.540000915527344,117013400,0.0,0.0
2024-09-26 00:00:00-04:00,24.280000686645508,24.420000076293945,23.25,23.920000076293945,95416900,0.0,0.0
2024-09-27 00:00:00-04:00,24.15999984741211,24.65999984741211,23.700000762939453,23.90999984741211,85883300,0.0,0.0
2024-09-30 00:00:00-04:00,23.739999771118164,23.950000762939453,23.09000015258789,23.459999084472656,66308200,0.0,0.0
2024-10-01 00:00:00-04:00,23.459999084472656,23.719999313354492,22.260000228881836,22.690000534057617,86344400,0.0,0.0
2024-10-02 00:00:00-04:00,22.670000076293945,23.06999969482422,22.350000381469727,22.389999389648438,59033900,0.0,0.0
2024-10-03 00:00:00-04:00,22.139999389648438,22.729999542236328,21.649999618530273,22.260000228881836,49565900,0.0,0.0
2024-10-04 00:00:00-04:00,22.700000762939453,22.90999984741211,22.299999237060547,22.59000015258789,49845500,0.0,0.0
2024-10-07 00:00:00-04:00,22.399999618530273,22.649999618530273,22.020000457763672,22.3799991607666,54928700,0.0,0.0
2024-10-08 00:00:00-04:00,22.25,23.420000076293945,22.049999237060547,23.31999969482422,58650500,0.0,0.0
2024-10-09 00:00:00-04:00,23.25,23.479999542236328,23.059999465942383,23.459999084472656,44759000,0.0,0.0
2024-10-10 00:00:00-04:00,23.190000534057617,23.530000686645508,22.959999084472656,23.219999313354492,44874600,0.0,0.0
2024-10-11 00:00:00-04:00,23.049999237060547,23.81999969482422,22.979999542236328,23.559999465942383,43585300,0.0,0.0
2024-10-14 00:00:00-04:00,23.579999923706055,23.770000457763672,23.270000457763672,23.440000534057617,35403600,0.0,0.0
2024-10-15 00:00:00-04:00,23.40999984741211,23.719999313354492,22.469999313354492,22.65999984741211,68900600,0.0,0.0
2024-10-16 00:00:00-04:00,22.3799991607666,22.540000915527344,21.739999771118164,22.309999465942383,62151800,0.0,0.0
2024-10-17 00:00:00-04:00,22.719999313354492,22.81999969482422,22.399999618530273,22.440000534057617,43807600,0.0,0.0
2024-10-18 00:00:00-04:00,22.610000610351562,22.81999969482422,22.5,22.770000457763672,39971700,0.0,0.0
2024-10-21 00:00:00-04:00,22.610000610351562,22.8799991607666,22.25,22.84000015258789,39727000,0.0,0.0
2024-10-22 00:00:00-04:00,22.729999542236328,22.81999969482422,22.170000076293945,22.399999618530273,50160400,0.0,0.0
2024-10-23 00:00:00-04:00,22.299999237060547,22.43000030517578,21.579999923706055,21.979999542236328,45799100,0.0,0.0
2024-10-24 00:00:00-04:00,22.09000015258789,22.3700008392334,21.969999313354492,22.34000015258789,40554400,0.0,0.0
2024-10-25 00:00:00-04:00,22.420000076293945,23.34000015258789,22.40999984741211,22.68000030517578,67503000,0.0,0.0
2024-10-28 00:00:00-04:00,22.670000076293945,23.270000457763672,22.559999465942383,22.920000076293945,41915000,0.0,0.0
2024-10-29 00:00:00-04:00,22.8700008392334,23.139999389648438,22.40999984741211,22.899999618530273,83422200,0.0,0.0
2024-10-30 00:00:00-04:00,22.420000076293945,22.93000030517578,22.260000228881836,22.299999237060547,50941200,0.0,0.0
2024-10-31 00:00:00-04:00,22.149999618530273,22.25,21.469999313354492,21.520000457763672,112485500,0.0,0.0
2024-11-01 00:00:00-04:00,23.0,23.579999923706055,21.90999984741211,23.200000762939453,173471100,0.0,0.0
2024-11-04 00:00:00-05:00,22.959999084472656,23.0,22.0,22.520000457763672,84616300,0.0,0.0
2024-11-05 00:00:00-05:00,22.579999923706055,23.579999923706055,22.399999618530273,23.31999969482422,59153300,0.0,0.0
2024-11-06 00:00:00-05:00,24.299999237060547,25.1200008392334,24.049999237060547,25.049999237060547,116760500,0.0,0.0
2024-11-07 00:00:00-05:00,25.43000030517578,26.3799991607666,25.190000534057617,26.229999542236328,101489300,0.0,0.0
2024-11-08 00:00:00-05:00,26.0,26.43000030517578,25.829999923706055,26.200000762939453,76428000,0.0,0.0
2024-11-11 00:00:00-05:00,25.959999084472656,26.290000915527344,24.829999923706055,25.049999237060547,80185300,0.0,0.0
2024-11-12 00:00:00-05:00,24.65999984741211,24.959999084472656,23.889999389648438,24.15999984741211,62539700,0.0,0.0
2024-11-13 00:00:00-05:00,24.059999465942383,25.139999389648438,24.020000457763672,24.920000076293945,58202000,0.0,0.0
2024-11-14 00:00:00-05:00,25.1200008392334,25.610000610351562,24.93000030517578,25.030000686645508,49252100,0.0,0.0
2024-11-15 00:00:00-05:00,24.809999465942383,24.81999969482422,24.229999542236328,24.350000381469727,55104900,0.0,0.0
2024-11-18 00:00:00-05:00,24.329999923706055,25.020000457763672,24.15999984741211,24.84000015258789,59589500,0.0,0.0
2024-11-19 00:00:00-05:00,24.5,24.540000915527344,24.100000381469727,24.200000762939453,61190900,0.0,0.0
2024-11-20 00:00:00-05:00,24.06999969482422,24.209999084472656,23.549999237060547,24.010000228881836,50191500,0.0,0.0
2024-11-21 00:00:00-05:00,24.079999923706055,24.770000457763672,23.829999923706055,24.440000534057617,58928400,0.0,0.0
2024-11-22 00:00:00-05:00,24.350000381469727,24.68000030517578,24.139999389648438,24.5,36784700,0.0,0.0
2024-11-25 00:00:00-05:00,25.040000915527344,25.56999969482422,24.760000228881836,24.8700008392334,91128400,0.0,0.0
2024-11-26 00:00:00-05:00,24.950000762939453,24.989999771118164,23.809999465942383,24.049999237060547,69613600,0.0,0.0
2024-11-27 00:00:00-05:00,23.829999923706055,23.93000030517578,23.059999465942383,23.649999618530273,53992300,0.0,0.0
2024-11-29 00:00:00-05:00,23.719999313354492,24.280000686645508,23.600000381469727,24.049999237060547,36616800,0.0,0.0
2024-12-02 00:00:00-05:00,24.84000015258789,25.479999542236328,23.440000534057617,23.93000030517578,150497900,0.0,0.0
2024-12-03 00:00:00-05:00,23.68000030517578,23.75,22.440000534057617,22.469999313354492,138160500,0.0,0.0
2024-12-04 00:00:00-05:00,22.530000686645508,22.540000915527344,21.809999465942383,21.959999084472656,104649000,0.0,0.0
2024-12-05 00:00:00-05:00,22.040000915527344,22.190000534057617,20.65999984741211,20.799999237060547,167993500,0.0,0.0
2024-12-06 00:00:00-05:00,20.950000762939453,21.049999237060547,20.65999984741211,20.920000076293945,78539100,0.0,0.0
2024-12-09 00:00:00-05:00,20.920000076293945,21.059999465942383,20.729999542236328,20.809999465942383,68818200,0.0,0.0
2024-12-10 00:00:00-05:00,20.829999923706055,20.860000610351562,19.959999084472656,20.15999984741211,90004800,0.0,0.0
2024-12-11 00:00:00-05:00,20.139999389648438,20.25,19.8700008392334,20.1200008392334,75209300,0.0,0.0
2024-12-12 00:00:00-05:00,20.020000457763672,20.899999618530273,19.920000076293945,20.780000686645508,77695000,0.0,0.0
2024-12-13 00:00:00-05:00,20.600000381469727,20.799999237060547,20.25,20.34000015258789,55104100,0.0,0.0
2024-12-16 00:00:00-05:00,20.170000076293945,21.100000381469727,20.0,20.829999923706055,73832900,0.0,0.0
2024-12-17 00:00:00-05:00,20.639999389648438,20.770000457763672,20.290000915527344,20.440000534057617,51767200,0.0,0.0
2024-12-18 00:00:00-05:00,20.479999542236328,20.579999923706055,19.209999084472656,19.299999237060547,86041200,0.0,0.0
2024-12-19 00:00:00-05:00,19.530000686645508,19.690000534057617,19.030000686645508,19.059999465942383,69117800,0.0,0.0
2024-12-20 00:00:00-05:00,18.969999313354492,19.760000228881836,18.899999618530273,19.520000457763672,108453700,0.0,0.0
2024-12-23 00:00:00-05:00,19.579999923706055,20.229999542236328,19.520000457763672,20.200000762939453,57988400,0.0,0.0
2024-12-24 00:00:00-05:00,20.219999313354492,20.399999618530273,19.959999084472656,20.399999618530273,29884000,0.0,0.0
2024-12-26 00:00:00-05:00,20.229999542236328,20.670000076293945,20.079999923706055,20.440000534057617,39846200,0.0,0.0
2024-12-27 00:00:00-05:00,20.209999084472656,20.610000610351562,20.09000015258789,20.299999237060547,48260800,0.0,0.0
2024-12-30 00:00:00-05:00,20.010000228881836,20.110000610351562,19.729999542236328,19.81999969482422,59608100,0.0,0.0
2024-12-31 00:00:00-05:00,19.989999771118164,20.399999618530273,19.8799991607666,20.049999237060547,49846700,0.0,0.0
2025-01-02 00:00:00-05:00,20.229999542236328,20.43000030517578,20.0,20.219999313354492,46438500,0.0,0.0
2025-01-03 00:00:00-05:00,20.389999389648438,20.670000076293945,20.059999465942383,20.559999465942383,48983900,0.0,0.0
2025-01-06 00:00:00-05:00,20.829999923706055,20.979999542236328,19.780000686645508,19.8700008392334,83271000,0.0,0.0
2025-01-07 00:00:00-05:00,20.020000457763672,20.34000015258789,19.899999618530273,20.010000228881836,61726100,0.0,0.0
2025-01-08 00:00:00-05:00,19.829999923706055,20.1200008392334,19.709999084472656,19.8799991607666,47897100,0.0,0.0
2025-01-10 00:00:00-05:00,19.65999984741211,19.65999984741211,18.90999984741211,19.149999618530273,71244600,0.0,0.0
2025-01-13 00:00:00-05:00,18.920000076293945,19.25,18.729999542236328,19.200000762939453,50669000,0.0,0.0
2025-01-14 00:00:00-05:00,19.360000610351562,19.520000457763672,18.81999969482422,19.200000762939453,47147500,0.0,0.0
2025-01-15 00:00:00-05:00,19.399999618530273,19.770000457763672,19.170000076293945,19.719999313354492,56306000,0.0,0.0
2025-01-16 00:00:00-05:00,19.75,19.950000762939453,19.399999618530273,19.670000076293945,44898100,0.0,0.0
2025-01-17 00:00:00-05:00,21.260000228881836,21.6200008392334,20.790000915527344,21.489999771118164,166483900,0.0,0.0
2025-01-21 00:00:00-05:00,22.030000686645508,22.40999984741211,21.75,21.770000457763672,96262200,0.0,0.0
2025-01-22 00:00:00-05:00,21.729999542236328,22.290000915527344,21.56999969482422,21.860000610351562,60972600,0.0,0.0
2025-01-23 00:00:00-05:00,21.690000534057617,21.75,21.350000381469727,21.56999969482422,55778200,0.0,0.0
2025-01-24 00:00:00-05:00,21.360000610351562,21.40999984741211,20.75,20.829999923706055,66300600,0.0,0.0
2025-01-27 00:00:00-05:00,20.809999465942383,21.059999465942383,20.139999389648438,20.290000915527344,83582100,0.0,0.0
2025-01-28 00:00:00-05:00,20.34000015258789,20.34000015258789,19.739999771118164,19.799999237060547,73411400,0.0,0.0
2025-01-29 00:00:00-05:00,19.8700008392334,20.079999923706055,19.65999984741211,19.75,86506800,0.0,0.0
2025-01-30 00:00:00-05:00,19.719999313354492,20.100000381469727,19.43000030517578,20.010000228881836,108167000,0.0,0.0
2025-01-31 00:00:00-05:00,20.100000381469727,20.329999923706055,19.3799991607666,19.43000030517578,117081700,0.0,0.0
2025-02-03 00:00:00-05:00,18.969999313354492,19.75,18.780000686645508,19.3799991607666,77523100,0.0,0.0
2025-02-04 00:00:00-05:00,19.100000381469727,19.530000686645508,19.020000457763672,19.290000915527344,54098200,0.0,0.0
2025-02-05 00:00:00-05:00,19.190000534057617,19.770000457763672,18.90999984741211,19.649999618530273,66059200,0.0,0.0
2025-02-06 00:00:00-05:00,19.510000228881836,19.700000762939453,19.219999313354492,19.3799991607666,45553800,0.0,0.0
2025-02-07 00:00:00-05:00,19.350000381469727,19.360000610351562,19.030000686645508,19.100000381469727,58277900,0.0,0.0
2025-02-10 00:00:00-05:00,19.25,20.079999923706055,19.239999771118164,19.770000457763672,73007300,0.0,0.0
2025-02-11 00:00:00-05:00,19.8700008392334,21.8799991607666,19.860000610351562,20.969999313354492,150960700,0.0,0.0
2025-02-12 00:00:00-05:00,21.979999542236328,22.559999465942383,20.93000030517578,22.479999542236328,162631200,0.0,0.0
2025-02-13 00:00:00-05:00,22.84000015258789,24.829999923706055,22.790000915527344,24.1299991607666,248661300,0.0,0.0
2025-02-14 00:00:00-05:00,24.360000610351562,25.190000534057617,22.860000610351562,23.600000381469727,230254100,0.0,0.0
2025-02-18 00:00:00-05:00,24.600000381469727,27.549999237060547,24.489999771118164,27.389999389648438,284292200,0.0,0.0
2025-02-19 00:00:00-05:00,25.979999542236328,26.329999923706055,25.459999084472656,25.719999313354492,151881700,0.0,0.0
2025-02-20 00:00:00-05:00,25.559999465942383,26.1200008392334,24.479999542236328,26.09000015258789,144939600,0.0,0.0
2025-02-21 00:00:00-05:00,25.959999084472656,26.290000915527344,24.84000015258789,24.8700008392334,111630900,0.0,0.0
2025-02-24 00:00:00-05:00,24.549999237060547,24.799999237060547,23.6200008392334,24.270000457763672,91358100,0.0,0.0
2025-02-25 00:00:00-05:00,24.209999084472656,24.280000686645508,22.770000457763672,22.989999771118164,88886500,0.0,0.0
2025-02-26 00:00:00-05:00,23.25,23.81999969482422,23.209999084472656,23.520000457763672,67449300,0.0,0.0
2025-02-27 00:00:00-05:00,23.700000762939453,24.399999618530273,23.06999969482422,23.09000015258789,97871900,0.0,0.0
2025-02-28 00:00:00-05:00,23.020000457763672,24.440000534057617,22.639999389648438,23.729999542236328,104133800,0.0,0.0
2025-03-03 00:00:00-05:00,25.0,25.040000915527344,22.520000457763672,22.739999771118164,141348700,0.0,0.0
2025-03-04 00:00:00-05:00,22.540000915527344,22.6299991607666,20.760000228881836,21.329999923706055,152182200,0.0,0.0
2025-03-05 00:00:00-05:00,21.329999923706055,21.360000610351562,20.18000030517578,20.809999465942383,127219300,0.0,0.0
2025-03-06 00:00:00-05:00,20.260000228881836,21.1299991607666,20.0,20.75,96466400,0.0,0.0
2025-03-07 00:00:00-05:00,20.270000457763672,21.200000762939453,20.110000610351562,20.639999389648438,81099600,0.0,0.0
2025-03-10 00:00:00-04:00,20.239999771118164,20.510000228881836,19.649999618530273,19.93000030517578,82760600,0.0,0.0
2025-03-11 00:00:00-04:00,19.969999313354492,20.059999465942383,19.290000915527344,19.780000686645508,80789000,0.0,0.0
2025-03-12 00:00:00-04:00,20.790000915527344,21.170000076293945,20.209999084472656,20.68000030517578,128671100,0.0,0.0
2025-03-13 00:00:00-04:00,23.5,24.530000686645508,23.1299991607666,23.700000762939453,243261000,0.0,0.0
2025-03-14 00:00:00-04:00,23.68000030517578,24.3700008392334,23.520000457763672,24.049999237060547,116901600,0.0,0.0
2025-03-17 00:00:00-04:00,24.420000076293945,26.149999618530273,24.3700008392334,25.690000534057617,160723600,0.0,0.0
2025-03-18 00:00:00-04:00,25.549999237060547,26.40999984741211,25.389999389648438,25.920000076293945,132488800,0.0,0.0
2025-03-19 00:00:00-04:00,24.899999618530273,25.229999542236328,24.030000686645508,24.1200008392334,135491400,0.0,0.0
2025-03-20 00:00:00-04:00,23.770000457763672,24.309999465942383,23.729999542236328,23.959999084472656,68937600,0.0,0.0
2025-03-21 00:00:00-04:00,23.600000381469727,24.700000762939453,23.489999771118164,24.260000228881836,94110700,0.0,0.0
2025-03-24 00:00:00-04:00,24.719999313354492,24.989999771118164,24.1299991607666,24.219999313354492,69169000,0.0,0.0
2025-03-25 00:00:00-04:00,24.18000030517578,24.75,24.110000610351562,24.200000762939453,51743300,0.0,0.0
2025-03-26 00:00:00-04:00,24.25,24.420000076293945,23.25,23.420000076293945,59496700,0.0,0.0
2025-03-27 00:00:00-04:00,23.290000915527344,23.760000228881836,22.860000610351562,23.6200008392334,57720600,0.0,0.0
2025-03-28 00:00:00-04:00,23.350000381469727,23.579999923706055,22.559999465942383,22.709999084472656,58365300,0.0,0.0
2025-03-31 00:00:00-04:00,22.3799991607666,22.75,21.75,22.709999084472656,65832000,0.0,0.0
2025-04-01 00:00:00-04:00,22.559999465942383,22.6200008392334,21.65999984741211,22.049999237060547,64060400,0.0,0.0
2025-04-02 00:00:00-04:00,21.889999389648438,22.3799991607666,21.700000762939453,21.979999542236328,58878800,0.0,0.0
2025-04-03 00:00:00-04:00,21.399999618530273,23.899999618530273,20.860000610351562,22.43000030517578,242972100,0.0,0.0
2025-04-04 00:00:00-04:00,21.700000762939453,22.200000762939453,19.700000762939453,19.850000381469727,175014700,0.0,0.0
2025-04-07 00:00:00-04:00,19.139999389648438,20.670000076293945,18.559999465942383,19.56999969482422,142491200,0.0,0.0
2025-04-08 00:00:00-04:00,20.059999465942383,20.389999389648438,17.670000076293945,18.1299991607666,163982700,0.0,0.0
2025-04-09 00:00:00-04:00,18.06999969482422,21.729999542236328,17.979999542236328,21.530000686645508,224183500,0.0,0.0
2025-04-10 00:00:00-04:00,20.68000030517578,20.81999969482422,19.15999984741211,19.8799991607666,129064900,0.0,0.0
2025-04-11 00:00:00-04:00,19.25,19.799999237060547,18.18000030517578,19.739999771118164,128425800,0.0,0.0
2025-04-14 00:00:00-04:00,20.59000015258789,21.049999237060547,19.979999542236328,20.309999465942383,101964400,0.0,0.0
2025-04-15 00:00:00-04:00,20.200000762939453,20.469999313354492,19.809999465942383,19.850000381469727,64056900,0.0,0.0
2025-04-16 00:00:00-04:00,19.34000015258789,19.43000030517578,18.719999313354492,19.229999542236328,89469700,0.0,0.0
2025-04-17 00:00:00-04:00,18.90999984741211,19.100000381469727,18.559999465942383,18.93000030517578,85646700,0.0,0.0
2025-04-21 00:00:00-04:00,18.93000030517578,18.989999771118164,18.25,18.84000015258789,72409900,0.0,0.0
2025-04-22 00:00:00-04:00,19.059999465942383,19.739999771118164,19.040000915527344,19.510000228881836,83365600,0.0,0.0
2025-04-23 00:00:00-04:00,20.719999313354492,21.030000686645508,20.309999465942383,20.59000015258789,97188100,0.0,0.0
2025-04-24 00:00:00-04:00,21.040000915527344,21.549999237060547,20.8799991607666,21.489999771118164,117086200,0.0,0.0
2025-04-25 00:00:00-04:00,19.729999542236328,20.18000030517578,19.34000015258789,20.049999237060547,147711200,0.0,0.0
2025-04-28 00:00:00-04:00,20.1200008392334,21.079999923706055,20.049999237060547,20.510000228881836,96624400,0.0,0.0
2025-04-29 00:00:00-04:00,20.309999465942383,20.850000381469727,20.219999313354492,20.34000015258789,70031900,0.0,0.0
2025-04-30 00:00:00-04:00,19.709999084472656,20.18000030517578,19.549999237060547,20.100000381469727,68297300,0.0,0.0
2025-05-01 00:00:00-04:00,20.219999313354492,20.649999618530273,19.940000534057617,19.979999542236328,72607500,0.0,0.0
2025-05-02 00:00:00-04:00,20.260000228881836,20.780000686645508,20.209999084472656,20.6200008392334,63298500,0.0,0.0
2025-05-05 00:00:00-04:00,20.389999389648438,20.579999923706055,20.239999771118164,20.270000457763672,44237000,0.0,0.0
2025-05-06 00:00:00-04:00,19.920000076293945,20.1200008392334,19.770000457763672,19.940000534057617,51330800,0.0,0.0
2025-05-07 00:00:00-04:00,19.969999313354492,20.3700008392334,19.81999969482422,20.309999465942383,61002600,0.0,0.0
2025-05-08 00:00:00-04:00,21.010000228881836,21.239999771118164,20.639999389648438,21.0,71651700,0.0,0.0
2025-05-09 00:00:00-04:00,21.200000762939453,21.450000762939453,20.829999923706055,21.420000076293945,51768600,0.0,0.0
2025-05-12 00:00:00-04:00,22.18000030517578,22.670000076293945,21.8799991607666,22.18000030517578,94578700,0.0,0.0
2025-05-13 00:00:00-04:00,22.360000610351562,22.8799991607666,22.299999237060547,22.559999465942383,76850400,0.0,0.0
2025-05-14 00:00:00-04:00,22.350000381469727,22.459999084472656,21.459999084472656,21.520000457763672,91584800,0.0,0.0
2025-05-15 00:00:00-04:00,21.229999542236328,21.6299991607666,21.190000534057617,21.549999237060547,66705500,0.0,0.0
2025-05-16 00:00:00-04:00,21.530000686645508,21.760000228881836,21.350000381469727,21.65999984741211,55795100,0.0,0.0
2025-05-19 00:00:00-04:00,21.18000030517578,21.559999465942383,21.049999237060547,21.3799991607666,64279100,0.0,0.0
2025-05-20 00:00:00-04:00,21.329999923706055,21.40999984741211,21.1200008392334,21.270000457763672,48497400,0.0,0.0
2025-05-21 00:00:00-04:00,21.190000534057617,21.6299991607666,20.59000015258789,20.690000534057617,62904700,0.0,0.0
2025-05-22 00:00:00-04:00,20.729999542236328,20.899999618530273,20.510000228881836,20.549999237060547,56077500,0.0,0.0
2025-05-23 00:00:00-04:00,20.15999984741211,20.270000457763672,19.940000534057617,20.049999237060547,68206100,0.0,0.0
2025-05-27 00:00:00-04:00,20.440000534057617,20.670000076293945,20.18000030517578,20.549999237060547,69504600,0.0,0.0
2025-05-28 00:00:00-04:00,20.56999969482422,20.639999389648438,20.329999923706055,20.3700008392334,46096500,0.0,0.0
2025-05-29 00:00:00-04:00,20.540000915527344,20.600000381469727,20.100000381469727,20.25,66372200,0.0,0.0
2025-05-30 00:00:00-04:00,20.260000228881836,20.260000228881836,19.309999465942383,19.549999237060547,114281900,0.0,0.0
2025-06-02 00:00:00-04:00,19.479999542236328,19.81999969482422,19.3700008392334,19.739999771118164,67885500,0.0,0.0
2025-06-03 00:00:00-04:00,19.75,20.40999984741211,19.399999618530273,20.290000915527344,80401900,0.0,0.0
2025-06-04 00:00:00-04:00,20.34000015258789,20.5,20.010000228881836,20.25,71166500,0.0,0.0
2025-06-05 00:00:00-04:00,20.270000457763672,20.549999237060547,19.850000381469727,19.989999771118164,72458400,0.0,0.0
2025-06-06 00:00:00-04:00,20.170000076293945,20.440000534057617,20.030000686645508,20.059999465942383,70072800,0.0,0.0
2025-06-09 00:00:00-04:00,20.219999313354492,20.959999084472656,20.219999313354492,20.479999542236328,92893900,0.0,0.0
2025-06-10 00:00:00-04:00,20.5,22.440000534057617,20.280000686645508,22.079999923706055,171457000,0.0,0.0
2025-06-11 00:00:00-04:00,21.780000686645508,21.829999923706055,20.3799991607666,20.68000030517578,146784500,0.0,0.0
2025-06-12 00:00:00-04:00,20.5,20.979999542236328,20.40999984741211,20.770000457763672,78175900,0.0,0.0
2025-06-13 00:00:00-04:00,20.329999923706055,20.600000381469727,20.100000381469727,20.139999389648438,87655900,0.0,0.0
2025-06-16 00:00:00-04:00,20.40999984741211,20.93000030517578,20.299999237060547,20.739999771118164,86745100,0.0,0.0
2025-06-17 00:00:00-04:00,20.6299991607666,21.479999542236328,20.6200008392334,20.799999237060547,87512200,0.0,0.0
2025-06-18 00:00:00-04:00,20.809999465942383,21.600000381469727,20.65999984741211,21.489999771118164,94200600,0.0,0.0
2025-06-20 00:00:00-04:00,21.700000762939453,21.889999389648438,20.8799991607666,21.079999923706055,133472800,0.0,0.0
2025-06-23 00:00:00-04:00,21.06999969482422,21.579999923706055,20.729999542236328,21.190000534057617,81461000,0.0,0.0
2025-06-24 00:00:00-04:00,21.34000015258789,22.690000534057617,21.329999923706055,22.549999237060547,130368700,0.0,0.0
2025-06-25 00:00:00-04:00,22.579999923706055,22.770000457763672,22.1299991607666,22.200000762939453,64975100,0.0,0.0
2025-06-26 00:00:00-04:00,22.399999618530273,22.6200008392334,22.209999084472656,22.5,63229300,0.0,0.0
2025-06-27 00:00:00-04:00,22.709999084472656,23.3799991607666,22.420000076293945,22.690000534057617,95542400,0.0,0.0
2025-06-30 00:00:00-04:00,22.969999313354492,22.969999313354492,22.270000457763672,22.399999618530273,77102400,0.0,0.0
2025-07-01 00:00:00-04:00,22.329999923706055,23.15999984741211,22.280000686645508,22.850000381469727,79094900,0.0,0.0
2025-07-02 00:00:00-04:00,22.530000686645508,22.770000457763672,21.520000457763672,21.8799991607666,138245300,0.0,0.0
2025-07-03 00:00:00-04:00,22.149999618530273,22.6299991607666,21.989999771118164,22.489999771118164,61176000,0.0,0.0
2025-07-07 00:00:00-04:00,22.209999084472656,22.389999389648438,21.860000610351562,22.0,80725200,0.0,0.0
2025-07-08 00:00:00-04:00,22.18000030517578,23.790000915527344,22.1299991607666,23.59000015258789,119545500,0.0,0.0
2025-07-09 00:00:00-04:00,23.290000915527344,23.530000686645508,23.1299991607666,23.440000534057617,70247700,0.0,0.0
2025-07-10 00:00:00-04:00,23.6299991607666,24.040000915527344,23.479999542236328,23.81999969482422,54599800,0.0,0.0
2025-07-11 00:00:00-04:00,23.559999465942383,23.65999984741211,23.15999984741211,23.43000030517578,49367900,0.0,0.0
2025-07-14 00:00:00-04:00,23.239999771118164,23.399999618530273,22.8799991607666,23.299999237060547,48420500,0.0,0.0
2025-07-15 00:00:00-04:00,23.56999969482422,23.780000686645508,22.899999618530273,22.920000076293945,66099400,0.0,0.0
2025-07-16 00:00:00-04:00,22.989999771118164,23.1299991607666,22.25,22.690000534057617,58865900,0.0,0.0
2025-07-17 00:00:00-04:00,22.65999984741211,23.049999237060547,22.59000015258789,22.799999237060547,49384000,0.0,0.0
2025-07-18 00:00:00-04:00,23.219999313354492,23.59000015258789,22.899999618530273,23.100000381469727,60195600,0.0,0.0
2025-07-21 00:00:00-04:00,23.399999618530273,23.829999923706055,23.15999984741211,23.260000228881836,61658000,0.0,0.0
2025-07-22 00:00:00-04:00,23.34000015258789,23.540000915527344,23.079999923706055,23.239999771118164,53969800,0.0,0.0
2025-07-23 00:00:00-04:00,23.260000228881836,23.6200008392334,22.920000076293945,23.489999771118164,68711700,0.0,0.0
2025-07-24 00:00:00-04:00,23.489999771118164,23.579999923706055,22.600000381469727,22.6299991607666,131963300,0.0,0.0
2025-07-25 00:00:00-04:00,20.68000030517578,21.049999237060547,20.360000610351562,20.700000762939453,245077700,0.0,0.0
2025-07-28 00:00:00-04:00,20.81999969482422,21.290000915527344,20.649999618530273,20.68000030517578,86105600,0.0,0.0
2025-07-29 00:00:00-04:00,20.690000534057617,20.850000381469727,20.34000015258789,20.40999984741211,100831500,0.0,0.0
2025-07-30 00:00:00-04:00,20.43000030517578,20.6200008392334,20.079999923706055,20.34000015258789,67420300,0.0,0.0
2025-07-31 00:00:00-04:00,20.170000076293945,20.229999542236328,19.65999984741211,19.799999237060547,90665200,0.0,0.0
2025-08-01 00:00:00-04:00,19.5,19.549999237060547,18.969999313354492,19.309999465942383,86496100,0.0,0.0
2025-08-04 00:00:00-04:00,19.520000457763672,19.59000015258789,19.350000381469727,19.5,69249400,0.0,0.0
2025-08-05 00:00:00-04:00,19.700000762939453,20.540000915527344,19.68000030517578,20.190000534057617,97338200,0.0,0.0
2025-08-06 00:00:00-04:00,20.1200008392334,20.479999542236328,19.8700008392334,20.40999984741211,67074200,0.0,0.0
2025-08-07 00:00:00-04:00,20.0,20.440000534057617,19.600000381469727,19.770000457763672,131382800,0.0,0.0
2025-08-08 00:00:00-04:00,20.0,20.020000457763672,19.610000610351562,19.950000762939453,75415000,0.0,0.0
2025-08-11 00:00:00-04:00,20.450000762939453,21.600000381469727,20.440000534057617,20.649999618530273,175545600,0.0,0.0
2025-08-12 00:00:00-04:00,21.200000762939453,21.860000610351562,20.760000228881836,21.809999465942383,134153600,0.0,0.0
2025-08-13 00:00:00-04:00,21.6200008392334,22.299999237060547,21.360000610351562,22.219999313354492,86024400,0.0,0.0
2025-08-14 00:00:00-04:00,21.989999771118164,24.200000762939453,21.899999618530273,23.860000610351562,188052500,0.0,0.0
2025-08-15 00:00:00-04:00,25.010000228881836,25.649999618530273,24.110000610351562,24.559999465942383,310161100,0.0,0.0
2025-08-18 00:00:00-04:00,24.0,24.899999618530273,23.209999084472656,23.65999984741211,212515600,0.0,0.0
2025-08-19 00:00:00-04:00,24.940000534057617,26.530000686645508,24.940000534057617,25.309999465942383,297659200,0.0,0.0
2025-08-20 00:00:00-04:00,24.899999618530273,24.93000030517578,23.329999923706055,23.540000915527344,161149400,0.0,0.0
2025-08-21 00:00:00-04:00,23.530000686645508,23.56999969482422,22.780000686645508,23.5,97718300,0.0,0.0
2025-08-22 00:00:00-04:00,23.649999618530273,25.229999542236328,23.649999618530273,24.799999237060547,200266800,0.0,0.0
2025-08-25 00:00:00-04:00,25.5,25.8799991607666,24.440000534057617,24.549999237060547,156825600,0.0,0.0
2025-08-26 00:00:00-04:00,24.579999923706055,24.739999771118164,24.100000381469727,24.350000381469727,78558200,0.0,0.0
2025-08-27 00:00:00-04:00,24.190000534057617,24.989999771118164,24.049999237060547,24.850000381469727,90934400,0.0,0.0
2025-08-28 00:00:00-04:00,24.959999084472656,25.139999389648438,24.610000610351562,24.93000030517578,60035100,0.0,0.0
2025-08-29 00:00:00-04:00,24.760000228881836,24.969999313354492,24.280000686645508,24.350000381469727,63734400,0.0,0.0
2025-09-02 00:00:00-04:00,23.8799991607666,24.239999771118164,23.68000030517578,24.209999084472656,57661800,0.0,0.0
2025-09-03 00:00:00-04:00,24.09000015258789,24.09000015258789,23.719999313354492,24.0,47822900,0.0,0.0
2025-09-04 00:00:00-04:00,23.850000381469727,24.639999389648438,23.75,24.610000610351562,59056500,0.0,0.0
2025-09-05 00:00:00-04:00,24.600000381469727,24.709999084472656,24.170000076293945,24.489999771118164,55975300,0.0,0.0
2025-09-08 00:00:00-04:00,24.479999542236328,24.739999771118164,24.1200008392334,24.479999542236328,51122100,0.0,0.0
2025-09-09 00:00:00-04:00,24.530000686645508,24.809999465942383,24.270000457763672,24.440000534057617,42146200,0.0,0.0
2025-09-10 00:00:00-04:00,24.420000076293945,24.8700008392334,24.280000686645508,24.770000457763672,61600700,0.0,0.0
2025-09-11 00:00:00-04:00,24.760000228881836,24.93000030517578,24.56999969482422,24.610000610351562,55536900,0.0,0.0
2025-09-12 00:00:00-04:00,24.610000610351562,24.6299991607666,24.049999237060547,24.079999923706055,52672800,0.0,0.0
2025-09-15 00:00:00-04:00,24.329999923706055,25.459999084472656,24.219999313354492,24.770000457763672,83951600,0.0,0.0
2025-09-16 00:00:00-04:00,24.81999969482422,25.34000015258789,24.690000534057617,25.270000457763672,60336600,0.0,0.0
2025-09-17 00:00:00-04:00,25.079999923706055,25.260000228881836,24.450000762939453,24.899999618530273,63093700,0.0,0.0
2025-09-18 00:00:00-04:00,31.780000686645508,32.380001068115234,30.15999984741211,30.56999969482422,523908000,0.0,0.0
2025-09-19 00:00:00-04:00,30.3799991607666,30.6299991607666,29.329999923706055,29.579999923706055,225702900,0.0,0.0
2025-09-22 00:00:00-04:00,29.670000076293945,30.100000381469727,28.729999542236328,28.760000228881836,130314500,0.0,0.0
2025-09-23 00:00:00-04:00,28.989999771118164,30.200000762939453,28.81999969482422,29.34000015258789,126317900,0.0,0.0
2025-09-24 00:00:00-04:00,29.3799991607666,31.700000762939453,29.229999542236328,31.219999313354492,164458500,0.0,0.0
2025-09-25 00:00:00-04:00,31.610000610351562,34.25,31.209999084472656,33.9900016784668,295709300,0.0,0.0
2025-09-26 00:00:00-04:00,35.02000045776367,36.29999923706055,34.4900016784668,35.5,268583300,0.0,0.0
2025-09-29 00:00:00-04:00,34.52000045776367,35.04999923706055,33.72999954223633,34.47999954223633,152605900,0.0,0.0
2025-09-30 00:00:00-04:00,33.93000030517578,34.2400016784668,33.02000045776367,33.54999923706055,124818400,0.0,0.0
2025-10-01 00:00:00-04:00,33.529998779296875,36.060001373291016,33.5,35.939998626708984,162649700,0.0,0.0
2025-10-02 00:00:00-04:00,35.7599983215332,37.56999969482422,35.439998626708984,37.29999923706055,149361700,0.0,0.0
2025-10-03 00:00:00-04:00,37.95000076293945,38.08000183105469,36.45000076293945,36.83000183105469,125359300,0.0,0.0
2025-10-06 00:00:00-04:00,37.189998626708984,38.68000030517578,36.43000030517578,36.59000015258789,112086100,0.0,0.0
2025-10-07 00:00:00-04:00,36.63999938964844,38.04999923706055,36.349998474121094,37.16999816894531,111140200,0.0,0.0
2025-10-08 00:00:00-04:00,36.54999923706055,37.790000915527344,35.90999984741211,37.43000030517578,103202100,0.0,0.0
2025-10-09 00:00:00-04:00,37.529998779296875,38.099998474121094,36.86000061035156,37.79999923706055,89884700,0.0,0.0
2025-10-10 00:00:00-04:00,38.459999084472656,39.650001525878906,36.29999923706055,36.369998931884766,183063300,0.0,0.0
2025-10-13 00:00:00-04:00,36.439998626708984,37.5099983215332,36.279998779296875,37.220001220703125,104020700,0.0,0.0
2025-10-14 00:00:00-04:00,36.0,36.54999923706055,34.689998626708984,35.630001068115234,117908300,0.0,0.0
2025-10-15 00:00:00-04:00,36.400001525878906,37.4900016784668,35.63999938964844,37.150001525878906,99242700,0.0,0.0
2025-10-16 00:00:00-04:00,37.150001525878906,38.02000045776367,36.40999984741211,36.84000015258789,83357800,0.0,0.0
2025-10-17 00:00:00-04:00,36.36000061035156,38.380001068115234,36.08000183105469,37.0099983215332,119394700,0.0,0.0
2025-10-20 00:00:00-04:00,37.56999969482422,38.52000045776367,37.560001373291016,38.099998474121094,80230200,0.0,0.0
2025-10-21 00:00:00-04:00,38.13999938964844,38.349998474121094,37.66999816894531,38.119998931884766,73134900,0.0,0.0
2025-10-22 00:00:00-04:00,37.84000015258789,37.93000030517578,36.040000915527344,36.91999816894531,87099900,0.0,0.0
2025-10-23 00:00:00-04:00,36.599998474121094,38.400001525878906,36.43000030517578,38.15999984741211,121974200,0.0,0.0
2025-10-24 00:00:00-04:00,40.02000045776367,41.119998931884766,37.83000183105469,38.279998779296875,246380000,0.0,0.0
2025-10-27 00:00:00-04:00,38.38999938964844,40.66999816894531,38.22999954223633,39.540000915527344,160007600,0.0,0.0
2025-10-28 00:00:00-04:00,39.59000015258789,42.47999954223633,39.540000915527344,41.529998779296875,181256400,0.0,0.0
2025-10-29 00:00:00-04:00,41.599998474121094,42.040000915527344,40.91999816894531,41.34000015258789,106962900,0.0,0.0
2025-10-30 00:00:00-04:00,40.970001220703125,41.43000030517578,40.11000061035156,40.15999984741211,84855500,0.0,0.0
2025-10-31 00:00:00-04:00,40.68000030517578,40.83000183105469,39.790000915527344,39.9900016784668,80471400,0.0,0.0
2025-11-03 00:00:00-05:00,40.25,40.45000076293945,39.04999923706055,39.5,61267500,0.0,0.0
2025-11-04 00:00:00-05:00,38.13999938964844,38.25,36.630001068115234,37.029998779296875,102250300,0.0,0.0
2025-11-05 00:00:00-05:00,37.41999816894531,38.689998626708984,37.11000061035156,38.380001068115234,74631600,0.0,0.0
2025-11-06 00:00:00-05:00,38.34000015258789,39.84000015258789,36.79999923706055,37.2400016784668,77629900,0.0,0.0
2025-11-07 00:00:00-05:00,37.2599983215332,38.27000045776367,36.970001220703125,38.130001068115234,95521400,0.0,0.0
2025-11-10 00:00:00-05:00,38.93000030517578,39.529998779296875,37.970001220703125,38.45000076293945,77820300,0.0,0.0
2025-11-11 00:00:00-05:00,38.150001525878906,38.220001220703125,37.4900016784668,37.880001068115234,53741900,0.0,0.0
2025-11-12 00:00:00-05:00,38.060001373291016,38.20000076293945,37.349998474121094,37.88999938964844,53876000,0.0,0.0
2025-11-13 00:00:00-05:00,37.27000045776367,37.310001373291016,35.45000076293945,35.90999984741211,95593200,0.0,0.0
2025-11-14 00:00:00-05:00,35.029998779296875,36.099998474121094,34.619998931884766,35.52000045776367,71716200,0.0,0.0
2025-11-17 00:00:00-05:00,35.45000076293945,35.72999954223633,34.22999954223633,34.709999084472656,72580100,0.0,0.0
2025-11-18 00:00:00-05:00,34.25,34.7599983215332,33.56999969482422,34.33000183105469,61504800,0.0,0.0
2025-11-19 00:00:00-05:00,34.33000183105469,35.75,34.25,35.11000061035156,67115500,0.0,0.0
2025-11-20 00:00:00-05:00,36.0,36.68000030517578,33.47999954223633,33.619998931884766,96389100,0.0,0.0
2025-11-21 00:00:00-05:00,33.5099983215332,34.97999954223633,32.88999938964844,34.5,105641700,0.0,0.0
2025-11-24 00:00:00-05:00,34.970001220703125,36.15999984741211,34.689998626708984,35.790000915527344,103804200,0.0,0.0
2025-11-25 00:00:00-05:00,35.54999923706055,36.130001068115234,34.68000030517578,35.83000183105469,62203300,0.0,0.0
2025-11-26 00:00:00-05:00,36.20000076293945,37.2400016784668,36.130001068115234,36.810001373291016,54563400,0.0,0.0
2025-11-28 00:00:00-05:00,37.400001525878906,40.59000015258789,37.34000015258789,40.560001373291016,95799500,0.0,0.0
2025-12-01 00:00:00-05:00,39.86000061035156,40.380001068115234,39.599998474121094,40.0099983215332,74534900,0.0,0.0
2025-12-02 00:00:00-05:00,40.470001220703125,43.68000030517578,40.04999923706055,43.470001220703125,167205800,0.0,0.0
2025-12-03 00:00:00-05:00,43.38999938964844,44.02000045776367,42.5099983215332,43.7599983215332,91957200,0.0,0.0
2025-12-04 00:00:00-05:00,43.2599983215332,43.279998779296875,40.13999938964844,40.5,107850200,0.0,0.0
2025-12-05 00:00:00-05:00,41.15999984741211,42.83000183105469,41.150001525878906,41.40999984741211,103042000,0.0,0.0
2025-12-08 00:00:00-05:00,41.939998626708984,42.119998931884766,39.70000076293945,40.29999923706055,93953600,0.0,0.0
2025-12-09 00:00:00-05:00,40.72999954223633,41.2599983215332,40.029998779296875,40.5,61877200,0.0,0.0
2025-12-10 00:00:00-05:00,40.11000061035156,40.9900016784668,38.88999938964844,40.779998779296875,75974900,0.0,0.0
2025-12-11 00:00:00-05:00,40.06999969482422,40.189998626708984,39.08000183105469,39.5099983215332,59096800,0.0,0.0
2025-12-12 00:00:00-05:00,39.25,40.029998779296875,37.619998931884766,37.810001373291016,87784500,0.0,0.0
2025-12-15 00:00:00-05:00,38.33000183105469,38.47999954223633,37.31999969482422,37.5099983215332,60898500,0.0,0.0
2025-12-16 00:00:00-05:00,37.58000183105469,37.959999084472656,36.91999816894531,37.310001373291016,50490300,0.0,0.0
2025-12-17 00:00:00-05:00,37.59000015258789,37.84000015258789,35.970001220703125,36.04999923706055,54792000,0.0,0.0
2025-12-18 00:00:00-05:00,37.380001068115234,37.4900016784668,35.66999816894531,36.279998779296875,69468400,0.0,0.0
2025-12-19 00:00:00-05:00,36.47999954223633,37.58000183105469,36.439998626708984,36.81999969482422,163221300,0.0,0.0
2025-12-22 00:00:00-05:00,37.88999938964844,37.900001525878906,36.290000915527344,36.369998931884766,51685400,0.0,0.0
2025-12-23 00:00:00-05:00,36.2400016784668,36.79999923706055,36.029998779296875,36.349998474121094,35958000,0.0,0.0
2025-12-24 00:00:00-05:00,35.16999816894531,36.18000030517578,34.95000076293945,36.15999984741211,37443800,0.0,0.0
2025-12-26 00:00:00-05:00,36.16999816894531,36.4900016784668,35.849998474121094,36.20000076293945,28779400,0.0,0.0
2025-12-29 00:00:00-05:00,36.0099983215332,36.79999923706055,35.81999969482422,36.68000030517578,38062300,0.0,0.0
2025-12-30 00:00:00-05:00,36.90999984741211,38.2599983215332,36.81999969482422,37.29999923706055,61935300,0.0,0.0
2025-12-31 00:00:00-05:00,37.400001525878906,37.58000183105469,36.869998931884766,36.900001525878906,51524700,0.0,0.0
2026-01-02 00:00:00-05:00,37.77000045776367,39.86000061035156,37.7599983215332,39.380001068115234,95396400,0.0,0.0
2026-01-05 00:00:00-05:00,41.59000015258789,42.099998474121094,39.27000045776367,39.369998931884766,96665400,0.0,0.0
2026-01-06 00:00:00-05:00,39.86000061035156,40.310001373291016,38.95000076293945,40.040000915527344,66395100,0.0,0.0
2026-01-07 00:00:00-05:00,40.18000030517578,44.56999969482422,40.119998931884766,42.630001068115234,166028400,0.0,0.0
2026-01-08 00:00:00-05:00,42.619998931884766,43.34000015258789,40.68000030517578,41.11000061035156,88242000,0.0,0.0
2026-01-09 00:00:00-05:00,41.83000183105469,45.72999954223633,41.56999969482422,45.54999923706055,186691400,0.0,0.0
2026-01-12 00:00:00-05:00,44.2400016784668,45.45000076293945,43.88999938964844,44.060001373291016,101989100,0.0,0.0
2026-01-13 00:00:00-05:00,45.88999938964844,48.2400016784668,45.220001220703125,47.290000915527344,168656400,0.0,0.0
2026-01-14 00:00:00-05:00,48.95000076293945,49.0,47.41999816894531,48.720001220703125,148225800,0.0,0.0
2026-01-15 00:00:00-05:00,49.349998474121094,50.38999938964844,47.83000183105469,48.31999969482422,132328900,0.0,0.0
2026-01-16 00:00:00-05:00,49.27000045776367,50.209999084472656,46.709999084472656,46.959999084472656,127314700,0.0,0.0
2026-01-20 00:00:00-05:00,47.29999923706055,50.22999954223633,47.0,48.560001373291016,150153000,0.0,0.0
2026-01-21 00:00:00-05:00,50.31999969482422,54.40999984741211,50.150001525878906,54.25,220565300,0.0,0.0
2026-01-22 00:00:00-05:00,54.209999084472656,54.599998474121094,53.08000183105469,54.31999969482422,190066400,0.0,0.0
2026-01-23 00:00:00-05:00,46.86000061035156,48.130001068115234,44.45000076293945,45.06999969482422,294675400,0.0,0.0
2026-01-26 00:00:00-05:00,44.279998779296875,44.459999084472656,42.279998779296875,42.4900016784668,149407800,0.0,0.0
2026-01-27 00:00:00-05:00,43.970001220703125,44.529998779296875,43.099998474121094,43.93000030517578,121832200,0.0,0.0
2026-01-28 00:00:00-05:00,46.599998474121094,49.290000915527344,46.31999969482422,48.779998779296875,201995100,0.0,0.0
2026-01-29 00:00:00-05:00,47.560001373291016,48.77000045776367,46.9900016784668,48.65999984741211,124256600,0.0,0.0
2026-01-30 00:00:00-05:00,48.97999954223633,49.58000183105469,45.959999084472656,46.470001220703125,114920100,0.0,0.0
2026-02-02 00:00:00-05:00,45.630001068115234,49.84000015258789,45.5,48.810001373291016,101414600,0.0,0.0
2026-02-03 00:00:00-05:00,50.060001373291016,51.4900016784668,48.43000030517578,49.25,122205100,0.0,0.0
2026-02-04 00:00:00-05:00,49.540000915527344,49.70000076293945,47.0,48.599998474121094,128702300,0.0,0.0
2026-02-05 00:00:00-05:00,47.59000015258789,50.86000061035156,46.790000915527344,48.2400016784668,114307800,0.0,0.0
2026-02-06 00:00:00-05:00,49.099998474121094,51.29999923706055,48.83000183105469,50.59000015258789,115600200,0.0,0.0
2026-02-09 00:00:00-05:00,49.59000015258789,51.220001220703125,47.59000015258789,50.2400016784668,94841400,0.0,0.0
2026-02-10 00:00:00-05:00,50.40999984741211,50.540000915527344,46.77000045776367,47.130001068115234,99832900,0.0,0.0
2026-02-11 00:00:00-05:00,48.11000061035156,49.54999923706055,46.86000061035156,48.290000915527344,107681200,0.0,0.0
2026-02-12 00:00:00-05:00,47.79999923706055,48.95000076293945,46.189998626708984,46.47999954223633,88321200,0.0,0.0
2026-02-13 00:00:00-05:00,45.7599983215332,47.689998626708984,44.970001220703125,46.790000915527344,69740400,0.0,0.0
2026-02-17 00:00:00-05:00,45.93000030517578,46.83000183105469,45.459999084472656,46.18000030517578,65802200,0.0,0.0
2026-02-18 00:00:00-05:00,45.91999816894531,46.77000045776367,44.880001068115234,45.459999084472656,65306100,0.0,0.0
2026-02-19 00:00:00-05:00,44.95000076293945,45.16999816894531,43.91999816894531,44.619998931884766,72724900,0.0,0.0
2026-02-20 00:00:00-05:00,43.88999938964844,44.38999938964844,42.880001068115234,44.11000061035156,90743600,0.0,0.0
2026-02-23 00:00:00-05:00,44.09000015258789,44.54999923706055,43.18000030517578,43.630001068115234,57130900,0.0,0.0
2026-02-24 00:00:00-05:00,44.099998474121094,46.599998474121094,43.540000915527344,46.119998931884766,98872300,0.0,0.0
2026-02-25 00:00:00-05:00,46.09000015258789,46.970001220703125,45.08000183105469,46.880001068115234,75645300,0.0,0.0
2026-02-26 00:00:00-05:00,46.77000045776367,46.95000076293945,44.38999938964844,45.459999084472656,71457500,0.0,0.0
2026-02-27 00:00:00-05:00,44.459999084472656,46.560001373291016,44.400001525878906,45.61000061035156,79327200,0.0,0.0
2026-03-02 00:00:00-05:00,44.20000076293945,45.810001373291016,43.95000076293945,45.5,60705100,0.0,0.0
2026-03-03 00:00:00-05:00,43.439998626708984,43.689998626708984,42.13999938964844,43.099998474121094,83803200,0.0,0.0
