Date,Open,High,Low,Close,Volume,Dividends,Stock Splits
2021-03-04 00:00:00-05:00,12.764852623838904,12.938614575428367,12.049863300020087,12.335559844970703,573344000,0.0,0.0
2021-03-05 00:00:00-05:00,12.514806524253467,12.514806524253467,11.646497921681421,12.426554679870605,542840000,0.0,0.0
2021-03-08 00:00:00-05:00,12.415085459306246,12.43627563829937,11.534063017322843,11.560738563537598,543112000,0.0,0.0
2021-03-09 00:00:00-05:00,12.100407665853615,12.585710586701868,12.029582238014875,12.489448547363281,521824000,0.004,0.0
2021-03-10 00:00:00-05:00,12.808912065236347,12.948068558380744,12.426854829102174,12.437578201293945,384376000,0.0,0.0
2021-03-11 00:00:00-05:00,12.91814346853214,13.014157231172472,12.70317370933916,12.961536407470703,299916000,0.0,0.0
2021-03-12 00:00:00-05:00,12.617133067544048,12.857041851117744,12.559026896264074,12.824372291564941,243964000,0.0,0.0
2021-03-15 00:00:00-04:00,12.83310149724649,13.174260154911902,12.735841507996014,13.158798217773438,221988000,0.0,0.0
2021-03-16 00:00:00-04:00,13.323643391504907,13.479259776774319,13.084483255110108,13.258554458618164,272128000,0.0,0.0
2021-03-17 00:00:00-04:00,13.007671116067991,13.420153700648893,12.957544682409727,13.308429718017578,243864000,0.0,0.0
2021-03-18 00:00:00-04:00,13.104184222736647,13.151567029011133,12.685715853663865,12.691202163696289,293896000,0.0,0.0
2021-03-19 00:00:00-04:00,12.718631755835021,12.889710027684677,12.58147023108672,12.814146041870117,299208000,0.0,0.0
2021-03-22 00:00:00-04:00,12.880984776838993,13.361549203796526,12.87499901936367,13.15381145477295,297804000,0.0,0.0
2021-03-23 00:00:00-04:00,13.221643113543065,13.311671106919352,12.989216509091099,13.038595199584961,222048000,0.0,0.0
2021-03-24 00:00:00-04:00,13.118896401350066,13.126877093413306,12.605662461359328,12.611896514892578,245840000,0.0,0.0
2021-03-25 00:00:00-04:00,12.468751160231504,12.683471654533125,12.241810854541152,12.504412651062012,295144000,0.0,0.0
2021-03-26 00:00:00-04:00,12.523615375554263,12.824623248846297,12.34306088171137,12.80766487121582,363968000,0.0,0.0
2021-03-29 00:00:00-04:00,12.788712660485038,13.030367184227057,12.668758718035468,12.916398048400879,273520000,0.0,0.0
2021-03-30 00:00:00-04:00,12.810405490366506,12.943327898120906,12.673742460758223,12.840082168579102,200204000,0.0,0.0
2021-03-31 00:00:00-04:00,12.983481725827332,13.437362342286544,12.950562913977166,13.315413475036621,314776000,0.0,0.0
2021-04-01 00:00:00-04:00,13.538860163952092,13.83587716537541,13.47800941308957,13.77777099609375,308276000,0.0,0.0
2021-04-05 00:00:00-04:00,13.833384093236818,13.979523315095443,13.699214481896792,13.953088760375977,255672000,0.0,0.0
2021-04-06 00:00:00-04:00,13.965309496536149,14.019675048728104,13.739616396250584,13.827399253845215,191744000,0.0,0.0
2021-04-07 00:00:00-04:00,13.84660035897789,14.208457976713019,13.677767211137832,14.108704566955566,251284000,0.0,0.0
2021-04-08 00:00:00-04:00,14.217686408200958,14.435898249089426,14.2139448346701,14.281778335571289,244416000,0.0,0.0
2021-04-09 00:00:00-04:00,14.17903119573097,14.372554170430043,14.140127582945142,14.36457347869873,195172000,0.0,0.0
2021-04-12 00:00:00-04:00,14.254595135072282,15.314730471035531,14.104465091205773,15.17158317565918,869324000,0.0,0.0
2021-04-13 00:00:00-04:00,15.194028535206293,15.661376111521582,15.088538607928012,15.640926361083984,676212000,0.0,0.0
2021-04-14 00:00:00-04:00,15.586561501348141,15.681826557633755,15.190039338700716,15.239418029785156,385500000,0.0,0.0
2021-04-15 00:00:00-04:00,15.623970620941911,16.17436349825913,15.59304674396962,16.097553253173828,598480000,0.0,0.0
2021-04-16 00:00:00-04:00,16.013509354720334,16.12598299598776,15.826221353939491,15.873355865478516,335208000,0.0,0.0
2021-04-19 00:00:00-04:00,15.49827785931113,15.768611067379295,15.195524339740611,15.323957443237305,404420000,0.0,0.0
2021-04-20 00:00:00-04:00,15.285551919658973,15.458874387907025,14.926188677668558,15.133926391601562,334132000,0.0,0.0
2021-04-21 00:00:00-04:00,15.0815550200728,15.32470592597656,15.06509609224263,15.322710990905762,216776000,0.0,0.0
2021-04-22 00:00:00-04:00,15.337175698398932,15.400519884321316,14.747130576116172,14.813716888427734,277788000,0.0,0.0
2021-04-23 00:00:00-04:00,14.89750944608486,15.29727370248584,14.863593646617081,15.22769546508789,227500000,0.0,0.0
2021-04-26 00:00:00-04:00,15.147644806930623,15.44092122976747,15.087791990367876,15.439923286437988,197796000,0.0,0.0
2021-04-27 00:00:00-04:00,15.540174924345006,15.631948601560827,15.316726012485972,15.34390926361084,164572000,0.0,0.0
2021-04-28 00:00:00-04:00,15.32670273224523,15.494040417919788,15.178069111051128,15.239168167114258,209416000,0.0,0.0
2021-04-29 00:00:00-04:00,15.362112884221467,15.398523064906703,15.034421258054362,15.28704833984375,173196000,0.0,0.0
2021-04-30 00:00:00-04:00,15.137170190038917,15.327200854865179,14.960106128775966,14.972575187683105,201912000,0.0,0.0
2021-05-03 00:00:00-04:00,15.087788953016753,15.209239297695012,14.751119662695535,14.800248146057129,203912000,0.0,0.0
2021-05-04 00:00:00-04:00,14.601240371190695,14.601489619166298,13.975783018917165,14.315943717956543,405324000,0.0,0.0
2021-05-05 00:00:00-04:00,14.67281322109117,14.77705690361153,14.352104335830429,14.422929763793945,292024000,0.0,0.0
2021-05-06 00:00:00-04:00,14.459590514112755,14.535403762388006,14.183023228828954,14.487272262573242,193380000,0.0,0.0
2021-05-07 00:00:00-04:00,14.771821324795141,14.933920995149085,14.635656764528989,14.775811195373535,229328000,0.0,0.0
2021-05-10 00:00:00-04:00,14.750870418906874,14.769574480986956,14.214942578988863,14.230653762817383,268904000,0.0,0.0
2021-05-11 00:00:00-04:00,13.790991164420195,14.31943788278962,13.716175850049229,14.27105712890625,285584000,0.0,0.0
2021-05-12 00:00:00-04:00,13.975033276670255,14.225166920041739,13.67552285196865,13.724651336669922,303408000,0.0,0.0
2021-05-13 00:00:00-04:00,13.999224078927785,14.046109333462992,13.42588811866728,13.631630897521973,285404000,0.0,0.0
2021-05-14 00:00:00-04:00,13.85582887340321,14.292751054175579,13.714676512622503,14.20796012878418,258616000,0.0,0.0
2021-05-17 00:00:00-04:00,14.122171332609264,14.134391142572785,13.819418762550056,14.130650520324707,216980000,0.0,0.0
2021-05-18 00:00:00-04:00,14.231902003595811,14.368814302100715,13.96954852184947,13.981269836425781,186256000,0.0,0.0
2021-05-19 00:00:00-04:00,13.533125715779056,14.04486420754391,13.50993328439384,14.031147956848145,344000000,0.0,0.0
2021-05-20 00:00:00-04:00,14.267314594726596,14.647627072883193,14.23539372799806,14.576552391052246,321592000,0.0,0.0
2021-05-21 00:00:00-04:00,15.126444143548222,15.184551264267617,14.83291851571383,14.954867362976074,672992000,0.0,0.0
2021-05-24 00:00:00-04:00,15.175073252506618,15.706263442269936,15.138663074016822,15.573591232299805,554816000,0.0,0.0
2021-05-25 00:00:00-04:00,15.727214784284769,15.779585403800763,15.444412487570158,15.60925579071045,435408000,0.0,0.0
2021-05-26 00:00:00-04:00,15.69554199926276,15.75489536364087,15.54790633225724,15.661375999450684,370440000,0.0,0.0
2021-05-27 00:00:00-04:00,15.661125902008596,15.711252331770046,15.421965818952483,15.449896812438965,581476000,0.0,0.0
2021-05-28 00:00:00-04:00,15.462866702379829,16.23745619906393,15.462866702379829,16.20453643798828,644536000,0.0,0.0
2021-06-01 00:00:00-04:00,16.229978381608333,16.34793739550379,15.864129823309375,16.224491119384766,472804000,0.0,0.0
2021-06-02 00:00:00-04:00,16.212269621300088,16.87713010157178,16.195560491961704,16.736974716186523,594168000,0.0,0.0
2021-06-03 00:00:00-04:00,16.659662203794827,17.21653919121197,16.542201731687715,16.92799949645996,580008000,0.0,0.0
2021-06-04 00:00:00-04:00,17.07039788842642,17.617548491853103,17.0534414177765,17.535003662109375,617120000,0.0,0.0
2021-06-07 00:00:00-04:00,17.528023884085115,17.76867947172536,17.150455047093143,17.575654983520508,575756000,0.0,0.0
2021-06-08 00:00:00-04:00,17.484133522613572,17.578151395074354,17.208562256214222,17.4140567779541,323848000,0.0,0.0
2021-06-09 00:00:00-04:00,17.476663064864983,17.535780721881775,17.21724304760244,17.31951332092285,381656000,0.004,0.0
2021-06-10 00:00:00-04:00,17.311284529275444,17.452967859710565,17.137673016665815,17.38611602783203,287772000,0.0,0.0
2021-06-11 00:00:00-04:00,17.440493617838474,17.899218794058417,17.404823958700685,17.785472869873047,416308000,0.0,0.0
2021-06-14 00:00:00-04:00,17.866041024862966,17.999242253062135,17.623333969257686,17.978538513183594,321376000,0.0,0.0
2021-06-15 00:00:00-04:00,17.875022883618865,17.97604663575129,17.68843990745718,17.748804092407227,243032000,0.0,0.0
2021-06-16 00:00:00-04:00,17.751050591544338,17.91468418538893,17.545259694850984,17.770505905151367,307124000,0.0,0.0
2021-06-17 00:00:00-04:00,17.734839774892045,18.7929726816882,17.71663098318218,18.615619659423828,809656000,0.0,0.0
2021-06-18 00:00:00-04:00,18.742082709800528,19.331763460015086,18.542528261234434,18.597156524658203,968856000,0.0,0.0
2021-06-21 00:00:00-04:00,18.394112856856477,18.495138525894447,17.782980352467526,18.386131286621094,672384000,0.0,0.0
2021-06-22 00:00:00-04:00,18.430278496257454,18.921430408685627,18.34496858666156,18.844600677490234,580144000,0.0,0.0
2021-06-23 00:00:00-04:00,18.965331868127812,19.11000874290461,18.86555464748546,19.014720916748047,332356000,0.0,0.0
2021-06-24 00:00:00-04:00,19.184842999806214,19.37666328306946,19.045652733544433,19.162641525268555,320924000,0.0,0.0
2021-06-25 00:00:00-04:00,19.237482339213035,19.302337846033563,18.852343890526033,18.98853874206543,278364000,0.0,0.0
2021-06-28 00:00:00-04:00,19.3180497753207,20.03394952523682,19.275894366137276,19.94040870666504,495436000,0.0,0.0
2021-06-29 00:00:00-04:00,19.838134302070934,20.053901233491175,19.61313737146754,19.98206329345703,367632000,0.0,0.0
2021-06-30 00:00:00-04:00,19.954621891960947,20.117507567563237,19.819424307190975,19.95786476135254,326568000,0.0,0.0
2021-07-01 00:00:00-04:00,20.08008916798285,20.410349886109096,19.974324818701906,20.166894912719727,480136000,0.0,0.0
2021-07-02 00:00:00-04:00,20.39464318812842,20.459498690062734,20.242483300759183,20.441287994384766,342764000,0.0,0.0
2021-07-06 00:00:00-04:00,20.69122385571064,20.795490483018398,20.304839002416227,20.652311325073242,446708000,0.0,0.0
2021-07-07 00:00:00-04:00,20.806965588248794,20.828417245407213,20.286629685691395,20.326290130615234,418428000,0.0,0.0
2021-07-08 00:00:00-04:00,19.81219121733982,20.088073010027667,19.656788496494755,19.85833740234375,503300000,0.0,0.0
2021-07-09 00:00:00-04:00,19.917956647255515,20.035444075342934,19.710171276544106,20.005510330200195,296624000,0.0,0.0
2021-07-12 00:00:00-04:00,20.194833408061367,20.48692953104882,20.142700097359224,20.466726303100586,321984000,0.0,0.0
2021-07-13 00:00:00-04:00,20.354974593131452,20.41558998557854,20.06911490682044,20.204811096191406,290708000,0.0,0.0
2021-07-14 00:00:00-04:00,20.312322668503903,20.372188248728314,19.70867315158552,19.797224044799805,380100000,0.0,0.0
2021-07-15 00:00:00-04:00,19.767543555966583,19.802714611774928,18.816419702831787,18.92392921447754,550564000,0.0,0.0
2021-07-16 00:00:00-04:00,18.988034723757636,19.114251622677635,18.032670884319224,18.120473861694336,688224000,0.0,0.0
2021-07-19 00:00:00-04:00,17.87527352298777,18.99950826063208,17.82563325949376,18.737844467163086,749060000,0.0,0.0
2021-07-20 00:00:00-04:00,18.688207548588306,18.795966371733165,18.123470471927458,18.570470809936523,434687000,0.0,4.0
2021-07-21 00:00:00-04:00,18.83986794741702,19.48342919463294,18.700180942970537,19.366689682006836,371017000,0.0,0.0
2021-07-22 00:00:00-04:00,19.59816902543563,19.84262124158665,19.232984628727042,19.550275802612305,323826000,0.0,0.0
2021-07-23 00:00:00-04:00,19.612137498497777,19.656039936097546,19.207043356145515,19.51435661315918,195672000,0.0,0.0
2021-07-26 00:00:00-04:00,19.267908307327364,19.39861459525191,18.871792949550414,19.250946044921875,203943000,0.0,0.0
2021-07-27 00:00:00-04:00,19.222012172569684,19.578215925957867,18.69918123958821,19.16514015197754,248863000,0.0,0.0
2021-07-28 00:00:00-04:00,19.275888967902034,19.60215891676379,18.952612583216847,19.4594783782959,202191000,0.0,0.0
2021-07-29 00:00:00-04:00,19.475435885824126,19.808691990143693,19.284862181813246,19.618118286132812,190781000,0.0,0.0
2021-07-30 00:00:00-04:00,19.374669578351813,19.586196410986457,19.220016666249848,19.455490112304688,183497000,0.0,0.0
2021-08-02 00:00:00-04:00,19.65604303889912,19.91646033514249,19.31779876840227,19.705930709838867,217444000,0.0,0.0
2021-08-03 00:00:00-04:00,19.695952875592035,20.176877713912567,19.17711272208886,19.77078628540039,301811000,0.0,0.0
2021-08-04 00:00:00-04:00,19.945391220735015,20.272660294584725,19.78375207608851,20.228757858276367,231309000,0.0,0.0
2021-08-05 00:00:00-04:00,20.454252790573072,20.686732636563846,20.296604434887584,20.590946197509766,211435000,0.0,0.0
2021-08-06 00:00:00-04:00,20.478203117578488,20.524100001668085,20.164902693105358,20.320554733276367,178497000,0.0,0.0
2021-08-09 00:00:00-04:00,20.400372185145788,20.46223410099579,20.098048857451968,20.249710083007812,146443000,0.0,0.0
2021-08-10 00:00:00-04:00,20.276648260793813,20.384407041216143,19.79073367402778,19.891510009765625,179238000,0.0,0.0
2021-08-11 00:00:00-04:00,19.998272961888595,20.004260090424093,19.386641917461688,19.655040740966797,185925000,0.0,0.0
2021-08-12 00:00:00-04:00,19.82566441499477,19.98430812711342,19.57622224617703,19.860586166381836,151652000,0.0,0.0
2021-08-13 00:00:00-04:00,19.86058065307714,20.16889110337351,19.806700306984172,20.142948150634766,183063000,0.0,0.0
2021-08-16 00:00:00-04:00,20.090075669026042,20.2417369578458,19.409596213913407,19.905488967895508,210876000,0.0,0.0
2021-08-17 00:00:00-04:00,19.6410682631344,19.72587955742397,19.224001848545644,19.414575576782227,204585000,0.0,0.0
2021-08-18 00:00:00-04:00,19.456479545490062,19.590181258315386,18.95759545458006,18.997507095336914,285913000,0.0,0.0
2021-08-19 00:00:00-04:00,19.45049795314663,20.449265542336242,18.720131086069024,19.753820419311523,766555000,0.0,0.0
2021-08-20 00:00:00-04:00,19.946390500496992,20.818440769765257,19.888521263811523,20.769550323486328,675741000,0.0,0.0
2021-08-23 00:00:00-04:00,20.92420521891241,21.947914836543376,20.903252170423478,21.90900230407715,575807000,0.0,0.0
2021-08-24 00:00:00-04:00,21.704461657874393,21.91000137513957,21.4869476815513,21.74437141418457,297299000,0.0,0.0
2021-08-25 00:00:00-04:00,21.688493526251065,22.419857643177572,21.67352760765165,22.16343116760254,347701000,0.0,0.0
2021-08-26 00:00:00-04:00,22.15046228289111,22.290149269083127,21.74137733496381,22.018756866455078,237940000,0.0,0.0
2021-08-27 00:00:00-04:00,22.134498209537867,22.671297812529208,22.117535945744294,22.58548927307129,304722000,0.0,0.0
2021-08-30 00:00:00-04:00,22.779054385708566,22.99157841787661,22.500677648901885,22.637371063232422,262580000,0.0,0.0
2021-08-31 00:00:00-04:00,22.648351539197673,22.648351539197673,22.07453455787261,22.3389892578125,259850000,0.004,0.0
2021-09-01 00:00:00-04:00,22.438782848035817,22.650346976918826,22.311045692279038,22.394872665405273,201767000,0.0,0.0
2021-09-02 00:00:00-04:00,22.471715025421343,22.546561628038457,22.249173817151615,22.349966049194336,187834000,0.0,0.0
2021-09-03 00:00:00-04:00,22.279108568441263,22.938749089053665,22.154365523608845,22.796043395996094,280532000,0.0,0.0
2021-09-07 00:00:00-04:00,22.786065507103327,22.851929824701582,22.475703964992363,22.61541748046875,198107000,0.0,0.0
2021-09-08 00:00:00-04:00,22.46672147869918,22.56352220177863,21.931822107945237,22.293079376220703,254434000,0.0,0.0
2021-09-09 00:00:00-04:00,22.266137144440457,22.491672425697235,22.08550944017978,22.13141441345215,196856000,0.0,0.0
2021-09-10 00:00:00-04:00,22.302061280830465,22.579489705395595,22.224222499927517,22.431795120239258,248376000,0.0,0.0
2021-09-13 00:00:00-04:00,22.637370386299374,22.916795498614167,21.813068113227185,22.106464385986328,297500000,0.0,0.0
2021-09-14 00:00:00-04:00,22.22921073103916,22.363933451036715,22.040600065099298,22.196279525756836,199755000,0.0,0.0
2021-09-15 00:00:00-04:00,22.2631425592537,22.321023900271747,21.920847204700245,22.295076370239258,166538000,0.0,0.0
2021-09-16 00:00:00-04:00,22.13740079198433,22.231207426856813,21.881926512429214,22.196279525756836,156033000,0.0,0.0
2021-09-17 00:00:00-04:00,22.25415782047423,22.275114560061212,21.785124670126727,21.85498046875,294503000,0.0,0.0
2021-09-20 00:00:00-04:00,21.102537995936945,21.388948772302225,20.619533519615455,21.06960678100586,349440000,0.0,0.0
2021-09-21 00:00:00-04:00,21.372975754388563,21.380958731216275,20.90693664793861,21.202327728271484,204688000,0.0,0.0
2021-09-22 00:00:00-04:00,21.32208186520741,21.91486077380473,21.15243122045159,21.89590072631836,268726000,0.0,0.0
2021-09-23 00:00:00-04:00,22.094491122204907,22.488679665471388,21.845004991544315,22.435789108276367,248555000,0.0,0.0
2021-09-24 00:00:00-04:00,22.02463313008802,22.10347121162325,21.816063110959004,22.03561019897461,217655000,0.0,0.0
2021-09-27 00:00:00-04:00,21.665371157592627,21.75418890615817,21.28116425373178,21.615474700927734,245215000,0.0,0.0
2021-09-28 00:00:00-04:00,21.170394880020993,21.374973422098716,20.608550508955098,20.656452178955078,343069000,0.0,0.0
2021-09-29 00:00:00-04:00,20.896959603658967,20.97380099971787,20.42493035007335,20.474828720092773,218394000,0.0,0.0
2021-09-30 00:00:00-04:00,20.725311205175426,21.02269900375307,20.645475720621462,20.673418045043945,221009000,0.0,0.0
2021-10-01 00:00:00-04:00,20.707346685202516,20.816121880682246,20.161470205057466,20.699363708496094,240978000,0.0,0.0
2021-10-04 00:00:00-04:00,20.461853071607546,20.499775067963235,19.51480436585159,19.69144058227539,345635000,0.0,0.0
2021-10-05 00:00:00-04:00,19.90899448692086,20.60555973549591,19.81319114034007,20.408964157104492,279282000,0.0,0.0
2021-10-06 00:00:00-04:00,20.078642049763726,20.6774071635698,20.038723360348456,20.65744972229004,297202000,0.0,0.0
2021-10-07 00:00:00-04:00,21.048644411788743,21.278173092978495,20.928892137925292,21.031681060791016,256919000,0.0,0.0
2021-10-08 00:00:00-04:00,21.05762098118724,21.162404668273087,20.732290949773294,20.788175582885742,151258000,0.0,0.0
2021-10-11 00:00:00-04:00,20.532707830127908,21.019703686500428,20.46883830414969,20.6524600982666,163388000,0.0,0.0
2021-10-12 00:00:00-04:00,20.785188312861532,21.013717707370695,20.48580570766781,20.628511428833008,162134000,0.0,0.0
2021-10-13 00:00:00-04:00,20.87500120476158,20.946853707427614,20.67042266932905,20.895957946777344,180652000,0.0,0.0
2021-10-14 00:00:00-04:00,21.244244674187563,21.710283856593495,21.078585505731365,21.701303482055664,243589000,0.0,0.0
2021-10-15 00:00:00-04:00,21.765167314945042,21.88591887935075,21.61747272820035,21.817060470581055,226994000,0.0,0.0
2021-10-18 00:00:00-04:00,21.70429187848003,22.245177525031334,21.599506276756042,22.176319122314453,189494000,0.0,0.0
2021-10-19 00:00:00-04:00,22.23021142807593,22.333000354248618,21.991704268986588,22.244184494018555,161473000,0.0,0.0
2021-10-20 00:00:00-04:00,22.259150122667332,22.38688726459648,21.936814127495424,22.057565689086914,146276000,0.0,0.0
2021-10-21 00:00:00-04:00,22.051578953476707,22.66431717444452,22.037607791883655,22.645355224609375,187590000,0.0,0.0
2021-10-22 00:00:00-04:00,22.776085781397935,23.08245393094305,22.514625207539453,22.679285049438477,249384000,0.0,0.0
2021-10-25 00:00:00-04:00,22.92577932097551,23.306994101972588,22.72319746404904,23.118383407592773,230235000,0.0,0.0
2021-10-26 00:00:00-04:00,23.939690683779567,25.207080642552555,23.874823758987613,24.66619300842285,485898000,0.0,0.0
2021-10-27 00:00:00-04:00,24.42369501670846,25.038428062047632,24.232088329597563,24.400741577148438,245990000,0.0,0.0
2021-10-28 00:00:00-04:00,24.82686213496586,24.89871463743383,24.472592314193292,24.889732360839844,234204000,0.0,0.0
2021-10-29 00:00:00-04:00,24.94960969141113,25.656154574337645,24.94861229510661,25.514446258544922,292503000,0.0,0.0
2021-11-01 00:00:00-04:00,25.59627502178263,25.84077032372531,25.175141619253885,25.773908615112305,265740000,0.0,0.0
2021-11-02 00:00:00-04:00,25.76892649663861,26.623166086895225,25.74697045110816,26.34673500061035,294112000,0.0,0.0
2021-11-03 00:00:00-04:00,26.61517983790427,26.728945830452645,26.18107451423238,26.54332733154297,239910000,0.0,0.0
2021-11-04 00:00:00-04:00,27.17302872617055,31.30052653095148,27.062256834548624,29.739742279052734,1153631000,0.0,0.0
2021-11-05 00:00:00-04:00,30.124946942378365,31.335452807247698,29.34954374126454,29.690841674804688,851260000,0.0,0.0
2021-11-08 00:00:00-05:00,30.087030149356973,31.036075621512847,29.845526991670436,30.740684509277344,503101000,0.0,0.0
2021-11-09 00:00:00-05:00,32.215648353623784,32.24359067998347,29.902412030400054,30.59398651123047,646746000,0.0,0.0
2021-11-10 00:00:00-05:00,29.29566001580233,30.786588600174127,28.7188470671738,29.398447036743164,636206000,0.0,0.0
2021-11-11 00:00:00-05:00,30.4053744156664,30.527123389718387,29.715794759201316,30.327533721923828,332172000,0.0,0.0
2021-11-12 00:00:00-05:00,29.948315637227935,30.616938549883123,29.569095649103904,30.327533721923828,413054000,0.0,0.0
2021-11-15 00:00:00-05:00,30.4892007220748,30.581010672915156,29.186882831682748,29.96328353881836,384909000,0.0,0.0
2021-11-16 00:00:00-05:00,29.697823609273023,30.327525043142156,29.64493116328389,30.14090919494629,264484000,0.0,0.0
2021-11-17 00:00:00-05:00,30.355476692185867,30.446291154053746,28.740802374447846,29.200855255126953,428508000,0.0,0.0
2021-11-18 00:00:00-05:00,32.300468889918044,32.692658808729135,31.25661755420569,31.60988998413086,781711000,0.0,0.0
2021-11-19 00:00:00-05:00,32.17672655199687,33.01999092531616,31.839421944726077,32.91720199584961,533867000,0.0,0.0
2021-11-22 00:00:00-05:00,33.4481023989034,34.57578069243723,31.834427549306902,31.89031219482422,754335000,0.0,0.0
2021-11-23 00:00:00-05:00,31.470181244113295,32.293486259552104,30.81652687837705,31.680747985839844,532163000,0.0,0.0
2021-11-24 00:00:00-05:00,31.396332208296116,32.787465936329255,30.86442684819975,32.60683822631836,435162000,0.0,0.0
2021-11-26 00:00:00-05:00,32.532983184503145,32.64275766837907,31.285554692714413,31.43824005126953,283069000,0.0,0.0
2021-11-29 00:00:00-05:00,32.299473639315565,33.34332123751521,31.970150118608004,33.307395935058594,454964000,0.0,0.0
2021-11-30 00:00:00-05:00,33.10082385631525,33.28444758524314,31.79850772473219,32.60883712768555,622066000,0.0,0.0
2021-12-01 00:00:00-05:00,33.154776861217016,33.22464122012574,31.319329740346443,31.374223709106445,484368000,0.004,0.0
2021-12-02 00:00:00-05:00,31.153653016640646,32.41520919739524,30.96501733909854,32.06388854980469,472890000,0.0,0.0
2021-12-03 00:00:00-05:00,31.938133623399295,32.06688583887325,30.07174810217101,30.6336612701416,544325000,0.0,0.0
2021-12-06 00:00:00-05:00,29.82222966105633,30.182531770501555,27.983791897824226,29.978927612304688,658938000,0.0,0.0
2021-12-07 00:00:00-05:00,30.8971555680558,32.38627185620061,30.59174545827344,32.36431121826172,593053000,0.0,0.0
2021-12-08 00:00:00-05:00,31.937136928475184,32.227574704104825,31.36025335466527,31.76447105407715,475551000,0.0,0.0
2021-12-09 00:00:00-05:00,31.672647606673255,32.14273959159787,30.369172752689572,30.431053161621094,488507000,0.0,0.0
2021-12-10 00:00:00-05:00,31.089775108201945,31.24447612099294,29.80326766525303,30.139616012573242,488825000,0.0,0.0
2021-12-13 00:00:00-05:00,30.190518430638814,30.235431505717692,28.06164095629319,28.10655403137207,598344000,0.0,0.0
2021-12-14 00:00:00-05:00,27.645446231268327,28.62255352658214,27.1973149206465,28.28221321105957,667035000,0.0,0.0
2021-12-15 00:00:00-05:00,28.345094654187285,30.44103516074104,27.784180879721173,30.400114059448242,698297000,0.0,0.0
2021-12-16 00:00:00-05:00,31.091774751196695,31.0997587062086,28.038688652907197,28.33211898803711,707366000,0.0,0.0
2021-12-17 00:00:00-05:00,27.930895789317223,28.866084513821278,27.706330412496648,27.747251510620117,713758000,0.0,0.0
2021-12-20 00:00:00-05:00,27.25220994036055,28.08958664914624,27.092519430074276,27.665409088134766,461847000,0.0,0.0
2021-12-21 00:00:00-05:00,28.319144340098806,29.063702367832537,27.3480239896124,29.018789291381836,524385000,0.0,0.0
2021-12-22 00:00:00-05:00,28.83513830811271,29.497853983630957,28.393991600784936,29.34315299987793,395184000,0.0,0.0
2021-12-23 00:00:00-05:00,29.697470529314675,30.000883625325518,29.374097548298604,29.582693099975586,343022000,0.0,0.0
2021-12-27 00:00:00-05:00,29.60265640931932,31.02689755121152,29.582694619627713,30.88517189025879,403686000,0.0,0.0
2021-12-28 00:00:00-05:00,31.251463920554766,31.269428770384458,29.95397610422819,30.263378143310547,420591000,0.0,0.0
2021-12-29 00:00:00-05:00,30.214474295872787,30.48894226101068,29.30922629538712,29.9429988861084,343139000,0.0,0.0
2021-12-30 00:00:00-05:00,29.769334255327937,30.39811732399104,29.482890369605972,29.52880096435547,308864000,0.0,0.0
2021-12-31 00:00:00-05:00,29.616629435851035,29.97194206030295,29.274292165132447,29.354137420654297,266530000,0.0,0.0
2022-01-03 00:00:00-05:00,29.757355089698684,30.651622638194823,29.72741240751005,30.062763214111328,391547000,0.0,0.0
2022-01-04 00:00:00-05:00,30.218462985082912,30.40909369115047,28.294191075815277,29.23337173461914,527154000,0.0,0.0
2022-01-05 00:00:00-05:00,28.893029463658266,29.359127526177748,27.479768693565187,27.550630569458008,498064000,0.0,0.0
2022-01-06 00:00:00-05:00,27.586559964920273,28.38301743954945,27.01267281731573,28.123519897460938,454186000,0.0,0.0
2022-01-07 00:00:00-05:00,28.086595203604723,28.367052077902994,27.004689383729875,27.19432258605957,409939000,0.0,0.0
2022-01-10 00:00:00-05:00,26.529609965171062,27.415893669977173,25.594421205944393,27.347026824951172,594681000,0.0,0.0
2022-01-11 00:00:00-05:00,27.27017541907624,28.010741462593767,26.787111899859354,27.763219833374023,404089000,0.0,0.0
2022-01-12 00:00:00-05:00,28.01273741876915,28.539716512904818,27.55462517038909,27.944869995117188,383413000,0.0,0.0
2022-01-13 00:00:00-05:00,28.324131697586143,28.42493625647017,26.446767908799874,26.52362060546875,540171000,0.0,0.0
2022-01-14 00:00:00-05:00,26.24915265168228,27.1444197184354,26.159326499116265,26.889911651611328,395832000,0.0,0.0
2022-01-18 00:00:00-05:00,26.209230679570027,26.586500135365398,25.720178245364497,25.852920532226562,424270000,0.0,0.0
2022-01-19 00:00:00-05:00,26.02858206203493,26.49168380986728,25.003567129964498,25.018537521362305,488315000,0.0,0.0
2022-01-20 00:00:00-05:00,25.255077800339837,25.529545731359246,24.031446427083026,24.103307723999023,435181000,0.0,0.0
2022-01-21 00:00:00-05:00,23.461553938187595,24.77500970305523,23.218026180646312,23.328811645507812,718958000,0.0,0.0
2022-01-24 00:00:00-05:00,22.286825688304823,23.334794790372676,20.84761430587089,23.326810836791992,913982000,0.0,0.0
2022-01-25 00:00:00-05:00,22.502406991705346,22.89864065896213,21.957463151064083,22.28083610534668,664616000,0.0,0.0
2022-01-26 00:00:00-05:00,23.19507150485748,24.010491492410896,22.25688820809312,22.727975845336914,755959000,0.0,0.0
2022-01-27 00:00:00-05:00,23.52243589687238,23.948610407504805,21.633094151119476,21.901575088500977,573353000,0.0,0.0
2022-01-28 00:00:00-05:00,21.969441054751794,22.81380606550494,21.2548257675977,22.795841217041016,543774000,0.0,0.0
2022-01-31 00:00:00-05:00,23.137183535569413,24.461619734614374,23.007435690470793,24.438663482666016,564680000,0.0,0.0
2022-02-01 00:00:00-05:00,25.0554650218014,25.0963861195441,23.843811420300632,24.59036636352539,518925000,0.0,0.0
2022-02-02 00:00:00-05:00,25.74413004951072,25.767084393020323,24.505528293848347,25.19319725036621,543419000,0.0,0.0
2022-02-03 00:00:00-05:00,24.410715212297134,25.02851797372646,23.734026501108175,23.901700973510742,410178000,0.0,0.0
2022-02-04 00:00:00-05:00,23.925654836755538,24.587373159445693,23.586312009547193,24.271984100341797,354829000,0.0,0.0
2022-02-07 00:00:00-05:00,24.324880318773864,25.133313778359717,24.155208910844877,24.680192947387695,376868000,0.0,0.0
2022-02-08 00:00:00-05:00,24.311901593153753,25.18121782066889,23.933634671761467,25.0594539642334,410359000,0.0,0.0
2022-02-09 00:00:00-05:00,25.572463535153865,26.673331693511606,25.303984503910602,26.653369903564453,524282000,0.0,0.0
2022-02-10 00:00:00-05:00,25.944739636313447,26.87293988693231,25.550502909941205,25.77406883239746,513200000,0.0,0.0
2022-02-11 00:00:00-05:00,25.865896651576726,26.10144045086066,23.727040089477473,23.902698516845703,605472000,0.0,0.0
2022-02-14 00:00:00-05:00,23.88772874556484,24.82690950810967,23.70907395093763,24.22008514404297,440424000,0.0,0.0
2022-02-15 00:00:00-05:00,24.900762795130042,26.49367774510804,24.73608279745119,26.443775177001953,699869000,0.0,0.0
2022-02-16 00:00:00-05:00,26.208235589724197,26.530611104591138,25.502601665801084,26.459747314453125,732676000,0.0,0.0
2022-02-17 00:00:00-05:00,25.58044757027019,25.735148587356477,24.118281669763785,24.459619522094727,810595000,0.0,0.0
2022-02-18 00:00:00-05:00,24.620303993631182,24.937689936455428,23.055336814132236,23.596288681030273,761255000,0.0,0.0
2022-02-22 00:00:00-05:00,22.990464861191477,24.017474761924387,22.955532681143488,23.344778060913086,633422000,0.0,0.0
2022-02-23 00:00:00-05:00,23.755980792771823,24.108298935289074,22.257883403820344,22.34371566772461,566511000,0.0,0.0
2022-02-24 00:00:00-05:00,20.974371284148294,23.753986916908737,20.849612945501377,23.70208740234375,735801000,0.0,0.0
2022-02-25 00:00:00-05:00,23.67514026050262,24.17017971684617,23.335797438813806,24.11029624938965,528866000,0.0,0.0
2022-02-28 00:00:00-05:00,23.94561268337216,24.617311790775407,23.661163875602178,24.337852478027344,477319000,0.0,0.0
2022-03-01 00:00:00-05:00,24.244037444614957,24.329871618461585,23.087277797297364,23.431610107421875,412056000,0.0,0.0
2022-03-02 00:00:00-05:00,23.714107509120137,24.365955840930578,23.37370924864072,24.177288055419922,389642000,0.004,0.0
2022-03-03 00:00:00-05:00,24.219219994125485,24.283108229788855,23.427618955251905,23.67218780517578,365095000,0.0,0.0
2022-03-04 00:00:00-05:00,23.342769336842796,23.63824694769257,22.442359346497184,22.895559310913086,431415000,0.0,0.0
2022-03-07 00:00:00-05:00,22.776769140858917,22.992389803663198,21.292391465045675,21.31435203552246,450821000,0.0,0.0
2022-03-08 00:00:00-05:00,21.271424341879477,22.33354729257822,20.613586007361604,21.476062774658203,557467000,0.0,0.0
2022-03-09 00:00:00-05:00,22.34752397571556,23.179055323683137,22.207771447985007,22.973419189453125,492742000,0.0,0.0
2022-03-10 00:00:00-05:00,22.49127084816649,22.7478176453068,21.843415073164238,22.6180477142334,428066000,0.0,0.0
2022-03-11 00:00:00-05:00,22.981402566936854,23.10418676650878,22.00712380434614,22.0610294342041,367209000,0.0,0.0
2022-03-14 00:00:00-04:00,21.830441971262182,22.22274871765177,21.12169469516694,21.29239273071289,385354000,0.0,0.0
2022-03-15 00:00:00-04:00,21.480058765436652,22.99737913390775,21.284405208779518,22.932493209838867,491996000,0.0,0.0
2022-03-16 00:00:00-04:00,23.458556941589553,24.5536224662073,23.131136264321917,24.452800750732422,671422000,0.0,0.0
2022-03-17 00:00:00-04:00,24.077469296534115,24.798194389496683,23.86384594867932,24.72233009338379,471941000,0.0,0.0
2022-03-18 00:00:00-04:00,24.75526847373087,26.522147658698504,24.580577835662808,26.40635108947754,730719000,0.0,0.0
2022-03-21 00:00:00-04:00,26.46026011637226,27.10412324336721,25.92121138568289,26.686859130859375,591727000,0.0,0.0
2022-03-22 00:00:00-04:00,26.679873158121083,27.189973726396275,26.02602929912915,26.477231979370117,547007000,0.0,0.0
2022-03-23 00:00:00-04:00,26.079931563168326,26.56507466192013,25.529904449568786,25.58880043029785,502120000,0.0,0.0
2022-03-24 00:00:00-04:00,26.119860134581526,28.27006117432525,25.861316069512192,28.100360870361328,877379000,0.0,0.0
2022-03-25 00:00:00-04:00,27.83682948218481,28.307997346511723,27.22291411401015,27.643171310424805,579016000,0.0,0.0
2022-03-28 00:00:00-04:00,27.70705614407583,28.200184516498037,27.158024860655512,28.169239044189453,425494000,0.0,0.0
2022-03-29 00:00:00-04:00,28.644399536496515,28.894956380033225,27.930660200124343,28.60546875,488984000,0.0,0.0
2022-03-30 00:00:00-04:00,28.25409196032564,28.44575284009706,27.454503782301863,27.64117431640625,463487000,0.0,0.0
2022-03-31 00:00:00-04:00,27.733014073153115,28.198192021006374,27.22191770517372,27.23788833618164,523440000,0.0,0.0
2022-04-01 00:00:00-04:00,27.32672893992416,27.44751586683608,26.220682903584812,26.664897918701172,517235000,0.0,0.0
2022-04-04 00:00:00-04:00,26.680868720371922,27.509405029535966,26.566071738835454,27.31175422668457,397120000,0.0,0.0
2022-04-05 00:00:00-04:00,27.205943962554,27.27082988410383,25.774472454795866,25.885276794433594,436615000,0.0,0.0
2022-04-06 00:00:00-04:00,24.890037225996842,25.25539113029446,23.96067897755885,24.36396598815918,703833000,0.0,0.0
2022-04-07 00:00:00-04:00,24.397906520431153,24.678411208744393,23.436605101270906,24.16531753540039,557992000,0.0,0.0
2022-04-08 00:00:00-04:00,23.874826939519217,23.88081687759532,23.021335019105305,23.07823371887207,524781000,0.0,0.0
2022-04-11 00:00:00-04:00,22.174828362922163,22.280640436406088,21.62180443778006,21.87835121154785,575207000,0.0,0.0
2022-04-12 00:00:00-04:00,22.497259071532707,22.684927279513232,21.244471063259667,21.466079711914062,662258000,0.0,0.0
2022-04-13 00:00:00-04:00,21.689689827546903,22.46032799731564,21.41717046528089,22.163850784301758,516943000,0.0,0.0
2022-04-14 00:00:00-04:00,22.465319189569,22.736840873608053,21.125686298057552,21.220518112182617,569097000,0.0,0.0
2022-04-18 00:00:00-04:00,21.162613017413847,22.049045548168344,21.041826120321627,21.744585037231445,525701000,0.0,0.0
2022-04-19 00:00:00-04:00,21.681699582090733,22.33354799958623,21.276415360813395,22.158857345581055,512781000,0.0,0.0
2022-04-20 00:00:00-04:00,22.477295203987705,22.630025292014682,21.162618078582742,21.444120407104492,468974000,0.0,0.0
2022-04-21 00:00:00-04:00,21.670719581173074,22.352515792807566,19.964733471590826,20.147411346435547,656209000,0.0,0.0
2022-04-22 00:00:00-04:00,20.26720153654447,20.44987943712727,19.465617877374534,19.4805908203125,624713000,0.0,0.0
2022-04-25 00:00:00-04:00,19.168140672030763,19.909830566482615,19.062328587721677,19.866907119750977,641566000,0.0,0.0
2022-04-26 00:00:00-04:00,19.683233812845796,19.753110084844213,18.637081301820754,18.754873275756836,653143000,0.0,0.0
2022-04-27 00:00:00-04:00,18.56520811905012,19.13320511845519,18.257752516127315,18.382532119750977,499460000,0.0,0.0
2022-04-28 00:00:00-04:00,18.933556381034744,20.001671352987184,18.457398144847,19.747119903564453,570327000,0.0,0.0
2022-04-29 00:00:00-04:00,19.367787435913748,20.092507058531055,18.484347793800964,18.51429557800293,500435000,0.0,0.0
2022-05-02 00:00:00-04:00,18.508306677557925,19.53948420995558,18.35857155612756,19.498558044433594,572049000,0.0,0.0
2022-05-03 00:00:00-04:00,19.365792728207555,19.790044492832212,19.099263315754698,19.56743621826172,475751000,0.0,0.0
2022-05-04 00:00:00-04:00,19.887868830192616,20.364026989571897,18.717934609583033,20.29814338684082,648855000,0.0,0.0
2022-05-05 00:00:00-04:00,19.831970796985615,19.889867190140663,18.46738053235109,18.810773849487305,626331000,0.0,0.0
2022-05-06 00:00:00-04:00,18.702965948851222,19.477596826336676,17.958280958741344,18.642072677612305,633297000,0.0,0.0
2022-05-09 00:00:00-04:00,18.00220081323754,18.222809887329202,16.79732840064044,16.92011260986328,644455000,0.0,0.0
2022-05-10 00:00:00-04:00,17.657804659889177,18.16590781619085,16.994976064340783,17.5639705657959,761474000,0.0,0.0
2022-05-11 00:00:00-04:00,17.316412260690328,17.72169650040984,16.538786536925784,16.600675582885742,670167000,0.0,0.0
2022-05-12 00:00:00-04:00,16.19040360695308,16.758400627921947,15.539553695242823,16.146480560302734,708728000,0.0,0.0
2022-05-13 00:00:00-04:00,16.758397445943917,17.896386648845493,16.563741598498687,17.67477798461914,670437000,0.0,0.0
2022-05-16 00:00:00-04:00,17.478125554261457,17.75663289781755,17.07583632290922,17.233556747436523,521446000,0.0,0.0
2022-05-17 00:00:00-04:00,18.042128040603696,18.338605199613887,17.602905299530796,18.144947052001953,585830000,0.0,0.0
2022-05-18 00:00:00-04:00,17.673778288304316,18.086050095832512,16.834261734064153,16.908130645751953,545161000,0.0,0.0
2022-05-19 00:00:00-04:00,16.90713478134416,17.655812285056605,16.704491716469843,17.09380531311035,621310000,0.0,0.0
2022-05-20 00:00:00-04:00,17.301437670488205,17.379299242685832,15.727217918276924,16.664562225341797,739105000,0.0,0.0
2022-05-23 00:00:00-04:00,16.245303880807757,16.885174338377944,16.150472081742095,16.86820411682129,639889000,0.0,0.0
2022-05-24 00:00:00-04:00,16.48089009745048,16.56773659401327,15.75217672510654,16.125516891479492,588550000,0.0,0.0
2022-05-25 00:00:00-04:00,15.991750587212342,17.08082630804417,15.971785398507762,16.945066452026367,781132000,0.0,0.0
2022-05-26 00:00:00-04:00,16.00772274521179,18.06009712140226,15.993747492579688,17.819522857666016,996575000,0.0,0.0
2022-05-27 00:00:00-04:00,18.153935916295296,18.8477102124589,18.068087106701686,18.777833938598633,738379000,0.0,0.0
2022-05-31 00:00:00-04:00,18.946531790942434,19.166145079805915,18.317643518254673,18.639076232910156,664100000,0.0,0.0
2022-06-01 00:00:00-04:00,18.690981817760978,19.01940020610704,18.09004223537034,18.28769302368164,544514000,0.0,0.0
2022-06-02 00:00:00-04:00,18.25974260084453,19.584402153884042,18.16590850320256,19.557449340820312,648656000,0.0,0.0
2022-06-03 00:00:00-04:00,19.048351903370342,19.29791105823147,18.489338025612042,18.686988830566406,598779000,0.0,0.0
2022-06-06 00:00:00-04:00,19.105254520476123,19.302905366003518,18.53126758487554,18.75287628173828,422406000,0.0,0.0
2022-06-07 00:00:00-04:00,18.439427797960548,18.96649663523193,18.15592818906813,18.892627716064453,388914000,0.0,0.0
2022-06-08 00:00:00-04:00,18.76981947875276,19.15022859840962,18.506229327517012,18.619054794311523,363252000,0.004,0.0
2022-06-09 00:00:00-04:00,18.452317541565765,18.903615681719316,18.012999908462263,18.019989013671875,395574000,0.0,0.0
2022-06-10 00:00:00-04:00,17.572682529347194,17.669532092614485,16.842816252604898,16.947654724121094,465248000,0.0,0.0
2022-06-13 00:00:00-04:00,15.975162900820372,16.286678851618216,15.581774461064812,15.622711181640625,604153000,0.0,0.0
2022-06-14 00:00:00-04:00,15.706580080249356,16.041060084311727,15.388075033067116,15.811417579650879,469680000,0.0,0.0
2022-06-15 00:00:00-04:00,16.070014185322673,16.841814932140252,15.901276860613777,16.501344680786133,563936000,0.0,0.0
2022-06-16 00:00:00-04:00,15.835380972284335,15.917254419069693,15.377093820674675,15.576783180236816,545749000,0.0,0.0
2022-06-17 00:00:00-04:00,15.62370932462703,15.970170797325055,15.304206366327632,15.85534954071045,630334000,0.0,0.0
2022-06-21 00:00:00-04:00,16.44942865985989,16.981600402488183,16.381533414039843,16.540287017822266,483089000,0.0,0.0
2022-06-22 00:00:00-04:00,16.200807716945178,16.63613161603984,16.15487960777826,16.3346004486084,437135000,0.0,0.0
2022-06-23 00:00:00-04:00,16.49335423638741,16.55925175967928,15.82838875234843,16.199811935424805,463680000,0.0,0.0
2022-06-24 00:00:00-04:00,16.4743834361144,17.113389214535463,16.284677881500357,17.099411010742188,472153000,0.0,0.0
2022-06-27 00:00:00-04:00,17.285128566242904,17.30310027621306,16.600192553602746,16.842815399169922,427968000,0.0,0.0
2022-06-28 00:00:00-04:00,16.873766731644636,17.175298000307446,15.92024919879893,15.957192420959473,461149000,0.0,0.0
2022-06-29 00:00:00-04:00,15.789453787872143,15.795444040528261,15.146453345274413,15.517875671386719,482352000,0.0,0.0
2022-06-30 00:00:00-04:00,15.337156508002591,15.542837079558034,14.83893146631367,15.135470390319824,686070000,0.0,0.0
2022-07-01 00:00:00-04:00,14.875871620652088,15.039616592506377,14.369658695440403,14.500454902648926,577610000,0.0,0.0
2022-07-05 00:00:00-04:00,14.152995407536388,14.947759252201296,14.033181805676074,14.940770149230957,651397000,0.0,0.0
2022-07-06 00:00:00-04:00,14.986699419920392,15.29521975828279,14.766041819442789,15.106513023376465,529066000,0.0,0.0
2022-07-07 00:00:00-04:00,15.432009036553442,15.920249363063476,15.365112647572856,15.83338451385498,492903000,0.0,0.0
2022-07-08 00:00:00-04:00,15.406048858995538,16.012106984675512,15.365112136209438,15.81341552734375,467972000,0.0,0.0
2022-07-11 00:00:00-04:00,15.501897038743362,15.502895890046375,15.014654706991223,15.128478050231934,437321000,0.0,0.0
2022-07-12 00:00:00-04:00,15.244300136553319,15.407047229010848,14.85390726583204,15.058588981628418,458483000,0.0,0.0
2022-07-13 00:00:00-04:00,14.567352563950944,15.35113388131245,14.442546597436209,15.140460968017578,521918000,0.0,0.0
2022-07-14 00:00:00-04:00,15.08454678517,15.448979946164094,14.705136566748275,15.348136901855469,456235000,0.0,0.0
2022-07-15 00:00:00-04:00,15.634693763078548,15.757502029258568,15.42102524308435,15.737533569335938,385935000,0.0,0.0
2022-07-18 00:00:00-04:00,16.276696063894367,16.870771818679195,15.977162485969991,16.076007843017578,670517000,0.0,0.0
2022-07-19 00:00:00-04:00,16.46040880264038,17.083440714371143,16.146897048307313,16.96562385559082,702366000,0.0,0.0
2022-07-20 00:00:00-04:00,16.920694158582595,17.90516367987839,16.774920881624166,17.77935791015625,760538000,0.0,0.0
2022-07-21 00:00:00-04:00,17.857241184682085,18.115838067216817,17.517768741299832,18.021984100341797,557049000,0.0,0.0
2022-07-22 00:00:00-04:00,17.86522258702626,17.939107115384,17.11039568213851,17.2921142578125,536671000,0.0,0.0
2022-07-25 00:00:00-04:00,16.992578640781748,17.097417085099938,16.623154098820503,16.99757194519043,480748000,0.0,0.0
2022-07-26 00:00:00-04:00,16.862783963132348,16.8927380811664,16.452422639321977,16.50733757019043,397865000,0.0,0.0
2022-07-27 00:00:00-04:00,17.005557952659736,17.908155755576903,16.886743214352247,17.76238250732422,569776000,0.0,0.0
2022-07-28 00:00:00-04:00,17.947092676340457,18.11183550963354,17.412923461343865,17.956077575683594,474646000,0.0,0.0
2022-07-29 00:00:00-04:00,17.785350474084527,18.21568123422587,17.66453800022714,18.134807586669922,435460000,0.0,0.0
2022-08-01 00:00:00-04:00,18.153777639044684,18.816748460231146,17.96207621952918,18.412376403808594,476469000,0.0,0.0
2022-08-02 00:00:00-04:00,18.093867889937076,18.90860114970087,18.06391377512959,18.49724006652832,489527000,0.0,0.0
2022-08-03 00:00:00-04:00,18.15577319490234,18.938556596561604,18.108845268842018,18.863672256469727,418146000,0.0,0.0
2022-08-04 00:00:00-04:00,18.81973820519662,19.244077638796206,18.730875675237176,19.185169219970703,409652000,0.0,0.0
2022-08-05 00:00:00-04:00,18.780801158866524,19.199151379943174,18.63702558545363,18.959524154663086,386068000,0.0,0.0
2022-08-08 00:00:00-04:00,17.474834090197074,18.210689626521116,17.21523743534715,17.765380859375,981859000,0.0,0.0
2022-08-09 00:00:00-04:00,17.225223378384737,17.419920407402213,16.69804302742487,17.059480667114258,668263000,0.0,0.0
2022-08-10 00:00:00-04:00,17.670526014260716,18.089874092763363,17.290116951299066,18.068906784057617,597422000,0.0,0.0
2022-08-11 00:00:00-04:00,18.10285603043002,18.677962127300052,17.848250796763534,17.914148330688477,509327000,0.0,0.0
2022-08-12 00:00:00-04:00,18.131808897875185,18.68894324186174,17.925129506160957,18.679956436157227,478094000,0.0,0.0
2022-08-15 00:00:00-04:00,18.671972967328774,19.134253654667226,18.584110213938448,19.002458572387695,457666000,0.0,0.0
2022-08-16 00:00:00-04:00,18.8906300185085,19.112285523433606,18.472279819564992,18.849693298339844,451240000,0.0,0.0
2022-08-17 00:00:00-04:00,18.49424742554819,18.65899030543156,18.11683393671878,18.306537628173828,446799000,0.0,0.0
2022-08-18 00:00:00-04:00,18.27259278693306,18.835716492772463,18.15477592247858,18.743860244750977,415447000,0.0,0.0
2022-08-19 00:00:00-04:00,18.37742938799248,18.491252751209018,17.742416940160584,17.8212947845459,441588000,0.0,0.0
2022-08-22 00:00:00-04:00,17.462854274166467,17.530749526436782,16.939667385058787,17.0075626373291,409593000,0.0,0.0
2022-08-23 00:00:00-04:00,16.96262602355017,17.43788689751564,16.9436545142741,17.154327392578125,369986000,0.0,0.0
2022-08-24 00:00:00-04:00,16.985593596633255,17.37898304673185,16.868776526107535,17.195268630981445,522661000,0.0,0.0
2022-08-25 00:00:00-04:00,16.817855675931728,17.919144309263267,16.806873069370276,17.885196685791016,770691000,0.0,0.0
2022-08-26 00:00:00-04:00,17.829283522466564,17.89617896439729,16.211797175282506,16.23476219177246,769127000,0.0,0.0
2022-08-29 00:00:00-04:00,15.995132957792901,16.312638221113218,15.742525425220169,15.776472091674805,496132000,0.0,0.0
2022-08-30 00:00:00-04:00,15.935225659002597,16.014102549024937,15.158433454249854,15.443989753723145,530181000,0.0,0.0
2022-08-31 00:00:00-04:00,15.360119797456045,15.51587778140862,14.935779319161014,15.07056999206543,573710000,0.0,0.0
2022-09-01 00:00:00-04:00,14.186942340955959,14.35767736958631,13.249400817146027,13.915365219116211,1178865000,0.0,0.0
2022-09-02 00:00:00-04:00,14.078111260206875,14.14900018522791,13.569900664948733,13.625814437866211,743157000,0.0,0.0
2022-09-06 00:00:00-04:00,13.709684383392407,13.75761020490667,13.330274168921454,13.444097518920898,535751000,0.0,0.0
2022-09-07 00:00:00-04:00,13.545969780215222,13.820625056780996,13.329242241678006,13.69678020477295,512657000,0.004,0.0
2022-09-08 00:00:00-04:00,13.442099708429629,13.990411090298151,13.352213517895981,13.972433090209961,624873000,0.0,0.0
2022-09-09 00:00:00-04:00,14.139225757493556,14.455828158929025,14.108265492695345,14.368937492370605,486612000,0.0,0.0
2022-09-12 00:00:00-04:00,14.350960765620393,14.528736791278869,14.180174968803186,14.48678970336914,484159000,0.0,0.0
2022-09-13 00:00:00-04:00,13.784670424242124,13.904519639420537,13.082553033818995,13.11451244354248,714956000,0.0,0.0
2022-09-14 00:00:00-04:00,13.237359163133265,13.273314216178907,12.896787688730967,13.111517906188965,588507000,0.0,0.0
2022-09-15 00:00:00-04:00,12.99865891833725,13.216384660038566,12.77394104372565,12.912766456604004,523625000,0.0,0.0
2022-09-16 00:00:00-04:00,12.726001122679447,13.195411270329165,12.601158069233653,13.181428909301758,670751000,0.0,0.0
2022-09-19 00:00:00-04:00,12.995661877637879,13.44609580364354,12.993664533666465,13.36519718170166,569685000,0.0,0.0
2022-09-20 00:00:00-04:00,13.198406839856672,13.46606997721802,13.040605238954448,13.159455299377441,524818000,0.0,0.0
2022-09-21 00:00:00-04:00,13.196411314775915,14.013384151989733,13.0935399916861,13.24435043334961,807679000,0.0,0.0
2022-09-22 00:00:00-04:00,13.053589709999544,13.132490994300221,12.412396524843558,12.545228958129883,759162000,0.0,0.0
2022-09-23 00:00:00-04:00,12.404404072029587,12.595164214857899,12.241608647210441,12.500283241271973,663309000,0.0,0.0
2022-09-26 00:00:00-04:00,12.475316755127498,12.643106039060946,12.198664123420288,12.212646484375,547343000,0.0,0.0
2022-09-27 00:00:00-04:00,12.491296042868766,12.720008599389836,12.24260909385547,12.397414207458496,553854000,0.0,0.0
2022-09-28 00:00:00-04:00,12.39441703024492,12.80689854678782,12.338487591385359,12.72000789642334,542414000,0.0,0.0
2022-09-29 00:00:00-04:00,12.432370007378605,12.48430476090285,11.93100047295723,12.204656600952148,532763000,0.0,0.0
2022-09-30 00:00:00-04:00,12.071823561069651,12.617138488258727,12.059838544347494,12.123758316040039,565638000,0.0,0.0
2022-10-03 00:00:00-04:00,12.331497416498822,12.662082145584952,12.089800688912364,12.49629020690918,547478000,0.0,0.0
2022-10-04 00:00:00-04:00,12.862829366915662,13.203401777565151,12.862829366915662,13.150467872619629,584182000,0.0,0.0
2022-10-05 00:00:00-04:00,12.89479000485159,13.304275082018679,12.60515414886924,13.192415237426758,507131000,0.0,0.0
2022-10-06 00:00:00-04:00,13.203400133760168,13.638852526314174,13.086546469597781,13.113512992858887,644157000,0.0,0.0
2022-10-07 00:00:00-04:00,12.489300974925913,12.654093791045442,12.006907545237569,12.060839653015137,672478000,0.0,0.0
2022-10-10 00:00:00-04:00,12.021886664391426,12.108777324986262,11.393676694010551,11.65534782409668,698699000,0.0,0.0
2022-10-11 00:00:00-04:00,11.546483912922639,11.831125915365966,11.268833090820673,11.571453094482422,667482000,0.0,0.0
2022-10-12 00:00:00-04:00,11.564459775496525,11.720263058222807,11.33075342269204,11.48555850982666,492590000,0.0,0.0
2022-10-13 00:00:00-04:00,10.95722491597618,12.062835356186497,10.799423302844042,11.94498348236084,850103000,0.0,0.0
2022-10-14 00:00:00-04:00,12.0418607547837,12.095792850477494,11.189932138993667,11.212903022766113,713432000,0.0,0.0
2022-10-17 00:00:00-04:00,11.503537321029368,11.932997705589505,11.502539125284484,11.873072624206543,580774000,0.0,0.0
2022-10-18 00:00:00-04:00,12.328501382530158,12.47631532526222,11.603413077767147,11.951974868774414,659362000,0.0,0.0
2022-10-19 00:00:00-04:00,11.864082792963758,12.334492010680163,11.81913922499752,12.035866737365723,523131000,0.0,0.0
2022-10-20 00:00:00-04:00,12.097790381957378,12.752966821066378,12.089800053684597,12.178689002990723,652398000,0.0,0.0
2022-10-21 00:00:00-04:00,12.082808061772408,12.482306351508834,11.872073525922902,12.450345993041992,609494000,0.0,0.0
2022-10-24 00:00:00-04:00,12.492295085152598,12.694041114749616,12.048852336359209,12.58318042755127,517457000,0.0,0.0
2022-10-25 00:00:00-04:00,12.678062868329203,13.283301979197523,12.648099847684048,13.24435043334961,505482000,0.0,0.0
2022-10-26 00:00:00-04:00,12.852841899654189,13.371189335313101,12.69204380253107,12.879807472229004,532953000,0.0,0.0
2022-10-27 00:00:00-04:00,13.612885710217384,13.820624719501696,13.105523203117375,13.159455299377441,583113000,0.0,0.0
2022-10-28 00:00:00-04:00,13.087545565034905,13.832609111860705,13.044599338614265,13.816628456115723,521040000,0.0,0.0
2022-10-31 00:00:00-04:00,13.760701235922447,13.820626323430826,13.280305197439352,13.480053901672363,486341000,0.0,0.0
2022-11-01 00:00:00-04:00,13.793658395771288,13.907515574241362,13.502025221946392,13.525995254516602,432817000,0.0,0.0
2022-11-02 00:00:00-04:00,13.832610350772429,14.19215799265486,13.194412738756908,13.202402114868164,672628000,0.0,0.0
2022-11-03 00:00:00-04:00,13.026622485707117,13.763695715649225,12.939731835884348,13.404147148132324,500065000,0.0,0.0
2022-11-04 00:00:00-04:00,13.9684389349222,14.211133849312025,13.679801299085328,14.138225555419922,612576000,0.0,0.0
2022-11-07 00:00:00-05:00,14.210134614268167,14.393903593979909,13.936479441145188,14.283042907714844,410061000,0.0,0.0
2022-11-08 00:00:00-05:00,14.782415387435028,14.872302535108739,14.198149880032776,14.58366584777832,595292000,0.0,0.0
2022-11-09 00:00:00-05:00,14.144217279717736,14.193156492308741,13.741723425961359,13.758702278137207,454414000,0.0,0.0
2022-11-10 00:00:00-05:00,14.78141670505855,15.753194539745545,14.528734123134546,15.730223655700684,700819000,0.0,0.0
2022-11-11 00:00:00-05:00,15.787152888563263,16.368421908305677,15.462561149104959,16.306499481201172,655487000,0.0,0.0
2022-11-14 00:00:00-05:00,16.19763886291601,16.519235097810885,15.902010008121769,16.2745418548584,527852000,0.0,0.0
2022-11-15 00:00:00-05:00,16.70100428796189,16.976656817848582,16.361431033277864,16.64507484436035,545876000,0.0,0.0
2022-11-16 00:00:00-05:00,16.141709565247826,16.34145732599952,15.853071888838846,15.89002513885498,649547000,0.0,0.0
2022-11-17 00:00:00-05:00,15.695268602256101,16.245577368149426,15.51549430312848,15.657316207885742,710894000,0.0,0.0
2022-11-18 00:00:00-05:00,15.945954045011389,15.981910050388137,15.101016492966707,15.389654159545898,492072000,0.0,0.0
2022-11-21 00:00:00-05:00,15.127981966089996,15.45756754683471,15.06106570167587,15.297768592834473,404739000,0.0,0.0
2022-11-22 00:00:00-05:00,15.308753778828079,16.037837664544167,15.103012110863446,16.01786231994629,472866000,0.0,0.0
2022-11-23 00:00:00-05:00,16.07778765170836,16.506249872107517,16.02785119143118,16.498258590698242,427241000,0.0,0.0
2022-11-25 00:00:00-05:00,16.297510910083282,16.466297423181434,16.151694328082346,16.249570846557617,167934000,0.0,0.0
2022-11-28 00:00:00-05:00,16.00587750224232,16.336463192763517,15.70525673572653,15.807127952575684,303741000,0.0,0.0
2022-11-29 00:00:00-05:00,15.807127459770173,15.911996118227389,15.500513718012343,15.619363784790039,298384000,0.0,0.0
2022-11-30 00:00:00-05:00,15.681299942560486,16.91306749227581,15.581400530805857,16.90607452392578,565298000,0.004,0.0
2022-12-01 00:00:00-05:00,16.98200093379881,17.247733765667537,16.618364626853012,17.11786460876465,470977000,0.0,0.0
2022-12-02 00:00:00-05:00,16.64234117792431,16.916067342010866,16.428554479527566,16.85912322998047,371389000,0.0,0.0
2022-12-05 00:00:00-05:00,16.662322665713035,16.978006665855066,16.455528923945028,16.59339141845703,352255000,0.0,0.0
2022-12-06 00:00:00-05:00,16.513469290675516,16.556425555356533,15.803179908628083,15.971012115478516,352694000,0.0,0.0
2022-12-07 00:00:00-05:00,15.7562255561555,16.169811994462453,15.6513300790908,16.103878021240234,372388000,0.0,0.0
2022-12-08 00:00:00-05:00,16.2567250065392,17.161818992856777,15.943037976538454,17.15182876586914,515456000,0.0,0.0
2022-12-09 00:00:00-05:00,17.14283488058237,17.565412093502086,16.958020467654244,16.983993530273438,465338000,0.0,0.0
2022-12-12 00:00:00-05:00,17.019964378211757,17.520462850697957,16.78020459668349,17.517465591430664,457328000,0.0,0.0
2022-12-13 00:00:00-05:00,18.512467050361487,18.77120879861469,17.69328744757466,18.053926467895508,656589000,0.0,0.0
2022-12-14 00:00:00-05:00,17.969013028546826,18.2337493318541,17.402580576281,17.656326293945312,496888000,0.0,0.0
2022-12-15 00:00:00-05:00,17.128853387661163,17.302679168965806,16.683300254847847,16.935047149658203,478542000,0.0,0.0
2022-12-16 00:00:00-05:00,16.847134332454832,17.023957357323482,16.393587913415725,16.554426193237305,478232000,0.0,0.0
2022-12-19 00:00:00-05:00,16.55542806937623,16.592389818438555,16.128855034819484,16.23774528503418,354039000,0.0,0.0
2022-12-20 00:00:00-05:00,16.0479374093435,16.293691733158465,15.836150439306303,16.06891632080078,403260000,0.0,0.0
2022-12-21 00:00:00-05:00,16.097886834196,16.610374338355122,16.08589779725307,16.484498977661133,325025000,0.0,0.0
2022-12-22 00:00:00-05:00,16.0779039686439,16.121860588450037,14.867116217993509,15.32365894317627,565045000,0.0,0.0
2022-12-23 00:00:00-05:00,15.180801856563045,15.323658484858957,14.86811517713691,15.190792083740234,349326000,0.0,0.0
2022-12-27 00:00:00-05:00,15.0589232450688,15.084897262564448,14.041940853191676,14.106876373291016,464902000,0.0,0.0
2022-12-28 00:00:00-05:00,13.913071922510106,14.247736933600988,13.87011470494691,14.021963119506836,351066000,0.0,0.0
2022-12-29 00:00:00-05:00,14.387597820165574,14.668315992800219,14.212772636992952,14.588396072387695,354923000,0.0,0.0
2022-12-30 00:00:00-05:00,14.319665531261037,14.61437060536108,14.218766699664881,14.599386215209961,310490000,0.0,0.0
2023-01-03 00:00:00-05:00,14.836149193445959,14.981004654277776,14.081904060760499,14.300684928894043,401277000,0.0,0.0
2023-01-04 00:00:00-05:00,14.552432867835895,14.838146156406989,14.226758666083303,14.73425006866455,431324000,0.0,0.0
2023-01-05 00:00:00-05:00,14.476508145483907,14.549435094565505,14.13385075828424,14.250734329223633,389168000,0.0,0.0
2023-01-06 00:00:00-05:00,14.459525782981146,14.994990027309514,14.019966208080364,14.844141006469727,405044000,0.0,0.0
2023-01-09 00:00:00-05:00,15.268715599821135,16.039942919360875,15.125858005154026,15.612371444702148,504231000,0.0,0.0
2023-01-10 00:00:00-05:00,15.491491850303234,15.9460367412462,15.456527005264633,15.89309024810791,384101000,0.0,0.0
2023-01-11 00:00:00-05:00,15.824158513514837,16.011970219679487,15.547435115356448,15.984996795654297,353285000,0.0,0.0
2023-01-12 00:00:00-05:00,16.083899486490765,16.620361206682915,15.476506765719616,16.494487762451172,551409000,0.0,0.0
2023-01-13 00:00:00-05:00,16.261723610585914,16.905080685202577,16.148837635119033,16.882102966308594,447287000,0.0,0.0
2023-01-17 00:00:00-05:00,16.882102890181493,17.71027444723034,16.882102890181493,17.68429946899414,511102000,0.0,0.0
2023-01-18 00:00:00-05:00,17.649328071904808,17.855121391590774,17.26471294665892,17.359619140625,439624000,0.0,0.0
2023-01-19 00:00:00-05:00,17.018960755905177,17.17980093611209,16.714267402001692,16.748231887817383,452932000,0.0,0.0
2023-01-20 00:00:00-05:00,16.99398826883285,17.838144467896704,16.80817535561797,17.8211612701416,564967000,0.0,0.0
2023-01-23 00:00:00-05:00,18.045934566497856,19.22575518813864,17.80018219062393,19.17380714416504,655163000,0.0,0.0
2023-01-24 00:00:00-05:00,18.808171561163764,19.475504695763046,18.801178592061103,19.2457332611084,496204000,0.0,0.0
2023-01-25 00:00:00-05:00,18.894084898187952,19.350628576512324,18.561417754150824,19.303674697875977,449537000,0.0,0.0
2023-01-26 00:00:00-05:00,19.681299120426033,20.14583427066666,19.258721787064815,19.782197952270508,489535000,0.0,0.0
2023-01-27 00:00:00-05:00,19.44253083004094,20.6073647727145,19.385588643390975,20.344627380371094,542142000,0.0,0.0
2023-01-30 00:00:00-05:00,19.930047598821574,20.119856196776876,19.130846582408306,19.14283561706543,488611000,0.0,0.0
2023-01-31 00:00:00-05:00,19.150828232771158,19.667311381220713,18.931048939885837,19.5174617767334,498017000,0.0,0.0
2023-02-01 00:00:00-05:00,19.671307485536968,21.17080582248784,19.591387567845597,20.922056198120117,660477000,0.0,0.0
2023-02-02 00:00:00-05:00,20.978999571946993,21.927049958105407,20.679300340238534,21.68729019165039,564276000,0.0,0.0
2023-02-03 00:00:00-05:00,20.978999007184377,21.723254810357187,20.76820957509745,21.078899383544922,429366000,0.0,0.0
2023-02-06 00:00:00-05:00,20.78519321039508,21.54842912938245,20.76521275361375,21.06791114807129,452197000,0.0,0.0
2023-02-07 00:00:00-05:00,21.360614360794933,22.23673802068742,21.12884604934928,22.15082359313965,664150000,0.0,0.0
2023-02-08 00:00:00-05:00,22.364609852385264,22.85511993042836,21.985989180590057,22.18279266357422,559651000,0.0,0.0
2023-02-09 00:00:00-05:00,22.583394939904977,22.996980498584975,22.097880878059367,22.31466293334961,523876000,0.0,0.0
2023-02-10 00:00:00-05:00,21.668308556927258,22.05591910392087,20.790187926657033,21.243732452392578,550737000,0.0,0.0
2023-02-13 00:00:00-05:00,21.516460573823032,22.025950766178745,20.941036401408137,21.766210556030273,474919000,0.0,0.0
2023-02-14 00:00:00-05:00,21.556416493331337,23.025945848921754,21.3446286454517,22.94802474975586,675474000,0.0,0.0
2023-02-15 00:00:00-05:00,22.52645058254248,22.832144335876976,22.083894699328933,22.741235733032227,420575000,0.0,0.0
2023-02-16 00:00:00-05:00,22.110861403332606,22.52744412587898,21.90506807501612,21.97999382019043,412026000,0.0,0.0
2023-02-17 00:00:00-05:00,21.609364641720003,21.71825487021389,20.95402065241894,21.366607666015625,465888000,0.0,0.0
2023-02-21 00:00:00-05:00,20.97899644931204,21.47250184750639,20.597378544387798,20.634342193603516,410015000,0.0,0.0
2023-02-22 00:00:00-05:00,20.68629767666919,21.082900112074974,20.40058241794298,20.73324966430664,513184000,0.0,0.0
2023-02-23 00:00:00-05:00,23.416556284501297,23.864108157560736,23.001970445117642,23.640331268310547,1117995000,0.0,0.0
2023-02-24 00:00:00-05:00,23.201776465429027,23.450528025821583,22.92405457439787,23.262714385986328,589716000,0.0,0.0
2023-02-27 00:00:00-05:00,23.646326795039013,23.856115851316737,23.43054322131306,23.477495193481445,452994000,0.0,0.0
2023-02-28 00:00:00-05:00,23.348623650908365,23.80117159295259,23.18278931411265,23.192779541015625,455963000,0.0,0.0
2023-03-01 00:00:00-05:00,23.168807999209974,23.232745083054898,22.48549196735542,22.675302505493164,460026000,0.0,0.0
2023-03-02 00:00:00-05:00,22.46551148905175,23.356617727044704,22.409565830943126,23.29068374633789,389415000,0.0,0.0
2023-03-03 00:00:00-05:00,23.29667828013058,23.87609816871999,23.106867758135774,23.866107940673828,412393000,0.0,0.0
2023-03-06 00:00:00-05:00,23.86710603242782,24.223747422082624,23.463508860514835,23.53044319152832,437429000,0.0,0.0
2023-03-07 00:00:00-05:00,23.580406551075267,24.10497029022773,23.221703451056463,23.268665313720703,515154000,0.004,0.0
2023-03-08 00:00:00-05:00,23.467495262178186,24.179904417575,23.4045478535388,24.160919189453125,513573000,0.0,0.0
2023-03-09 00:00:00-05:00,24.154922945379216,24.43369248287704,23.363580850091193,23.41653823852539,501257000,0.0,0.0
2023-03-10 00:00:00-05:00,23.38956009205049,23.607379462799077,22.707126734055908,22.9459285736084,474866000,0.0,0.0
2023-03-13 00:00:00-04:00,22.733106940046454,23.27865305444534,22.278484860419933,22.946928024291992,421890000,0.0,0.0
2023-03-14 00:00:00-04:00,23.476491591871543,24.198890859033952,23.440520278180596,24.043020248413086,474910000,0.0,0.0
2023-03-15 00:00:00-04:00,23.741265018407983,24.265828599325392,23.340598998344493,24.20787811279297,524486000,0.0,0.0
2023-03-16 00:00:00-04:00,24.007047963864338,25.56675059825911,23.874157083100002,25.519790649414062,583253000,0.0,0.0
2023-03-17 00:00:00-04:00,25.960426557252433,26.37708012413153,25.646686200323746,25.70363998413086,848547000,0.0,0.0
2023-03-20 00:00:00-04:00,25.59372917074599,26.00238993506894,25.109131303094223,25.87849235534668,432747000,0.0,0.0
2023-03-21 00:00:00-04:00,26.15826276917553,26.370086636571166,25.35992640091997,26.17724609375,547408000,0.0,0.0
2023-03-22 00:00:00-04:00,26.40305656588551,27.566091472465203,26.215212950904103,26.446022033691406,797295000,0.0,0.0
2023-03-23 00:00:00-04:00,27.092485590001715,27.476167523901886,26.667839239162014,27.16842269897461,564889000,0.0,0.0
2023-03-24 00:00:00-04:00,27.008555018771276,27.14444177136707,26.333115738961876,26.756763458251953,454920000,0.0,0.0
2023-03-27 00:00:00-04:00,26.814715931188335,26.977580691716717,26.343107731941966,26.508970260620117,361026000,0.0,0.0
2023-03-28 00:00:00-04:00,26.42503717383145,26.490982347841836,25.828532839951382,26.3880672454834,356104000,0.0,0.0
2023-03-29 00:00:00-04:00,26.802723367547372,27.055511611707683,26.57491207468501,26.961589813232422,393694000,0.0,0.0
2023-03-30 00:00:00-04:00,27.206388565387414,27.47616480917353,27.079493220776026,27.360260009765625,364516000,0.0,0.0
2023-03-31 00:00:00-04:00,27.117460914270833,27.810884824300686,27.082490132563102,27.75393295288086,433933000,0.0,0.0
2023-04-03 00:00:00-04:00,27.486157467758918,27.97674896673063,27.31330079051416,27.9417781829834,398716000,0.0,0.0
2023-04-04 00:00:00-04:00,27.942776983152683,27.976749146372356,27.284323812201485,27.43020248413086,368592000,0.0,0.0
2023-04-05 00:00:00-04:00,26.806721952265576,26.975580335763187,26.37308232607004,26.858678817749023,515015000,0.0,0.0
2023-04-06 00:00:00-04:00,26.561920652211157,27.05750899579146,26.405051458084227,27.014545440673828,397654000,0.0,0.0
2023-04-10 00:00:00-04:00,26.800729910312878,27.59806769884347,26.646858441067167,27.556102752685547,395279000,0.0,0.0
2023-04-11 00:00:00-04:00,27.700979959709233,27.766925140537275,27.103475037618352,27.146440505981445,314378000,0.0,0.0
2023-04-12 00:00:00-04:00,27.347274949110663,27.445193150748228,26.426039620920893,26.47300148010254,446259000,0.0,0.0
2023-04-13 00:00:00-04:00,26.71179772670093,26.86467054430278,26.307135282820585,26.441022872924805,353615000,0.0,0.0
2023-04-14 00:00:00-04:00,26.481988137925153,26.860673088743237,26.198223603530394,26.735776901245117,395660000,0.0,0.0
2023-04-17 00:00:00-04:00,26.542942510363897,26.983576314494652,26.41105214594061,26.97957992553711,321471000,0.0,0.0
2023-04-18 00:00:00-04:00,27.51013630310621,28.086656800927294,27.334281866827425,27.644023895263672,604812000,0.0,0.0
2023-04-19 00:00:00-04:00,27.3382818867537,27.976751256223757,27.209389286713794,27.907808303833008,358660000,0.0,0.0
2023-04-20 00:00:00-04:00,27.648020038897844,28.00672306467075,26.977577746060568,27.081491470336914,427713000,0.0,0.0
2023-04-21 00:00:00-04:00,26.929618278406625,27.160427351710336,26.69980973159089,27.096479415893555,345103000,0.0,0.0
2023-04-24 00:00:00-04:00,26.990567448071825,27.343273032566316,26.648850502655943,27.019542694091797,339282000,0.0,0.0
2023-04-25 00:00:00-04:00,27.055512582409374,27.224372863895415,26.203222209345313,26.219207763671875,378527000,0.0,0.0
2023-04-26 00:00:00-04:00,26.979579875522322,27.30730663861179,26.682825603237607,26.933616638183594,406337000,0.0,0.0
2023-04-27 00:00:00-04:00,27.340279304100545,27.47216966404172,26.60289125219407,27.203392028808594,377161000,0.0,0.0
2023-04-28 00:00:00-04:00,27.20239283065348,27.734949268700237,27.04851947681164,27.7259578704834,292216000,0.0,0.0
2023-05-01 00:00:00-04:00,27.8168827543935,29.033871779873245,27.75693310998625,28.88599395751953,570329000,0.0,0.0
2023-05-02 00:00:00-04:00,28.656187830632053,28.8120584439284,28.05968338673671,28.18657684326172,402730000,0.0,0.0
2023-05-03 00:00:00-04:00,27.81688204976608,28.34344486027376,27.449187603389927,27.778913497924805,383387000,0.0,0.0
2023-05-04 00:00:00-04:00,27.628038892272958,27.835866361148614,27.217380869969254,27.539113998413086,321850000,0.0,0.0
2023-05-05 00:00:00-04:00,27.802892348359304,28.731119816226787,27.707971926376775,28.65618324279785,361494000,0.0,0.0
2023-05-08 00:00:00-04:00,28.498313634929115,29.19573394414959,28.326457491586734,29.12679100036621,344979000,0.0,0.0
2023-05-09 00:00:00-04:00,28.87500228440972,28.94894023981755,28.426375730996305,28.547273635864258,314869000,0.0,0.0
2023-05-10 00:00:00-04:00,28.98091460956097,29.08882663839483,28.437367605326653,28.86101531982422,369350000,0.0,0.0
2023-05-11 00:00:00-04:00,28.872004608217654,28.92596062028458,28.22254475076314,28.55426788330078,322149000,0.0,0.0
2023-05-12 00:00:00-04:00,28.505307600656668,28.756100516190692,28.022708903166627,28.316465377807617,274222000,0.0,0.0
2023-05-15 00:00:00-04:00,28.48432681161874,28.944944446377114,28.128623434840744,28.928956985473633,293926000,0.0,0.0
2023-05-16 00:00:00-04:00,28.817052724629356,29.845199573848124,28.80806132560358,29.188743591308594,449405000,0.0,0.0
2023-05-17 00:00:00-04:00,29.55943225417957,30.173921312310178,29.40556081091014,30.152938842773438,432535000,0.0,0.0
2023-05-18 00:00:00-04:00,30.384744840658275,31.801566483071674,30.294819431722896,31.651691436767578,748725000,0.0,0.0
2023-05-19 00:00:00-04:00,31.509814437648227,31.553778528813286,30.890330301104353,31.238040924072266,473908000,0.0,0.0
2023-05-22 00:00:00-04:00,30.875342767584065,31.493830215264246,30.654527493113335,31.150115966796875,372000000,0.0,0.0
2023-05-23 00:00:00-04:00,30.97426067554003,31.26202165563563,30.605567574899254,30.662519454956055,356253000,0.0,0.0
2023-05-24 00:00:00-04:00,30.184909476760378,30.581581031014146,29.781245672310558,30.512638092041016,721419000,0.0,0.0
2023-05-25 00:00:00-04:00,38.49101183651756,39.447217938255974,36.60457902009647,37.948463439941406,1543911000,0.0,0.0
2023-05-26 00:00:00-04:00,37.85853900635431,39.13747499196258,37.51882115873588,38.91366195678711,714397000,0.0,0.0
2023-05-30 00:00:00-04:00,40.56129320908205,41.903176556488546,39.91582970590061,40.077693939208984,923401000,0.0,0.0
2023-05-31 00:00:00-04:00,39.45521159457621,40.26154073982168,37.79059452881708,37.80258560180664,1002580000,0.0,0.0
2023-06-01 00:00:00-04:00,38.457038285135596,40.01674290011226,38.30816374839411,39.736976623535156,635873000,0.0,0.0
2023-06-02 00:00:00-04:00,40.0637069703337,40.46637223130838,39.02556820427834,39.29434585571289,482731000,0.0,0.0
2023-06-05 00:00:00-04:00,38.87669004097322,39.5321435245976,38.674858118858616,39.13847351074219,396094000,0.0,0.0
2023-06-06 00:00:00-04:00,38.79775882224138,39.12748282035394,38.116322111286685,38.62190246582031,388729000,0.0,0.0
2023-06-07 00:00:00-04:00,38.886701533947004,39.47027647730588,37.32883333327853,37.44774627685547,511998000,0.004,0.0
2023-06-08 00:00:00-04:00,37.69657436729438,38.835744998272645,37.47773561947334,38.48200225830078,417772000,0.0,0.0
2023-06-09 00:00:00-04:00,39.00861783598584,39.68212760699857,38.53896213031096,38.74181365966797,427717000,0.0,0.0
2023-06-12 00:00:00-04:00,39.17150019392895,39.50125828347373,38.58992260823452,39.45329284667969,388701000,0.0,0.0
2023-06-13 00:00:00-04:00,40.156792771911256,41.071128645039984,39.71111778820096,40.992183685302734,613208000,0.0,0.0
2023-06-14 00:00:00-04:00,40.794327015832565,42.96874400584985,40.52252155664653,42.96574783325195,740465000,0.0,0.0
2023-06-15 00:00:00-04:00,42.57103621355931,43.25753714671118,42.11636509751025,42.62199783325195,568622000,0.0,0.0
2023-06-16 00:00:00-04:00,43.41840945055139,43.689212322344694,42.6299816471878,42.66096115112305,655709000,0.0,0.0
2023-06-20 00:00:00-04:00,42.966744812657,43.95802428329941,42.64297902478398,43.776153564453125,451153000,0.0,0.0
2023-06-21 00:00:00-04:00,43.46936828442457,43.58328761702222,42.04940392408919,43.01369857788086,551603000,0.0,0.0
2023-06-22 00:00:00-04:00,42.22227910485018,43.39442663272672,42.20329572401854,42.99372100830078,417737000,0.0,0.0
2023-06-23 00:00:00-04:00,42.43312605670876,42.77787262265415,41.984451203476524,42.17831039428711,358140000,0.0,0.0
2023-06-26 00:00:00-04:00,42.43013175413964,42.732912892803704,40.070848008649996,40.60246276855469,594322000,0.0,0.0
2023-06-27 00:00:00-04:00,40.769337698334375,41.90950699852485,40.41859495947549,41.84555435180664,462175000,0.0,0.0
2023-06-28 00:00:00-04:00,40.630436345854235,41.814576115847736,40.4885413004538,41.08710479736328,582639000,0.0,0.0
2023-06-29 00:00:00-04:00,41.527785226902004,41.56975450915622,40.57048152757147,40.792320251464844,380514000,0.0,0.0
2023-06-30 00:00:00-04:00,41.64969465752979,42.51906101069841,41.470823955071786,42.271240234375,501148000,0.0,0.0
2023-07-03 00:00:00-04:00,42.48608848507777,42.8668120169638,42.171318861986485,42.382164001464844,198209000,0.0,0.0
2023-07-05 00:00:00-04:00,42.10437270548026,43.14561514993879,42.05440981011897,42.2862434387207,323618000,0.0,0.0
2023-07-06 00:00:00-04:00,41.81358472410437,42.14834029261051,41.31594563009927,42.07239532470703,303582000,0.0,0.0
2023-07-07 00:00:00-04:00,42.29123113247118,43.18258476591584,42.14933607210184,42.47209930419922,355881000,0.0,0.0
2023-07-10 00:00:00-04:00,42.625996062988435,42.77988345650076,41.61872549978595,42.14934158325195,353908000,0.0,0.0
2023-07-11 00:00:00-04:00,42.45011717550455,42.72691623562603,42.03642048343686,42.37417221069336,298244000,0.0,0.0
2023-07-12 00:00:00-04:00,43.001715152832105,43.903059808967086,42.74590075117866,43.87008285522461,481277000,0.0,0.0
2023-07-13 00:00:00-04:00,44.48564153669653,46.12144883056754,44.459659460176354,45.943580627441406,478204000,0.0,0.0
2023-07-14 00:00:00-04:00,46.54913599395856,48.053042979669556,45.027244350268305,45.43594741821289,772075000,0.0,0.0
2023-07-17 00:00:00-04:00,46.25534736982459,46.46219379188679,45.22909361606182,46.42721939086914,510488000,0.0,0.0
2023-07-18 00:00:00-04:00,46.66704612621804,47.86117699331049,45.700750131517545,47.459468841552734,569164000,0.0,0.0
2023-07-19 00:00:00-04:00,47.42949003823852,47.78323273939186,46.708014876201304,47.04277038574219,427502000,0.0,0.0
2023-07-20 00:00:00-04:00,46.473193831210935,47.052774056440455,45.029244512878805,45.48691177368164,537865000,0.0,0.0
2023-07-21 00:00:00-04:00,45.754711707343915,45.83265793125683,44.067939106833165,44.27678680419922,963769000,0.0,0.0
2023-07-24 00:00:00-04:00,44.69847992512501,45.076207287411634,44.00798419764258,44.579566955566406,382516000,0.0,0.0
2023-07-25 00:00:00-04:00,44.90833145027088,46.149425329816566,44.89034298033834,45.64579391479492,348081000,0.0,0.0
2023-07-26 00:00:00-04:00,45.98753948381612,46.019517711894565,44.59755199508339,45.41895294189453,364237000,0.0,0.0
2023-07-27 00:00:00-04:00,46.48518386639015,47.36054650639366,45.71674188711987,45.866634368896484,455976000,0.0,0.0
2023-07-28 00:00:00-04:00,46.63406993246034,46.9928100852104,46.34727984222391,46.71601104736328,331194000,0.0,0.0
2023-07-31 00:00:00-04:00,46.7200135632976,47.09573967930946,46.472192750297545,46.695030212402344,251055000,0.0,0.0
2023-08-01 00:00:00-04:00,46.42622359131387,46.86590615971662,45.99353971547932,46.47319030761719,237858000,0.0,0.0
2023-08-02 00:00:00-04:00,45.79768501941141,45.80667734864654,43.35546141010275,44.236820220947266,530142000,0.0,0.0
2023-08-03 00:00:00-04:00,43.76815517445485,45.08519773730657,43.76815517445485,44.482635498046875,324176000,0.0,0.0
2023-08-04 00:00:00-04:00,44.95229672936695,45.6088167758493,44.36072805590183,44.647518157958984,362666000,0.0,0.0
2023-08-07 00:00:00-04:00,45.07820630485827,45.506895294186684,44.53060434183165,45.38398361206055,322154000,0.0,0.0
2023-08-08 00:00:00-04:00,44.82039253545294,45.209109671688076,44.02397106962369,44.63153076171875,353843000,0.0,0.0
2023-08-09 00:00:00-04:00,44.24180664104453,44.27978102394421,42.10336324472602,42.5230598449707,586449000,0.0,0.0
2023-08-10 00:00:00-04:00,42.129350474246436,43.54232399177734,41.80458597956359,42.35718536376953,492705000,0.0,0.0
2023-08-11 00:00:00-04:00,41.72064293519623,41.98745090774671,40.6094519413775,40.825294494628906,533085000,0.0,0.0
2023-08-14 00:00:00-04:00,40.456564582325726,43.76815430441539,40.28169257903262,43.721187591552734,690286000,0.0,0.0
2023-08-15 00:00:00-04:00,44.52760635786077,45.23509182651046,43.67822201869262,43.90805435180664,676512000,0.0,0.0
2023-08-16 00:00:00-04:00,44.487640294428644,44.642526410074055,43.37444779920779,43.45439147949219,527451000,0.0,0.0
2023-08-17 00:00:00-04:00,43.93803287430319,44.02996504043604,42.9697356160732,43.3124885559082,452395000,0.0,0.0
2023-08-18 00:00:00-04:00,42.60400217656772,43.546317397362685,41.62971253779868,43.267520904541016,583768000,0.0,0.0
2023-08-21 00:00:00-04:00,44.46165201493228,47.030782025071126,44.18985040134457,46.93285369873047,692573000,0.0,0.0
2023-08-22 00:00:00-04:00,48.10000155373569,48.15196569860594,45.30004062070193,45.634796142578125,755293000,0.0,0.0
2023-08-23 00:00:00-04:00,45.832657681466124,47.165687530536545,45.175135085824124,47.081748962402344,779046000,0.0,0.0
2023-08-24 00:00:00-04:00,50.179489575369686,50.22945246000163,47.124712989648934,47.12870788574219,1156044000,0.0,0.0
2023-08-25 00:00:00-04:00,46.97782740620056,47.77025023235798,44.99126973402356,45.98455047607422,925341000,0.0,0.0
2023-08-28 00:00:00-04:00,46.44820509438741,46.945844136189635,44.85536600768865,46.80094909667969,685192000,0.0,0.0
2023-08-29 00:00:00-04:00,46.632071231077255,49.04531628812588,46.35726964870884,48.748531341552734,701397000,0.0,0.0
2023-08-30 00:00:00-04:00,49.00834626983168,49.890703795125454,48.3897967692124,49.228187561035156,735206000,0.0,0.0
2023-08-31 00:00:00-04:00,49.34410566617648,49.70783948086103,48.922411542832535,49.319122314453125,528570000,0.0,0.0
2023-09-01 00:00:00-04:00,49.72582320725818,49.76379378137674,48.10699823052651,48.473731994628906,463830000,0.0,0.0
2023-09-05 00:00:00-04:00,48.18794226373671,48.81548788347983,47.82520719547016,48.5127067565918,382653000,0.0,0.0
2023-09-06 00:00:00-04:00,48.40977397493204,48.51770224742843,46.54997362392489,47.030662536621094,468670000,0.004,0.0
2023-09-07 00:00:00-04:00,45.49565878737646,46.31413115212792,45.122898103314355,46.21119689941406,433330000,0.0,0.0
2023-09-08 00:00:00-04:00,45.912385845022,46.575955463730146,45.241816956969146,45.54262161254883,473069000,0.0,0.0
2023-09-11 00:00:00-04:00,46.1182482612765,46.133237981165,44.28343335195331,45.14887619018555,473966000,0.0,0.0
2023-09-12 00:00:00-04:00,44.70916101442447,45.643559689302776,44.50229371390593,44.8410758972168,349256000,0.0,0.0
2023-09-13 00:00:00-04:00,44.571249185878756,45.900393693899545,44.47431159036819,45.45568084716797,398355000,0.0,0.0
2023-09-14 00:00:00-04:00,45.92037826774396,45.9573531646138,45.10190600685458,45.55161666870117,370097000,0.0,0.0
2023-09-15 00:00:00-04:00,45.31176544872774,45.56959852066616,43.779752923471165,43.87169647216797,506831000,0.0,0.0
2023-09-18 00:00:00-04:00,42.72044680408226,44.213483290506936,41.97292784828809,43.937660217285156,500271000,0.0,0.0
2023-09-19 00:00:00-04:00,43.80474129556245,43.93765497175379,42.97427575565499,43.491943359375,373064000,0.0,0.0
2023-09-20 00:00:00-04:00,43.57189573593531,43.874701837692996,42.19578439055347,42.21177291870117,367108000,0.0,0.0
2023-09-21 00:00:00-04:00,41.5561956700247,42.07286070255986,40.95358372498065,40.99055862426758,450736000,0.0,0.0
2023-09-22 00:00:00-04:00,41.54519433277662,42.087847304445255,41.20441459488325,41.58317184448242,479236000,0.0,0.0
2023-09-25 00:00:00-04:00,41.564184746897794,42.50857517454085,41.15045020013546,42.19477844238281,419091000,0.0,0.0
2023-09-26 00:00:00-04:00,41.97392575085955,42.79239807025896,41.62814811031587,41.88398361206055,402282000,0.0,0.0
2023-09-27 00:00:00-04:00,42.302708909565496,42.84435926371942,41.60216067664093,42.440616607666016,444935000,0.0,0.0
2023-09-28 00:00:00-04:00,42.43262596387141,43.417990370192356,42.08785097086144,43.061222076416016,424663000,0.0,0.0
2023-09-29 00:00:00-04:00,43.7987463785024,44.11554336483788,43.27908114153103,43.4709587097168,397830000,0.0,0.0
2023-10-02 00:00:00-04:00,44.00161394425031,45.145876254159724,43.83272417445268,44.75313186645508,433298000,0.0,0.0
2023-10-03 00:00:00-04:00,44.77910920077743,45.10090400420974,43.2181160083425,43.48894119262695,470850000,0.0,0.0
2023-10-04 00:00:00-04:00,43.71380433905175,44.11454682903524,43.26409364811851,44.012611389160156,361821000,0.0,0.0
2023-10-05 00:00:00-04:00,44.021601937102886,44.87105626291606,43.859707622537925,44.6591911315918,393483000,0.0,0.0
2023-10-06 00:00:00-04:00,44.16450946291641,45.759481188953075,43.99761731119279,45.73249816894531,434436000,0.0,0.0
2023-10-09 00:00:00-04:00,44.81309443716581,45.57560310444914,44.33940094783517,45.24381637573242,409675000,0.0,0.0
2023-10-10 00:00:00-04:00,45.28079400115597,46.229179763507624,45.05893698303584,45.76847839355469,368582000,0.0,0.0
2023-10-11 00:00:00-04:00,46.16621813703432,46.82879273607268,46.02031234982247,46.77582550048828,378137000,0.0,0.0
2023-10-12 00:00:00-04:00,46.746842929581085,47.57830726462998,46.30013251687724,46.91473388671875,481325000,0.0,0.0
2023-10-13 00:00:00-04:00,46.92972043199577,47.085621890391806,45.25080334969889,45.43168640136719,474115000,0.0,0.0
2023-10-16 00:00:00-04:00,45.03394854361238,46.19519817588755,44.8830449142491,46.065284729003906,375099000,0.0,0.0
2023-10-17 00:00:00-04:00,43.97163208495719,44.72514757843825,42.45261161000831,43.909671783447266,812333000,0.0,0.0
2023-10-18 00:00:00-04:00,42.56354235108208,43.19113966201485,41.79803732924531,42.16879653930664,627294000,0.0,0.0
2023-10-19 00:00:00-04:00,42.78340541148184,43.26909220321944,41.855003378817976,42.0738639831543,501233000,0.0,0.0
2023-10-20 00:00:00-04:00,41.86298355757868,42.4426113320018,41.05150696072855,41.36030960083008,477266000,0.0,0.0
2023-10-23 00:00:00-04:00,41.20242325687503,43.22012278548461,40.91860593108143,42.947296142578125,478530000,0.0,0.0
2023-10-24 00:00:00-04:00,43.049228794577566,43.66882802570082,42.66347986731124,43.634849548339844,401463000,0.0,0.0
2023-10-25 00:00:00-04:00,43.37002340053755,43.62186366950043,41.52821293771827,41.75206756591797,398379000,0.0,0.0
2023-10-26 00:00:00-04:00,41.82601906009142,42.22875913409801,39.85429143072344,40.30000305175781,541001000,0.0,0.0
2023-10-27 00:00:00-04:00,41.103479410118545,41.17943061689449,39.98919671274618,40.47388458251953,416784000,0.0,0.0
2023-10-30 00:00:00-04:00,41.06051446991565,41.73907378443747,40.45490233078289,41.134464263916016,388028000,0.0,0.0
2023-10-31 00:00:00-04:00,40.42391883550711,40.85264307272008,39.20470426456185,40.75370407104492,517969000,0.0,0.0
2023-11-01 00:00:00-04:00,40.857645026484356,42.353681706486846,40.84265530544935,42.2977180480957,437593000,0.0,0.0
2023-11-02 00:00:00-04:00,43.30006060911841,43.85570184848127,42.866342349318806,43.47794723510742,409172000,0.0,0.0
2023-11-03 00:00:00-04:00,43.99162089726106,45.27978753454021,43.694811487819166,44.97598648071289,424610000,0.0,0.0
2023-11-06 00:00:00-05:00,45.25581258540271,45.905395169801956,44.8700597857138,45.72151184082031,400733000,0.0,0.0
2023-11-07 00:00:00-05:00,45.68952896873558,46.18820402459903,45.128889794516326,45.925376892089844,343165000,0.0,0.0
2023-11-08 00:00:00-05:00,46.0702861254177,46.83679388330466,45.93837123249172,46.543983459472656,346719000,0.0,0.0
2023-11-09 00:00:00-05:00,47.43639611181253,48.198904678121394,46.719859321767146,46.91973114013672,540496000,0.0,0.0
2023-11-10 00:00:00-05:00,47.46938357142801,48.4407571846076,47.2525243856,48.3038444519043,421245000,0.0,0.0
2023-11-13 00:00:00-05:00,48.288843946075154,49.084332134936744,48.06798577140686,48.58864974975586,384136000,0.0,0.0
2023-11-14 00:00:00-05:00,49.64797570826254,49.80187576621573,49.00838887341186,49.62398910522461,416954000,0.0,0.0
2023-11-15 00:00:00-05:00,49.902809365822506,49.927790961524366,48.168927272564574,48.856483459472656,475497000,0.0,0.0
2023-11-16 00:00:00-05:00,48.64761873945954,49.49307401570829,48.29884470682521,49.44810104370117,339756000,0.0,0.0
2023-11-17 00:00:00-05:00,49.49207232670018,49.684948701072095,48.97540732164273,49.26622009277344,325205000,0.0,0.0
2023-11-20 00:00:00-05:00,49.280206345168914,50.51540949473078,49.14929028900057,50.37649917602539,414120000,0.0,0.0
2023-11-21 00:00:00-05:00,50.09368608126626,50.48443286697379,49.19026950939756,49.91180419921875,565747000,0.0,0.0
2023-11-22 00:00:00-05:00,49.81985852243295,50.302544998111564,47.65924993569592,48.68458938598633,899420000,0.0,0.0
2023-11-24 00:00:00-05:00,48.43875395222816,48.88946341849403,47.71421905232239,47.745201110839844,294645000,0.0,0.0
2023-11-27 00:00:00-05:00,47.769182964937485,48.49871188238506,47.62127956875629,48.210899353027344,395662000,0.0,0.0
2023-11-28 00:00:00-05:00,48.20490212503735,48.291847835176796,47.442393546125054,47.79016876220703,401491000,0.0,0.0
2023-11-29 00:00:00-05:00,48.34781498680007,48.730567513457544,47.82914854414182,48.10896682739258,382005000,0.0,0.0
2023-11-30 00:00:00-05:00,47.99303847449865,48.078985380939635,46.39207386383031,46.73984909057617,526247000,0.0,0.0
2023-12-01 00:00:00-05:00,46.495004895434896,47.16956893202257,46.15722156787437,46.73484802246094,369317000,0.0,0.0
2023-12-04 00:00:00-05:00,46.047291437827624,46.047291437827624,44.980978046044385,45.480655670166016,437543000,0.0,0.0
2023-12-05 00:00:00-05:00,45.44068732474864,46.574054864592355,45.245796192072625,46.540077209472656,371718000,0.004,0.0
2023-12-06 00:00:00-05:00,47.18870568926755,47.360610785418956,45.386708393351064,45.477657318115234,380590000,0.0,0.0
2023-12-07 00:00:00-05:00,45.67455214099108,46.603035669637734,45.57860492878931,46.57005310058594,350823000,0.0,0.0
2023-12-08 00:00:00-05:00,46.56905734985708,47.71441917110969,46.52408042310089,47.479549407958984,359224000,0.0,0.0
2023-12-11 00:00:00-05:00,47.46456109151934,47.50453592444969,45.8044865345936,46.60103988647461,509728000,0.0,0.0
2023-12-12 00:00:00-05:00,46.02036339199116,47.63946032153252,46.02036339199116,47.63046646118164,372387000,0.0,0.0
2023-12-13 00:00:00-05:00,47.60248182794816,48.5669446692335,47.58149361223289,48.06122589111328,447792000,0.0,0.0
2023-12-14 00:00:00-05:00,48.36305298147659,48.64289584092454,47.395593515547255,48.32307434082031,391232000,0.0,0.0
2023-12-15 00:00:00-05:00,48.16716233251439,49.37648760181643,48.09320222955156,48.86277389526367,479948000,0.0,0.0
2023-12-18 00:00:00-05:00,49.37249683921415,50.40491882356695,49.12263603296827,50.04911804199219,412587000,0.0,0.0
2023-12-19 00:00:00-05:00,49.396473996646186,49.67232125952952,48.86776928450163,49.57637405395508,464444000,0.0,0.0
2023-12-20 00:00:00-05:00,49.6273523215611,49.971162561409855,48.07122000684809,48.08421325683594,397894000,0.0,0.0
2023-12-21 00:00:00-05:00,48.783821596134075,49.06766385409553,48.39203776733346,48.96272277832031,300425000,0.0,0.0
2023-12-22 00:00:00-05:00,49.16760912555352,49.35550417725914,48.440013817586234,48.80281448364258,252507000,0.0,0.0
2023-12-26 00:00:00-05:00,48.9407287654443,49.572376781102484,48.93273380006729,49.251556396484375,244200000,0.0,0.0
2023-12-27 00:00:00-05:00,49.483433835302336,49.65233845498923,49.05766853127738,49.38948440551758,233648000,0.0,0.0
2023-12-28 00:00:00-05:00,49.615361553511725,49.85622468658464,49.38448736257904,49.49442672729492,246587000,0.0,0.0
2023-12-29 00:00:00-05:00,49.78526507165566,49.96916454651592,48.72385609264306,49.49442672729492,389293000,0.0,0.0
2024-01-02 00:00:00-05:00,49.21657920112469,49.267549491534815,47.56849914375037,48.141178131103516,411254000,0.0,0.0
2024-01-03 00:00:00-05:00,47.45855812854748,48.15716638258974,47.29364909537562,47.542510986328125,320896000,0.0,0.0
2024-01-04 00:00:00-05:00,47.740404942993884,48.47299856752152,47.481550264732384,47.97127914428711,306535000,0.0,0.0
2024-01-05 00:00:00-05:00,48.43501170219223,49.51940651463925,48.279096540234384,49.06965637207031,415039000,0.0,0.0
2024-01-08 00:00:00-05:00,49.48443254074205,52.24589457837139,49.45144996976697,52.22390365600586,642510000,0.0,0.0
2024-01-09 00:00:00-05:00,52.37182563719699,54.29475419696261,51.66121915258384,53.11041259765625,773100000,0.0,0.0
2024-01-10 00:00:00-05:00,53.58614782430592,54.569597281107285,53.45921582315341,54.31973648071289,533796000,0.0,0.0
2024-01-11 00:00:00-05:00,54.96837295906674,55.31517984530642,53.530175126278365,54.79146957397461,596759000,0.0,0.0
2024-01-12 00:00:00-05:00,54.58958487431233,54.93939227133335,54.29974925258684,54.679534912109375,352994000,0.0,0.0
2024-01-16 00:00:00-05:00,54.98736982997111,56.803355729677996,54.86943549694436,56.350608825683594,449580000,0.0,0.0
2024-01-17 00:00:00-05:00,56.31562839717504,56.43955990801359,54.70952466514394,56.021793365478516,474394000,0.0,0.0
2024-01-18 00:00:00-05:00,57.22811763397988,57.567928484455464,56.0757597125632,57.07520294189453,491650000,0.0,0.0
2024-01-19 00:00:00-05:00,57.95670795373914,59.46686815803494,57.1931334387279,59.4578742980957,543501000,0.0,0.0
2024-01-22 00:00:00-05:00,60.01556528618006,60.29740976678535,59.037110289114665,59.620784759521484,452955000,0.0,0.0
2024-01-23 00:00:00-05:00,59.536835558716284,59.876646424559254,58.552383323292965,59.83966827392578,294654000,0.0,0.0
2024-01-24 00:00:00-05:00,60.270429235036126,62.814010587371705,59.90463186103389,61.32783889770508,560271000,0.0,0.0
2024-01-25 00:00:00-05:00,62.3152848013764,62.68408265284871,60.81611993386063,61.58269500732422,482777000,0.0,0.0
2024-01-26 00:00:00-05:00,60.92606110295733,61.74860477846685,60.53927933125107,60.99702072143555,390309000,0.0,0.0
2024-01-29 00:00:00-05:00,61.19790260674366,62.4542026404575,60.87308662667512,62.43021774291992,348733000,0.0,0.0
2024-01-30 00:00:00-05:00,62.86497729318725,63.457645602005435,62.225330458008614,62.739044189453125,410735000,0.0,0.0
2024-01-31 00:00:00-05:00,61.40579489398436,62.2343357675768,60.66620898805524,61.49274826049805,453795000,0.0,0.0
2024-02-01 00:00:00-05:00,62.06541944015991,63.15581535659614,61.615673062934434,62.991905212402344,369146000,0.0,0.0
2024-02-02 00:00:00-05:00,63.93837399186544,66.56291110918288,63.654531745686434,66.12316131591797,476578000,0.0,0.0
2024-02-05 00:00:00-05:00,68.18701012748092,69.45830503749701,67.16758142852466,69.29339599609375,680078000,0.0,0.0
2024-02-06 00:00:00-05:00,69.59122707783612,69.71515858330277,66.26308702618283,68.18501281738281,683111000,0.0,0.0
2024-02-07 00:00:00-05:00,68.28095938687078,70.18090186277372,67.56235796585537,70.05996704101562,495575000,0.0,0.0
2024-02-08 00:00:00-05:00,70.03496848915448,70.75456869186667,69.41631758373076,69.60221099853516,414422000,0.0,0.0
2024-02-09 00:00:00-05:00,70.49374174629027,72.14482274694846,70.17292125397418,72.09285736083984,436637000,0.0,0.0
2024-02-12 00:00:00-05:00,72.55957267433736,74.56945447682682,71.21032591879988,72.20777130126953,613710000,0.0,0.0
2024-02-13 00:00:00-05:00,70.36081744123659,73.40911526024477,69.58125280309775,72.08785247802734,602580000,0.0,0.0
2024-02-14 00:00:00-05:00,73.16125433620005,74.19467532641171,71.89795802434332,73.8588638305664,504917000,0.0,0.0
2024-02-15 00:00:00-05:00,73.82787028335872,73.93380643951798,72.35968650824275,72.61753845214844,420122000,0.0,0.0
2024-02-16 00:00:00-05:00,74.05872683634956,74.36056058278803,72.46061841088577,72.57255554199219,495327000,0.0,0.0
2024-02-20 00:00:00-05:00,71.90693589131082,71.91593356383504,67.6962844049487,69.413330078125,704833000,0.0,0.0
2024-02-21 00:00:00-05:00,67.96813224619191,68.84964494727922,66.21111545956025,67.43443298339844,673755000,0.0,0.0
2024-02-22 00:00:00-05:00,74.9832259524774,78.53124465919488,74.17867388920303,78.49427032470703,865100000,0.0,0.0
2024-02-23 00:00:00-05:00,80.7450259181588,82.34812926609345,77.5268172404039,78.77312469482422,829388000,0.0,0.0
2024-02-26 00:00:00-05:00,79.6556292519544,80.60110940022084,78.4612947940882,79.0479736328125,503973000,0.0,0.0
2024-02-27 00:00:00-05:00,79.33678712059191,79.4357386337423,77.11902880227755,78.65716552734375,391705000,0.0,0.0
2024-02-28 00:00:00-05:00,77.57679090590065,78.88905585844033,77.08206373235477,77.61976623535156,393110000,0.0,0.0
2024-02-29 00:00:00-05:00,79.04995204006282,79.94544912775561,78.30636310105034,79.06793975830078,507289000,0.0,0.0
2024-03-01 00:00:00-05:00,79.95544705800646,82.2541692109824,79.39075927311268,82.2331771850586,479135000,0.0,0.0
2024-03-04 00:00:00-05:00,84.08315873170044,87.64617639419636,83.67239206586414,85.18954467773438,615616000,0.0,0.0
2024-03-05 00:00:00-05:00,85.22652719248794,86.05310907669562,83.37447499815761,85.92017364501953,520639000,0.004,0.0
2024-03-06 00:00:00-05:00,87.9771142527572,89.67824212896674,86.98561575454009,88.6547622680664,582520000,0.0,0.0
2024-03-07 00:00:00-05:00,90.11202114454544,92.71969184649807,89.55630492024456,92.62174224853516,608119000,0.0,0.0
2024-03-08 00:00:00-05:00,95.08949635927887,97.35034416273697,86.46189342253078,87.4833755493164,1142269000,0.0,0.0
2024-03-11 00:00:00-04:00,86.38492752767289,88.75171621511622,84.1230810265849,85.73026275634766,678364000,0.0,0.0
2024-03-12 00:00:00-04:00,88.00411383105026,91.91311538288066,86.10607991861596,91.86614227294922,668075000,0.0,0.0
2024-03-13 00:00:00-04:00,91.00856657140831,91.45733510152752,88.38989990202793,90.8416519165039,635713000,0.0,0.0
2024-03-14 00:00:00-04:00,89.53132517509458,90.59978030033041,86.55583824442805,87.89915466308594,602318000,0.0,0.0
2024-03-15 00:00:00-04:00,86.88567820084742,89.500341723681,86.21302481365912,87.7922134399414,642086000,0.0,0.0
2024-03-18 00:00:00-04:00,90.3419098330075,92.35787961611925,87.04059269589636,88.40989685058594,668976000,0.0,0.0
2024-03-19 00:00:00-04:00,86.65578707702176,90.49782872213696,84.96665402343716,89.3524169921875,672171000,0.0,0.0
2024-03-20 00:00:00-04:00,89.75120872764549,90.36390274155225,88.17801382637771,90.32592010498047,479063000,0.0,0.0
2024-03-21 00:00:00-04:00,92.25293104894116,92.60075314567852,90.35889320815413,91.38836669921875,480372000,0.0,0.0
2024-03-22 00:00:00-04:00,91.09451627074266,94.72966241146648,90.78767363601877,94.24091339111328,586719000,0.0,0.0
2024-03-25 00:00:00-04:00,93.89309629655145,96.71665262612369,93.46231633076846,94.95355224609375,552136000,0.0,0.0
2024-03-26 00:00:00-04:00,95.8021249691622,96.32585986372577,92.4548335490284,92.51380157470703,513648000,0.0,0.0
2024-03-27 00:00:00-04:00,93.06452747722804,93.19246057085654,89.07756280706721,90.20398712158203,586067000,0.0,0.0
2024-03-28 00:00:00-04:00,89.95410001839039,91.25344006885744,89.14751238127785,90.30992126464844,435212000,0.0,0.0
2024-04-01 00:00:00-04:00,90.25295469319977,92.17796738530402,89.15851187965868,90.3169174194336,452441000,0.0,0.0
2024-04-02 00:00:00-04:00,88.40289389067334,90.04805823236576,87.57532082751612,89.40638732910156,433064000,0.0,0.0
2024-04-03 00:00:00-04:00,88.43888912667452,90.32792493292138,88.35493231864154,88.91864013671875,370067000,0.0,0.0
2024-04-04 00:00:00-04:00,90.35988689456467,90.58777505707383,85.83619439258581,85.8611831665039,434965000,0.0,0.0
2024-04-05 00:00:00-04:00,86.82170353525082,88.43588552210704,85.88218803532831,87.96312713623047,399678000,0.0,0.0
2024-04-08 00:00:00-04:00,88.65475649731144,88.7846950725735,86.68776556126254,87.08856201171875,283220000,0.0,0.0
2024-04-09 00:00:00-04:00,87.39739525078261,87.59029759028141,82.97965182031417,85.31045532226562,501700000,0.0,0.0
2024-04-10 00:00:00-04:00,83.8832095968993,87.35543726810234,83.66631737551937,86.99462127685547,431929000,0.0,0.0
2024-04-11 00:00:00-04:00,87.37542414329695,90.69273208355851,86.8816803570947,90.56979370117188,431637000,0.0,0.0
2024-04-12 00:00:00-04:00,89.65326609988566,90.1290289713359,87.4853732060557,88.14103698730469,426805000,0.0,0.0
2024-04-15 00:00:00-04:00,89.05255868186178,90.56678540632922,85.88517618535235,85.95713806152344,443077000,0.0,0.0
2024-04-16 00:00:00-04:00,86.38892089132743,88.0730591608871,86.02011339953525,87.37042236328125,370453000,0.0,0.0
2024-04-17 00:00:00-04:00,88.29494666403578,88.72973001771733,83.90718598900048,83.99214935302734,495400000,0.0,0.0
2024-04-18 00:00:00-04:00,84.92666635523963,86.14604537295341,82.35997524716916,84.62781524658203,447260000,0.0,0.0
2024-04-19 00:00:00-04:00,83.10760934336838,84.28100677926233,75.56745676539116,76.16114807128906,875198000,0.0,0.0
2024-04-22 00:00:00-04:00,78.06417460921173,80.0321724749778,76.36104864748893,79.47745513916016,596341000,0.0,0.0
2024-04-23 00:00:00-04:00,80.72781776562408,82.72679808163171,80.22307798101387,82.38097381591797,438559000,0.0,0.0
2024-04-24 00:00:00-04:00,83.90718362535628,84.0391200894545,79.14261643671647,79.63636779785156,512208000,0.0,0.0
2024-04-25 00:00:00-04:00,78.82777847791279,83.28050853708768,78.18311074273281,82.5898666381836,424641000,0.0,0.0
2024-04-26 00:00:00-04:00,83.7752739998992,88.28597395561746,83.3444939490843,87.69027709960938,551011000,0.0,0.0
2024-04-29 00:00:00-04:00,87.5503221946072,87.94711524604415,85.22250775369248,87.71224212646484,388971000,0.0,0.0
2024-04-30 00:00:00-04:00,87.19551848613133,88.77371581096726,86.25600293117195,86.35794830322266,363709000,0.0,0.0
2024-05-01 00:00:00-04:00,85.0336065353816,85.95613224492045,81.21354987762143,82.99864196777344,559863000,0.0,0.0
2024-05-02 00:00:00-04:00,84.40593290133356,86.19302312746696,83.15756927733226,85.77323913574219,377898000,0.0,0.0
2024-05-03 00:00:00-04:00,87.7442309865165,89.23546686580507,86.99561241116382,88.74372100830078,398341000,0.0,0.0
2024-05-06 00:00:00-04:00,89.34441239026923,92.17297098055205,89.00958414820802,92.09300994873047,376203000,0.0,0.0
2024-05-07 00:00:00-04:00,91.05154909444323,91.73419949359099,88.96561525990342,90.50782775878906,437342000,0.0,0.0
2024-05-08 00:00:00-04:00,89.43737100980039,91.14749704338682,89.37439959760155,90.36589813232422,325721000,0.0,0.0
2024-05-09 00:00:00-04:00,90.48284079234612,91.02556319779642,88.18601596391863,88.70175170898438,378013000,0.0,0.0
2024-05-10 00:00:00-04:00,90.25895279926722,91.3543946079418,89.18149955504683,89.83216857910156,335325000,0.0,0.0
2024-05-13 00:00:00-04:00,90.43186737899792,90.95160653164567,88.48386356145281,90.35291290283203,289680000,0.0,0.0
2024-05-14 00:00:00-04:00,89.55331737042562,91.60427311943869,88.8886555026712,91.3094253540039,296507000,0.0,0.0
2024-05-15 00:00:00-04:00,92.42483720214041,94.8136176352431,91.5522813548362,94.58173370361328,417735000,0.0,0.0
2024-05-16 00:00:00-04:00,94.8616117597436,95.77014487035822,94.05501639356171,94.3108901977539,323952000,0.0,0.0
2024-05-17 00:00:00-04:00,94.32089003310901,94.69169545244071,91.75919321941595,92.43184661865234,359691000,0.0,0.0
2024-05-20 00:00:00-04:00,93.70220811729594,95.1514658859747,93.39236858928308,94.73168182373047,318764000,0.0,0.0
2024-05-21 00:00:00-04:00,93.55126534071833,95.35134936664903,93.1324803037148,95.33735656738281,328946000,0.0,0.0
2024-05-22 00:00:00-04:00,95.4103162792502,95.9710271843739,93.20144427728806,94.90157318115234,548648000,0.0,0.0
2024-05-23 00:00:00-04:00,101.97598526792865,106.26579699236947,101.46824101677741,103.74608612060547,835065000,0.0,0.0
2024-05-24 00:00:00-04:00,104.39572928386976,106.42069701496759,102.94747076428304,106.41470336914062,429494000,0.0,0.0
2024-05-28 00:00:00-04:00,110.18777817721215,114.88038339336015,109.82696222842502,113.84291076660156,652728000,0.0,0.0
2024-05-29 00:00:00-04:00,112.99235261607853,115.43310102209165,110.84444643564275,114.76644134521484,557442000,0.0,0.0
2024-05-30 00:00:00-04:00,114.59154239421389,115.75994504924772,109.60708571421941,110.44365692138672,484553000,0.0,0.0
2024-05-31 00:00:00-04:00,112.46262402548862,112.65952979992652,106.88547499697964,109.57710266113281,613263000,0.0,0.0
2024-06-03 00:00:00-04:00,113.56305829627723,114.94135284423828,111.94587959300615,114.94135284423828,438392000,0.0,0.0
2024-06-04 00:00:00-04:00,115.65700669071254,116.54055105021374,113.98685338816156,116.37763214111328,403324000,0.0,0.0
2024-06-05 00:00:00-04:00,118.31063824188061,122.3865539456356,117.408098853795,122.3775634765625,528402000,0.0,0.0
2024-06-06 00:00:00-04:00,123.98474236351488,125.52295906565588,118.25966633915728,120.9363021850586,664696000,0.0,0.0
2024-06-07 00:00:00-04:00,119.70892124903274,121.62994584355768,117.9618191498612,120.82635498046875,412386000,0.0,0.0
2024-06-10 00:00:00-04:00,120.30862356189567,123.0372272074531,116.95033628620642,121.72789764404297,313434100,0.0,10.0
2024-06-11 00:00:00-04:00,121.71790142895497,122.81743693170633,118.6891989331394,120.8582763671875,222551200,0.01,0.0
2024-06-12 00:00:00-04:00,123.00735466296415,126.82572022932071,122.51756641163499,125.14643859863281,299595000,0.0,0.0
2024-06-13 00:00:00-04:00,129.33464307228707,129.74447132445016,127.10560139337456,129.55455017089844,260704500,0.0,0.0
2024-06-14 00:00:00-04:00,129.90440121431337,132.7831585880022,128.26510352503902,131.82357788085938,309320400,0.0,0.0
2024-06-17 00:00:00-04:00,132.9331153831068,133.67278906643185,129.52457044327446,130.92396545410156,288504400,0.0,0.0
2024-06-18 00:00:00-04:00,131.08390008465824,136.27168233747813,130.63409563692056,135.52200317382812,294335100,0.0,0.0
2024-06-20 00:00:00-04:00,139.74018988019657,140.69977060471427,129.46458937927747,130.7240447998047,517768400,0.0,0.0
2024-06-21 00:00:00-04:00,127.0656139833598,130.57411435219748,124.24682083583242,126.5158462524414,649445800,0.0,0.0
2024-06-24 00:00:00-04:00,123.18725776161229,124.40673688729653,117.9894861328688,118.05945587158203,476060900,0.0,0.0
2024-06-25 00:00:00-04:00,121.14814167969276,126.44587713171062,119.26894878077069,126.03604888916016,414192600,0.0,0.0
2024-06-26 00:00:00-04:00,126.07602800660581,128.06517437835757,122.5475396639974,126.34591674804688,362975900,0.0,0.0
2024-06-27 00:00:00-04:00,124.04691186806878,126.35592889862836,122.8674163349487,123.93695831298828,252571700,0.0,0.0
2024-06-28 00:00:00-04:00,124.52670042256338,127.65535851030685,122.69748155565787,123.48714447021484,315516700,0.0,0.0
2024-07-01 00:00:00-04:00,123.4171718460919,124.78658078052614,118.7791577829481,124.24681854248047,284885500,0.0,0.0
2024-07-02 00:00:00-04:00,121.07816598219777,123.35719678093928,120.97821029721358,122.61750793457031,218374000,0.0,0.0
2024-07-03 00:00:00-04:00,121.60795022813568,128.22511291503906,121.30807553564613,128.22511291503906,215749000,0.0,0.0
2024-07-05 00:00:00-04:00,127.32550112143423,128.7948810674807,125.62623147151251,125.77616882324219,214176700,0.0,0.0
2024-07-08 00:00:00-04:00,127.43544631776729,130.7140492483546,126.98564191819271,128.1451416015625,237677300,0.0,0.0
2024-07-09 00:00:00-04:00,130.29424856790877,133.76276548705792,128.59496354527897,131.3238067626953,285366600,0.0,0.0
2024-07-10 00:00:00-04:00,133.97265130832633,135.04220080806905,132.36333956960132,134.85227966308594,248978600,0.0,0.0
2024-07-11 00:00:00-04:00,135.69191517143412,136.0917379181807,126.99564078548484,127.34548950195312,374782700,0.0,0.0
2024-07-12 00:00:00-04:00,128.20511597204649,131.86355363035963,127.16556766728102,129.18470764160156,252680500,0.0,0.0
2024-07-15 00:00:00-04:00,130.50414372087192,131.33379047542198,127.1255924372887,128.3850555419922,208326200,0.0,0.0
2024-07-16 00:00:00-04:00,128.38505064333017,128.9847847878456,124.52670149646414,126.30593872070312,214769500,0.0,0.0
2024-07-17 00:00:00-04:00,121.29807714631912,121.79786321418705,116.670060903269,117.93951416015625,390086200,0.0,0.0
2024-07-18 00:00:00-04:00,121.79786207097416,122.34762979092075,116.51012460742739,121.0381851196289,320979500,0.0,0.0
2024-07-19 00:00:00-04:00,120.29850995680886,121.54797517785201,117.31978914047505,117.87954711914062,217223800,0.0,0.0
2024-07-22 00:00:00-04:00,120.2985068676328,124.01691649015211,119.80871864887781,123.48714447021484,258068900,0.0,0.0
2024-07-23 00:00:00-04:00,122.72747303753543,124.63665959294896,122.04776363902835,122.53755187988281,173911000,0.0,0.0
2024-07-24 00:00:00-04:00,119.1190116312528,119.89867669033677,113.39146746574805,114.20111846923828,327776900,0.0,0.0
2024-07-25 00:00:00-04:00,112.99164110995024,116.5801016063377,106.25452669437287,112.23196411132812,460067000,0.0,0.0
2024-07-26 00:00:00-04:00,116.14028513217615,116.1502753623964,111.53225712550028,113.0116195678711,293399100,0.0,0.0
2024-07-29 00:00:00-04:00,113.64135918454429,116.23024736996389,111.2523823769322,111.54225158691406,248152100,0.0,0.0
2024-07-30 00:00:00-04:00,111.47227535621278,111.94207545546908,102.49612232025332,103.68561553955078,486833300,0.0,0.0
2024-07-31 00:00:00-04:00,112.85169271533529,118.28935980657482,110.83255278301941,116.96992492675781,473174200,0.0,0.0
2024-08-01 00:00:00-04:00,117.47971689042026,120.10859659996095,106.76430191931924,109.16327667236328,523462300,0.0,0.0
2024-08-02 00:00:00-04:00,103.71561292679569,108.67349009112934,101.3266359945612,107.22410583496094,482027500,0.0,0.0
2024-08-05 00:00:00-04:00,92.020610744235,103.36576087778293,90.65120176374947,100.40702056884766,552842400,0.0,0.0
2024-08-06 00:00:00-04:00,103.79557030996848,107.66391734722711,100.50698458680512,104.20539855957031,409012100,0.0,0.0
2024-08-07 00:00:00-04:00,107.76387761608842,108.75345959568735,98.64778393346153,98.86769104003906,411440400,0.0,0.0
2024-08-08 00:00:00-04:00,101.95635654950479,105.45485898012505,97.47827008281362,104.92508697509766,391910000,0.0,0.0
2024-08-09 00:00:00-04:00,105.59480355882924,106.55439192807604,103.38574997554278,104.70518493652344,290844200,0.0,0.0
2024-08-12 00:00:00-04:00,106.27450881772207,111.02247644689008,106.21453693013632,108.97335052490234,325559900,0.0,0.0
2024-08-13 00:00:00-04:00,112.3918952304853,116.18027460234957,111.53226256952769,116.0903091430664,312646700,0.0,0.0
2024-08-14 00:00:00-04:00,118.47929970941885,118.54926946313572,114.02120830914065,118.02949523925781,339246400,0.0,0.0
2024-08-15 00:00:00-04:00,118.70918982152592,123.18726875091167,117.4197408420992,122.80743408203125,318086700,0.0,0.0
2024-08-16 00:00:00-04:00,121.88782549205811,124.94651370725,121.12814855340164,124.52669525146484,302589900,0.0,0.0
2024-08-19 00:00:00-04:00,124.22684228567836,129.94439697265625,123.36720951099952,129.94439697265625,318333600,0.0,0.0
2024-08-20 00:00:00-04:00,128.345066215563,129.82444407435935,125.83614544847738,127.19556427001953,300087400,0.0,0.0
2024-08-21 00:00:00-04:00,127.26552712895132,129.29466502006431,126.60581346882094,128.4450225830078,257883600,0.0,0.0
2024-08-22 00:00:00-04:00,129.96437709388331,130.69406050330699,123.04733191995243,123.68705749511719,376189100,0.0,0.0
2024-08-23 00:00:00-04:00,125.80614369005178,129.54454879248973,125.16641816339359,129.31463623046875,323230300,0.0,0.0
2024-08-26 00:00:00-04:00,129.5145768150302,131.20384101513017,124.3167968178151,126.40589904785156,331964700,0.0,0.0
2024-08-27 00:00:00-04:00,124.99650751528328,129.14472607274774,123.8270022374259,128.2451171875,303134600,0.0,0.0
2024-08-28 00:00:00-04:00,128.06518755846798,128.27510443502842,122.58753608006307,125.55626678466797,448101100,0.0,0.0
2024-08-29 00:00:00-04:00,121.30807947152184,124.37676573622443,116.66006734390899,117.53968811035156,453023300,0.0,0.0
2024-08-30 00:00:00-04:00,119.47885915972935,121.69791057687668,117.169849908653,119.31893157958984,333751600,0.0,0.0
2024-09-03 00:00:00-04:00,115.96036355880885,116.1602749319815,107.24409346859224,107.95378875732422,477155100,0.0,0.0
2024-09-04 00:00:00-04:00,105.36491282865293,113.22154357052297,104.07546373187543,106.16456604003906,372470300,0.0,0.0
2024-09-05 00:00:00-04:00,104.94508720389065,109.60309749669094,104.71518985962717,107.16413879394531,306850700,0.0,0.0
2024-09-06 00:00:00-04:00,107.9937729521253,108.10372649561138,100.90680264312543,102.78600311279297,413638100,0.0,0.0
2024-09-09 00:00:00-04:00,104.83512245061276,106.50441370678206,103.64563679939363,106.42444610595703,273912000,0.0,0.0
2024-09-10 00:00:00-04:00,107.76387224263199,109.35319594429214,104.90509525193343,108.05374908447266,268283700,0.0,0.0
2024-09-11 00:00:00-04:00,109.34319840779227,117.13986433729632,107.37404002456883,116.8599853515625,441422400,0.0,0.0
2024-09-12 00:00:00-04:00,116.80000446674823,120.74865704096976,115.34050510922769,119.0992202758789,366052700,0.01,0.0
2024-09-13 00:00:00-04:00,119.0392295640139,119.91892551173434,117.55973295121166,119.05921936035156,238358300,0.0,0.0
2024-09-16 00:00:00-04:00,116.75001183404176,118.13953528569532,114.32084356482326,116.7400131225586,248772300,0.0,0.0
2024-09-17 00:00:00-04:00,118.12954900355818,118.75933823796504,114.79069593440207,115.55043029785156,231925900,0.0,0.0
2024-09-18 00:00:00-04:00,115.85032597194726,117.65970390167261,113.18124184177299,113.33119201660156,310318900,0.0,0.0
2024-09-19 00:00:00-04:00,117.30981703007888,119.61903125645314,117.20985279612093,117.82964324951172,293506400,0.0,0.0
2024-09-20 00:00:00-04:00,117.01992368452845,118.57939482627764,115.35049721640073,115.96028900146484,382462400,0.0,0.0
2024-09-23 00:00:00-04:00,116.51010886475667,116.94995306986277,114.82068489843978,116.22020721435547,206228500,0.0,0.0
2024-09-24 00:00:00-04:00,116.4801041033547,121.75830281490052,115.34049501127092,120.82862091064453,354966800,0.0,0.0
2024-09-25 00:00:00-04:00,121.9782246233193,124.8972307941946,121.56836894761845,123.46772003173828,284692900,0.0,0.0
2024-09-26 00:00:00-04:00,126.75659295249227,127.62629022604027,121.75830470715397,123.9975357055664,302582900,0.0,0.0
2024-09-27 00:00:00-04:00,123.9275641535197,123.9875411739155,119.21917738287792,121.35844421386719,271009200,0.0,0.0
2024-09-30 00:00:00-04:00,118.26949648274505,121.45840689022769,118.10955522149155,121.39842987060547,226553700,0.0,0.0
2024-10-01 00:00:00-04:00,121.72830933905863,122.39808576451375,115.7503608309228,116.95994567871094,302094500,0.0,0.0
2024-10-02 00:00:00-04:00,116.40014740227824,119.33913591399957,115.1005893150636,118.80931854248047,221845900,0.0,0.0
2024-10-03 00:00:00-04:00,120.87860561160097,124.31743049345978,120.2988023230489,122.80794525146484,277118000,0.0,0.0
2024-10-04 00:00:00-04:00,124.89723283717322,124.99719707970252,121.78829684578011,124.87723541259766,243678100,0.0,0.0
2024-10-07 00:00:00-04:00,124.94721586781675,130.5952834922112,124.90722864393703,127.67628479003906,346250200,0.0,0.0
2024-10-08 00:00:00-04:00,130.2153933149511,133.43429200303964,129.3756845929013,132.84449768066406,285722500,0.0,0.0
2024-10-09 00:00:00-04:00,134.06409064908044,134.473953954377,131.33502948270424,132.60458374023438,246191600,0.0,0.0
2024-10-10 00:00:00-04:00,131.86485368985453,134.9537923881041,130.95516150253064,134.76385498046875,242311300,0.0,0.0
2024-10-11 00:00:00-04:00,133.9641223517835,135.73352074472976,133.61425131031754,134.7538604736328,170209500,0.0,0.0
2024-10-14 00:00:00-04:00,136.42329237635488,139.5522259694365,136.25335239175735,138.0227508544922,232347700,0.0,0.0
2024-10-15 00:00:00-04:00,137.82280508502743,138.52257769243778,128.6959404665834,131.55496215820312,377831000,0.0,0.0
2024-10-16 00:00:00-04:00,133.93414345953184,136.57323935639468,131.53497091822635,135.67355346679688,264879700,0.0,0.0
2024-10-17 00:00:00-04:00,139.2923118529861,140.8417844676902,136.8231559081479,136.8831329345703,306435900,0.0,0.0
2024-10-18 00:00:00-04:00,138.62252759913224,138.85244459278235,137.23300404466042,137.9527587890625,176090200,0.0,0.0
2024-10-21 00:00:00-04:00,138.0827206747143,143.6608123779297,137.95276029474488,143.6608123779297,264554500,0.0,0.0
2024-10-22 00:00:00-04:00,142.86108785315807,144.37056551302095,141.73146975294682,143.5408477783203,226311600,0.0,0.0
2024-10-23 00:00:00-04:00,141.9813779606296,142.38123492807873,137.41295033058282,139.51222229003906,285930000,0.0,0.0
2024-10-24 00:00:00-04:00,140.7718017861216,141.30161913611144,138.41260905173522,140.3619384765625,172354900,0.0,0.0
2024-10-25 00:00:00-04:00,140.8817548130095,144.08067171203157,140.75180968215267,141.49154663085938,205122100,0.0,0.0
2024-10-28 00:00:00-04:00,142.95103994204007,143.09099139897359,140.0020530079347,140.47189331054688,173586700,0.0,0.0
2024-10-29 00:00:00-04:00,140.2419668294209,142.21129364579818,138.8524432880062,141.20164489746094,157593600,0.0,0.0
2024-10-30 00:00:00-04:00,139.49222584841445,140.28196395700422,136.76316465511044,139.29229736328125,179418100,0.0,0.0
2024-10-31 00:00:00-04:00,137.55290880572403,137.56289989167158,132.06478241439225,132.7145538330078,270039600,0.0,0.0
2024-11-01 00:00:00-04:00,134.65389558133728,137.26300291330367,134.52395044654537,135.35365295410156,207127800,0.0,0.0
2024-11-04 00:00:00-05:00,137.16303982117785,138.91244079735898,135.52360180221356,136.00343322753906,187528200,0.0,0.0
2024-11-05 00:00:00-05:00,137.40294177771256,140.3219403030432,137.28298774012364,139.8621063232422,160537400,0.0,0.0
2024-11-06 00:00:00-05:00,142.91106349142868,146.43985375430594,141.9114058474733,145.56015014648438,242043900,0.0,0.0
2024-11-07 00:00:00-05:00,146.33990241230273,148.87902647248674,146.11997647950326,148.8290557861328,207323300,0.0,0.0
2024-11-08 00:00:00-05:00,148.71906153874144,149.71871911263233,146.2099112659944,147.57945251464844,175665800,0.0,0.0
2024-11-11 00:00:00-05:00,148.62909347800425,148.79904870323992,143.52085748188875,145.21026611328125,182325600,0.0,0.0
2024-11-12 00:00:00-05:00,146.7297346202135,149.59874692031187,145.95999403229789,148.2392120361328,198634700,0.0,0.0
2024-11-13 00:00:00-05:00,149.01896932454213,149.27887481548683,145.85004123347073,146.2199249267578,191903300,0.0,0.0
2024-11-14 00:00:00-05:00,147.58946625444327,148.94900137376933,145.50018526515709,146.7097625732422,194463300,0.0,0.0
2024-11-15 00:00:00-05:00,144.8203910682193,145.1902747512061,140.03203789439084,141.93138122558594,250132900,0.0,0.0
2024-11-18 00:00:00-05:00,139.45223367342163,141.50153478170088,137.10303223771245,140.1020050048828,221205300,0.0,0.0
2024-11-19 00:00:00-05:00,141.27163159656618,147.0796403153284,140.94174272954967,146.9596710205078,227834900,0.0,0.0
2024-11-20 00:00:00-05:00,147.35954130772643,147.50948385732136,142.68113546401185,145.84005737304688,309871700,0.0,0.0
2024-11-21 00:00:00-05:00,149.29888738883682,152.83766902515802,140.65183891204953,146.6197967529297,400946600,0.0,0.0
2024-11-22 00:00:00-05:00,145.88003080645086,147.10962067545384,141.05169787065546,141.90139770507812,236406200,0.0,0.0
2024-11-25 00:00:00-05:00,141.9413916908634,142.00136870780395,135.7735059739188,135.9734344482422,344941900,0.0,0.0
2024-11-26 00:00:00-05:00,137.6528702588759,139.25232877348597,135.6235662299349,136.87313842773438,190287700,0.0,0.0
2024-11-27 00:00:00-05:00,134.96376655836661,137.17301655731904,131.7548742168772,135.2936553955078,226370900,0.0,0.0
2024-11-29 00:00:00-05:00,136.7331843976686,139.30231211006736,136.0034385187834,138.2026824951172,141863200,0.0,0.0
2024-12-02 00:00:00-05:00,138.7824785355422,140.40191910756175,137.77282976281836,138.58255004882812,171682800,0.0,0.0
2024-12-03 00:00:00-05:00,138.21267485883047,140.49189330582607,137.90278339727084,140.2119903564453,164414000,0.0,0.0
2024-12-04 00:00:00-05:00,141.95140715914127,145.740103497805,140.24198561488052,145.09033203125,231224300,0.0,0.0
2024-12-05 00:00:00-05:00,145.07032934736787,146.49993108099994,143.9106428157812,145.0203399658203,172621200,0.01,0.0
2024-12-06 00:00:00-05:00,144.5604751692698,145.66016529709515,141.27136605108353,142.40106201171875,188505600,0.0,0.0
2024-12-09 00:00:00-05:00,138.93199359328304,139.91172129670065,137.0925004855475,138.77203369140625,189308600,0.0,0.0
2024-12-10 00:00:00-05:00,138.97197539548316,141.7812196768295,133.7534018405272,135.03306579589844,210020900,0.0,0.0
2024-12-11 00:00:00-05:00,137.32243273699547,140.13166176303284,135.173026862483,139.2718963623047,184905200,0.0,0.0
2024-12-12 00:00:00-05:00,137.0425058096826,138.40213441382414,135.76285715338648,137.30242919921875,159211400,0.0,0.0
2024-12-13 00:00:00-05:00,138.9020072444441,139.56183041879834,132.50374826625531,134.21328735351562,231514900,0.0,0.0
2024-12-16 00:00:00-05:00,134.1432941479919,134.3632351978696,130.38432800805435,131.96389770507812,237951100,0.0,0.0
2024-12-17 00:00:00-05:00,129.0546920799943,131.5540083659402,126.82530622422306,130.35433959960938,259410300,0.0,0.0
2024-12-18 00:00:00-05:00,133.82339933223892,136.6626191312432,128.2449232385065,128.874755859375,277444500,0.0,0.0
2024-12-19 00:00:00-05:00,131.72394769790225,133.99333094415113,129.51456085077075,130.6442413330078,209719200,0.0,0.0
2024-12-20 00:00:00-05:00,129.7745000485284,135.24300545668208,128.1849385069714,134.6631622314453,306528600,0.0,0.0
2024-12-23 00:00:00-05:00,136.24273302531586,139.75176772445488,135.08304656610844,139.63180541992188,176053500,0.0,0.0
2024-12-24 00:00:00-05:00,139.96173006068474,141.8612045810897,138.61209299039524,140.18167114257812,105157000,0.0,0.0
2024-12-26 00:00:00-05:00,139.66180603983884,140.8115008078877,137.69234337416663,139.89173889160156,116205600,0.0,0.0
2024-12-27 00:00:00-05:00,138.5121216661011,138.9819943823141,134.67317523350815,136.9725341796875,170582600,0.0,0.0
2024-12-30 00:00:00-05:00,134.79311660884966,140.2316308377207,133.98334063995796,137.452392578125,167734700,0.0,0.0
2024-12-31 00:00:00-05:00,137.99226367763055,138.0322612848829,133.79341493856927,134.25328063964844,155659200,0.0,0.0
2025-01-02 00:00:00-05:00,135.96280522543205,138.84202245285945,134.5931847895647,138.2721710205078,198247200,0.0,0.0
2025-01-03 00:00:00-05:00,139.9717090810043,144.86037131104774,139.69178686675932,144.4304962158203,229322500,0.0,0.0
2025-01-06 00:00:00-05:00,148.54936300568127,152.11839407781596,147.77958455274808,149.38912963867188,265377400,0.0,0.0
2025-01-07 00:00:00-05:00,152.98814312185272,153.08812187242287,139.97169998670535,140.10166931152344,351782200,0.0,0.0
2025-01-08 00:00:00-05:00,142.54101155921632,143.91063203422854,137.5223800692543,140.07168579101562,227349900,0.0,0.0
2025-01-10 00:00:00-05:00,137.41242079266553,139.88174676307978,134.18330808313058,135.8728485107422,207602500,0.0,0.0
2025-01-13 00:00:00-05:00,129.95446851982027,133.4535116815908,129.4745887600242,133.19357299804688,204808900,0.0,0.0
2025-01-14 00:00:00-05:00,136.01278831507346,136.3426998783518,130.01442953826418,131.7239532470703,195590500,0.0,0.0
2025-01-15 00:00:00-05:00,133.61345527658474,136.4126928345012,131.25409986764885,136.2027587890625,185217300,0.0,0.0
2025-01-16 00:00:00-05:00,138.60208327625168,138.7120538029648,133.4534978315376,133.53347778320312,209235600,0.0,0.0
2025-01-17 00:00:00-05:00,136.65262268416788,138.46212527408701,135.4229633158422,137.67234802246094,201188800,0.0,0.0
2025-01-21 00:00:00-05:00,139.12194717769367,141.7912151745994,137.05250594430132,140.79148864746094,197749000,0.0,0.0
2025-01-22 00:00:00-05:00,144.62047062339892,147.74960487622204,143.63073568135124,147.02981567382812,237651400,0.0,0.0
2025-01-23 00:00:00-05:00,145.01034368405638,147.1897403093082,143.6807055002306,147.17974853515625,155915500,0.0,0.0
2025-01-24 00:00:00-05:00,148.32942123311412,148.92926325643236,141.84120577881646,142.58099365234375,234657600,0.0,0.0
2025-01-27 00:00:00-05:00,124.7658794397831,128.3648859520762,116.668088091544,118.38761901855469,818830900,0.0,0.0
2025-01-28 00:00:00-05:00,121.77668294561497,128.96471894622445,116.21820602712087,128.95472717285156,579666400,0.0,0.0
2025-01-29 00:00:00-05:00,126.46541333864903,126.8553060976507,120.01717989918284,123.66617584228516,467120600,0.0,0.0
2025-01-30 00:00:00-05:00,123.06634175444341,124.96582380169083,118.06770880237578,124.61592102050781,392925500,0.0,0.0
2025-01-31 00:00:00-05:00,123.74615511454752,127.81504199868698,119.15741376372098,120.03717041015625,388161100,0.0,0.0
2025-02-03 00:00:00-05:00,114.71862375628316,118.53757894355685,112.97910166242248,116.62810516357422,371235700,0.0,0.0
2025-02-04 00:00:00-05:00,116.92801344303115,121.16685177317855,116.66808241089754,118.6175537109375,256550000,0.0,0.0
2025-02-05 00:00:00-05:00,121.7267002537778,124.96581196424484,120.72697375806385,124.79586029052734,262230800,0.0,0.0
2025-02-06 00:00:00-05:00,127.38514082988289,128.73477762229223,125.1757463183856,128.64479064941406,251483600,0.0,0.0
2025-02-07 00:00:00-05:00,129.18464838201572,130.3343276557766,124.96580169637689,129.80447387695312,228186300,0.0,0.0
2025-02-10 00:00:00-05:00,130.05441853152416,134.96307937585763,129.92446445785666,133.53347778320312,216989100,0.0,0.0
2025-02-11 00:00:00-05:00,132.54376130884148,134.4432358451655,130.9841901729766,132.76370239257812,178902400,0.0,0.0
2025-02-12 00:00:00-05:00,129.98445236307722,132.203846559633,129.04470695043977,131.10414123535156,160278600,0.0,0.0
2025-02-13 00:00:00-05:00,131.52403000773361,136.46268188823717,131.13413724109478,135.2530059814453,197430000,0.0,0.0
2025-02-14 00:00:00-05:00,136.44267986002885,139.21192676792597,135.46295207938218,138.81204223632812,195479600,0.0,0.0
2025-02-18 00:00:00-05:00,141.23139195970475,143.40079701868018,137.892293264338,139.3618927001953,219176600,0.0,0.0
2025-02-19 00:00:00-05:00,139.47184726600554,141.32134750878612,137.18248014952957,139.19192504882812,167536000,0.0,0.0
2025-02-20 00:00:00-05:00,139.991705837455,140.62153843760984,136.7525863640224,140.07168579101562,143903600,0.0,0.0
2025-02-21 00:00:00-05:00,140.0017008694862,141.42132600995674,133.99334973043614,134.3932342529297,228217600,0.0,0.0
2025-02-24 00:00:00-05:00,136.52266681200447,138.55211066034528,130.04444248958205,130.244384765625,251381100,0.0,0.0
2025-02-25 00:00:00-05:00,129.94445760453814,130.16439867421266,124.40597902043103,126.59537506103516,271428700,0.0,0.0
2025-02-26 00:00:00-05:00,129.95446947322534,133.69343728770713,128.4548795357506,131.24411010742188,322553800,0.0,0.0
2025-02-27 00:00:00-05:00,134.96308744670299,134.9730792207777,119.97718824289691,120.11714935302734,443175800,0.0,0.0
2025-02-28 00:00:00-05:00,117.98772650698133,125.05579305607802,116.36817434407594,124.8858413696289,389091100,0.0,0.0
2025-03-03 00:00:00-05:00,123.47622912906817,123.66617198823369,112.2492965435478,114.02880859375,411381400,0.0,0.0
2025-03-04 00:00:00-05:00,110.6197462594264,119.27737437091366,110.07989299750376,115.95828247070312,398163300,0.0,0.0
2025-03-05 00:00:00-05:00,117.54785129486386,118.24765683915241,114.47869104666965,117.26792907714844,284337900,0.0,0.0
2025-03-06 00:00:00-05:00,113.49895407905146,115.31845609620828,110.18986163701831,110.53976440429688,321181900,0.0,0.0
2025-03-07 00:00:00-05:00,111.21957864470976,113.44897220636766,107.5305852358904,112.65918731689453,341755500,0.0,0.0
2025-03-10 00:00:00-04:00,109.8699441866197,111.81940781621753,105.43115607331026,106.95074462890625,366487400,0.0,0.0
2025-03-11 00:00:00-04:00,106.96074247458567,112.20930691241836,104.74134829193281,108.73026275634766,354865700,0.0,0.0
2025-03-12 00:00:00-04:00,114.09930053195751,116.73882100614277,112.85951998498375,115.71900177001953,323857500,0.01,0.0
2025-03-13 00:00:00-04:00,117.00876245655117,117.73863334670654,113.76935252443205,115.55902862548828,299033100,0.0,0.0
2025-03-14 00:00:00-04:00,118.58847644066721,121.85787967708788,118.12856083227834,121.64791870117188,277593500,0.0,0.0
2025-03-17 00:00:00-04:00,122.71772499646224,122.86769930249316,118.00858060635532,119.50830841064453,255501500,0.0,0.0
2025-03-18 00:00:00-04:00,117.97858323274161,118.99839474842913,114.51921213127834,115.40904998779297,299686900,0.0,0.0
2025-03-19 00:00:00-04:00,117.24871023501531,120.42813331851431,115.65900250727064,117.49866485595703,273426200,0.0,0.0
2025-03-20 00:00:00-04:00,116.5288475567653,120.17817892707569,116.44886024718888,118.50848388671875,248829700,0.0,0.0
2025-03-21 00:00:00-04:00,116.91877807414131,117.96858292451893,115.39904967929496,117.67863464355469,266498500,0.0,0.0
2025-03-24 00:00:00-04:00,119.85824123014483,122.19782052957932,119.31833831489072,121.38796997070312,228452500,0.0,0.0
2025-03-25 00:00:00-04:00,120.52812446850508,121.26798803028822,118.89841541478116,120.66809844970703,167447200,0.0,0.0
2025-03-26 00:00:00-04:00,118.70845626054094,118.81842927999459,112.68954449720724,113.7393569946289,293463300,0.0,0.0
2025-03-27 00:00:00-04:00,111.32978747025457,114.42922326739314,110.63991789836862,111.40977478027344,236902100,0.0,0.0
2025-03-28 00:00:00-04:00,111.46976244373079,112.84951685583745,109.0502035041368,109.65009307861328,229872500,0.0,0.0
2025-03-31 00:00:00-04:00,105.11091847763528,110.93986229194257,103.63119133667838,108.3603286743164,299212700,0.0,0.0
2025-04-01 00:00:00-04:00,108.50030342775528,110.17999886185885,106.45068001979016,110.13001251220703,222614000,0.0,0.0
2025-04-02 00:00:00-04:00,107.2705266243207,111.95967777974947,106.77061737970816,110.39995574951172,220601200,0.0,0.0
2025-04-03 00:00:00-04:00,103.49122110695384,105.61083156865355,101.58156399912866,101.78153228759766,338769400,0.0,0.0
2025-04-04 00:00:00-04:00,98.89205625014841,100.11182847125419,92.09328707213024,94.29288482666016,532273800,0.0,0.0
2025-04-07 00:00:00-04:00,87.444123819458,101.73153089146867,86.60427995314998,97.62227630615234,611041300,0.0,0.0
2025-04-08 00:00:00-04:00,103.79115551332612,105.83078615825814,94.44285411172834,96.28252410888672,476243400,0.0,0.0
2025-04-09 00:00:00-04:00,98.87204993981901,115.07910675948129,97.51229618216108,114.30924987792969,612918300,0.0,0.0
2025-04-10 00:00:00-04:00,109.35015243101728,110.83987986480561,99.13200610877084,107.55047607421875,437812400,0.0,0.0
2025-04-11 00:00:00-04:00,108.4803070767672,111.52975654810143,107.46049556472005,110.90986633300781,313417300,0.0,0.0
2025-04-14 00:00:00-04:00,114.08928762467488,114.26925525660798,109.05020155855789,110.68990325927734,264705000,0.0,0.0
2025-04-15 00:00:00-04:00,110.94986159507806,113.59938217981927,110.4799456735416,112.17963409423828,228966900,0.0,0.0
2025-04-16 00:00:00-04:00,104.53103311878802,106.77062454919468,100.4317709352981,104.47103881835938,397016900,0.0,0.0
2025-04-17 00:00:00-04:00,104.43104243972901,104.45104308202083,100.03184700877077,101.4715805053711,292517500,0.0,0.0
2025-04-21 00:00:00-04:00,98.75207336541831,99.42195758129023,95.02275450080649,96.89241790771484,288501100,0.0,0.0
2025-04-22 00:00:00-04:00,98.76207440379943,99.79188628205247,97.26234659010818,98.87205505371094,241004800,0.0,0.0
2025-04-23 00:00:00-04:00,104.5010295750129,104.78098517141211,102.00148324580945,102.69136047363281,247526000,0.0,0.0
2025-04-24 00:00:00-04:00,103.46121375263034,106.52065568558213,103.09127819009328,106.41067504882812,220815000,0.0,0.0
2025-04-25 00:00:00-04:00,106.83061166162848,111.89969145813895,105.71081975581805,110.98986053466797,251064700,0.0,0.0
2025-04-28 00:00:00-04:00,109.67009093365705,110.3499678015911,106.00075133412535,108.71026611328125,207708500,0.0,0.0
2025-04-29 00:00:00-04:00,107.65046012276234,110.1799998026459,107.42050613077843,109.00021362304688,170444300,0.0,0.0
2025-04-30 00:00:00-04:00,104.45104108413872,108.90023040771484,104.06111247501677,108.90023040771484,235044600,0.0,0.0
2025-05-01 00:00:00-04:00,113.05947899879722,114.9191420385801,111.27980327057723,111.5897445678711,236121500,0.0,0.0
2025-05-02 00:00:00-04:00,114.15928352450368,115.37906338859757,113.34943293159324,114.4792251586914,190194800,0.0,0.0
2025-05-05 00:00:00-04:00,112.88951601094917,114.64919116473993,112.63956137373921,113.79934692382812,133163200,0.0,0.0
2025-05-06 00:00:00-04:00,111.45977773347964,114.71918078517231,110.79989381468877,113.51940155029297,158525600,0.0,0.0
2025-05-07 00:00:00-04:00,113.02949042053457,117.65864757290291,112.25962586336117,117.03875732421875,206758800,0.0,0.0
2025-05-08 00:00:00-04:00,118.22854670795566,118.658469001105,115.82898059800607,117.34870910644531,198428100,0.0,0.0
2025-05-09 00:00:00-04:00,117.32869985728382,118.20854502226882,115.18908887008638,116.62882995605469,132972200,0.0,0.0
2025-05-12 00:00:00-04:00,121.94787211512306,122.9776840209961,120.25817629208265,122.9776840209961,225023300,0.0,0.0
2025-05-13 00:00:00-04:00,124.95732666651305,131.19619232916256,124.44741706637032,129.9064178466797,330430100,0.0,0.0
2025-05-14 00:00:00-04:00,133.17581874633882,135.4154176381041,131.65609038206884,135.3154296875,281180800,0.0,0.0
2025-05-15 00:00:00-04:00,134.2656162138544,136.2752611112406,132.6359224746836,134.80552673339844,226632600,0.0,0.0
2025-05-16 00:00:00-04:00,136.19528579014883,136.32526708518697,133.43579205010155,135.37542724609375,226542500,0.0,0.0
2025-05-19 00:00:00-04:00,132.36596428610483,135.84532822832756,132.36596428610483,135.54539489746094,193154600,0.0,0.0
2025-05-20 00:00:00-04:00,134.26562607401144,134.55558199625042,132.59593092987555,134.35562133789062,161514200,0.0,0.0
2025-05-21 00:00:00-04:00,133.0358430493297,137.3750515435132,130.56629021032253,131.7760772705078,270608700,0.0,0.0
2025-05-22 00:00:00-04:00,132.20599574301846,134.22563338103308,131.52612648714359,132.80589294433594,187344000,0.0,0.0
2025-05-23 00:00:00-04:00,129.97641506418768,132.65592152877483,129.13657112060253,131.26617431640625,198821300,0.0,0.0
2025-05-27 00:00:00-04:00,134.1256417936587,135.63537744884945,133.2857979393918,135.47540283203125,192953600,0.0,0.0
2025-05-28 00:00:00-04:00,136.00531758419635,137.22509744866613,134.76553707682788,134.78553771972656,304021100,0.0,0.0
2025-05-29 00:00:00-04:00,142.22419152756274,143.46397204605128,137.88498259688382,139.1647491455078,369241900,0.0,0.0
2025-05-30 00:00:00-04:00,138.6948289010735,139.59465948344436,132.8958783257386,135.10548400878906,333170900,0.0,0.0
2025-06-02 00:00:00-04:00,135.46541564458173,138.09492795630163,135.37542038395227,137.35507202148438,197663100,0.0,0.0
2025-06-03 00:00:00-04:00,138.75480693174418,141.97422364617418,137.9249557656252,141.19436645507812,225578800,0.0,0.0
2025-06-04 00:00:00-04:00,142.1641966028205,142.36415725393297,139.5146683935161,141.8942413330078,167120800,0.0,0.0
2025-06-05 00:00:00-04:00,142.14419665233672,143.97386636815438,138.80480646885346,139.964599609375,231397900,0.0,0.0
2025-06-06 00:00:00-04:00,142.4841247816278,143.24399658328852,141.4843063108272,141.69427490234375,153986200,0.0,0.0
2025-06-09 00:00:00-04:00,143.16402192873528,144.97369107987248,141.91424872977086,142.6041259765625,185114500,0.0,0.0
2025-06-10 00:00:00-04:00,142.66410985007164,144.26381035974757,141.50431668274294,143.9338836669922,155881900,0.0,0.0
2025-06-11 00:00:00-04:00,144.59379466225064,144.97375695921582,141.85409623212945,142.81399536132812,167694000,0.01,0.0
2025-06-12 00:00:00-04:00,141.9540901919345,144.98374938964844,141.83410852298076,144.98374938964844,162365000,0.0,0.0
2025-06-13 00:00:00-04:00,142.4640236398758,143.5639064320885,140.83421673860605,141.95408630371094,180820600,0.0,0.0
2025-06-16 00:00:00-04:00,143.33393622751285,146.16360555156524,143.18394388862185,144.6737823486328,183133700,0.0,0.0
2025-06-17 00:00:00-04:00,144.4738049491523,145.20371882793046,143.7638778428329,144.1038360595703,139108000,0.0,0.0
2025-06-18 00:00:00-04:00,143.9938476821936,145.63366319028128,143.10394808189747,145.46368408203125,161494100,0.0,0.0
2025-06-20 00:00:00-04:00,145.43368901636921,146.1836049259659,142.63399990245927,143.83387756347656,242956200,0.0,0.0
2025-06-23 00:00:00-04:00,142.48402812138661,144.76377135076248,142.01407957999888,144.15383911132812,154308900,0.0,0.0
2025-06-24 00:00:00-04:00,145.54367367470394,147.94341367999496,145.4836828445603,147.88340759277344,187566100,0.0,0.0
2025-06-25 00:00:00-04:00,149.25328072295656,154.43269305532343,149.24327207878133,154.29270935058594,269146500,0.0,0.0
2025-06-26 00:00:00-04:00,155.9625083392563,156.70243086817015,153.98273459501658,155.00262451171875,198145700,0.0,0.0
2025-06-27 00:00:00-04:00,156.02250005395288,158.69221415352254,155.24258871826237,157.73231506347656,263234500,0.0,0.0
2025-06-30 00:00:00-04:00,158.38224776867892,158.6422284044636,155.94253394670602,157.97230529785156,194580300,0.0,0.0
2025-07-01 00:00:00-04:00,156.27249233706732,157.18239409932116,151.47304203431221,153.2828369140625,213143600,0.0,0.0
2025-07-02 00:00:00-04:00,152.962850389823,157.58234297497486,152.95285700312823,157.2323760986328,171224100,0.0,0.0
2025-07-03 00:00:00-04:00,158.35225101493015,160.96195919540767,157.7523273944205,159.3221435546875,143716100,0.0,0.0
2025-07-07 00:00:00-04:00,158.18227071828886,159.29214695363126,157.3223664705724,158.22227478027344,140139000,0.0,0.0
2025-07-08 00:00:00-04:00,159.31214783171163,160.20204749093682,158.3722507239072,159.98207092285156,138133000,0.0,0.0
2025-07-09 00:00:00-04:00,161.20193770023792,164.40157611225678,161.14194686393122,162.86175537109375,183656400,0.0,0.0
2025-07-10 00:00:00-04:00,164.30159583301895,164.48156834124046,161.5918927660757,164.0816192626953,167704100,0.0,0.0
2025-07-11 00:00:00-04:00,163.70165728031435,167.87118822352508,163.4516852914618,164.90151977539062,193633300,0.0,0.0
2025-07-14 00:00:00-04:00,165.35146259057728,165.4714595173457,162.00184716942397,164.05162048339844,136975800,0.0,0.0
2025-07-15 00:00:00-04:00,171.17081299302788,172.38066881478494,169.18103056842588,170.6808624267578,230627400,0.0,0.0
2025-07-16 00:00:00-04:00,171.04083672550954,171.73076187811773,168.88107501049606,171.35079956054688,158831500,0.0,0.0
2025-07-17 00:00:00-04:00,172.00073538495315,174.1404950617398,170.81086624213197,172.98062133789062,160841100,0.0,0.0
2025-07-18 00:00:00-04:00,173.62054394819432,174.23047621121117,171.24080573231237,172.39068603515625,146456400,0.0,0.0
2025-07-21 00:00:00-04:00,172.73065099594356,173.36058531454748,170.9808470061149,171.36080932617188,123126100,0.0,0.0
2025-07-22 00:00:00-04:00,171.32080634495316,171.37080379639445,164.5615689540832,167.01129150390625,193114300,0.0,0.0
2025-07-23 00:00:00-04:00,169.511004310231,171.24080620570157,167.95118153678195,170.7608642578125,154082200,0.0,0.0
2025-07-24 00:00:00-04:00,172.42067791171223,173.81052153075,171.28080627636527,173.7205352783203,128984600,0.0,0.0
2025-07-25 00:00:00-04:00,173.59054858813744,174.70042482917586,172.9406275198062,173.48056030273438,122316800,0.0,0.0
2025-07-28 00:00:00-04:00,174.00050427681666,176.98016607778243,173.9505068282037,176.73019409179688,140023500,0.0,0.0
2025-07-29 00:00:00-04:00,177.94006357342778,179.35990260986108,175.00039060425894,175.49032592773438,154077500,0.0,0.0
2025-07-30 00:00:00-04:00,176.49022309733303,179.869849375745,176.0202745228646,179.2499237060547,174312200,0.0,0.0
2025-07-31 00:00:00-04:00,182.87950237318685,183.2794667127293,175.9102820488597,177.85006713867188,221685400,0.0,0.0
2025-08-01 00:00:00-04:00,174.07048465468185,176.52020701181988,170.8708463561498,173.70053100585938,204529000,0.0,0.0
2025-08-04 00:00:00-04:00,175.14037394842856,180.17980241597786,174.500446281802,179.97982788085938,148174600,0.0,0.0
2025-08-05 00:00:00-04:00,179.59986897635343,180.23979665506658,175.8802845759961,178.24002075195312,156407600,0.0,0.0
2025-08-06 00:00:00-04:00,176.31023710297544,179.87982901005608,176.23024423927978,179.39988708496094,137192300,0.0,0.0
2025-08-07 00:00:00-04:00,181.54966930117607,183.85940811228025,178.7799753024853,180.749755859375,151878400,0.0,0.0
2025-08-08 00:00:00-04:00,181.52965464990967,183.27945850723472,180.3797743894202,182.6795196533203,123396700,0.0,0.0
2025-08-11 00:00:00-04:00,182.02960317073044,183.8193958765311,180.22980182096376,182.0395965576172,138323200,0.0,0.0
2025-08-12 00:00:00-04:00,182.9395060522284,184.4593247511904,179.43989822709233,183.1394805908203,145485700,0.0,0.0
2025-08-13 00:00:00-04:00,182.59953978080497,183.9493946696141,179.329917039869,181.5696563720703,179871700,0.0,0.0
2025-08-14 00:00:00-04:00,179.7298534235828,182.99949119039164,179.43989264021437,181.99960327148438,129554000,0.0,0.0
2025-08-15 00:00:00-04:00,181.85962676701382,181.87961354108583,178.02004541114613,180.42977905273438,156602200,0.0,0.0
2025-08-18 00:00:00-04:00,180.57976314427117,182.91949719839158,180.56975450061333,181.98959350585938,132008000,0.0,0.0
2025-08-19 00:00:00-04:00,182.4095478886331,182.47954736718557,175.47033846497254,175.6203155517578,185229200,0.0,0.0
2025-08-20 00:00:00-04:00,175.1503706193276,175.9802794498554,168.7810892510499,175.38034057617188,215142700,0.0,0.0
2025-08-21 00:00:00-04:00,174.83041312567687,176.88017120538285,173.79052111986658,174.96038818359375,140040900,0.0,0.0
2025-08-22 00:00:00-04:00,172.59066018618677,178.56998587344157,171.18081451068767,177.97006225585938,172789400,0.0,0.0
2025-08-25 00:00:00-04:00,178.33002804439553,181.88962682620624,176.5502286534902,179.78985595703125,163012800,0.0,0.0
2025-08-26 00:00:00-04:00,180.0398187111229,182.36955942503778,178.78995879531527,181.7496337890625,168688200,0.0,0.0
2025-08-27 00:00:00-04:00,181.95959791056248,182.46955051009175,179.07993109949993,181.57965087890625,235518900,0.0,0.0
2025-08-28 00:00:00-04:00,180.79974711518173,184.44933204343067,176.39023757757423,180.14981079101562,281787800,0.0,0.0
2025-08-29 00:00:00-04:00,178.09004428153852,178.130033086625,173.13059331145078,174.1604766845703,243257900,0.0,0.0
2025-09-02 00:00:00-04:00,169.980952871088,172.36069109354864,167.20126556823303,170.7608642578125,231164900,0.0,0.0
2025-09-03 00:00:00-04:00,171.0408442884315,172.3906992342715,168.86109570238054,170.60089111328125,164424900,0.0,0.0
2025-09-04 00:00:00-04:00,170.55090333056648,171.8407521362954,169.39102958990665,171.64077758789062,141670100,0.0,0.0
2025-09-05 00:00:00-04:00,168.01117837826322,169.0110663720669,164.05163046676552,167.0012969970703,224441400,0.0,0.0
2025-09-08 00:00:00-04:00,167.53122834914853,170.940849905597,167.33125381142952,168.2911376953125,163769100,0.0,0.0
2025-09-09 00:00:00-04:00,169.0710489481518,170.96083655380463,166.7213214317911,170.74085998535156,157548400,0.0,0.0
2025-09-10 00:00:00-04:00,176.62020974984335,179.26990675759993,175.45034266016896,177.3101348876953,226852000,0.0,0.0
2025-09-11 00:00:00-04:00,179.66999584989978,180.26996857097555,176.4701769393558,177.16014099121094,151159300,0.01,0.0
2025-09-12 00:00:00-04:00,177.76010410307373,178.59005971058946,176.44017029123495,177.8101043701172,124911000,0.0,0.0
2025-09-15 00:00:00-04:00,175.66021109761542,178.84004186496986,174.50027206258352,177.74009704589844,147061600,0.0,0.0
2025-09-16 00:00:00-04:00,176.99014687805604,177.49011904437822,174.37029760906842,174.87026977539062,140737800,0.0,0.0
2025-09-17 00:00:00-04:00,172.63039291663662,173.1903593144249,168.40063256525568,170.280517578125,211843800,0.0,0.0
2025-09-18 00:00:00-04:00,173.9703101424577,177.09014682532762,172.95037791227023,176.23019409179688,191763300,0.0,0.0
2025-09-19 00:00:00-04:00,175.7602124903078,178.07008136373162,175.17023376194967,176.66015625,237182100,0.0,0.0
2025-09-22 00:00:00-04:00,175.29024236301854,184.53972732383275,174.70027887607205,183.5997772216797,269637000,0.0,0.0
2025-09-23 00:00:00-04:00,181.9598706713119,182.409842567533,176.20019683221489,178.42005920410156,192559600,0.0,0.0
2025-09-24 00:00:00-04:00,179.75999113536878,179.76998508551358,175.39022416770254,176.96014404296875,143564100,0.0,0.0
2025-09-25 00:00:00-04:00,174.47028665549124,180.24996380236055,173.12037093203185,177.68011474609375,191586700,0.0,0.0
2025-09-26 00:00:00-04:00,178.16008106951017,179.75999811527313,174.920255917913,178.18008422851562,148573700,0.0,0.0
2025-09-29 00:00:00-04:00,180.4199550960203,183.98976381560166,180.30997586310093,181.8398895263672,193063500,0.0,0.0
2025-09-30 00:00:00-04:00,182.06986121505474,187.3395719841704,181.4698885277926,186.56961059570312,236981000,0.0,0.0
2025-10-01 00:00:00-04:00,185.22969505995906,188.12952754318238,183.88975804814035,187.22958374023438,173844900,0.0,0.0
2025-10-02 00:00:00-04:00,189.5894532800495,191.0393695238543,188.04953044946197,188.87948608398438,136805800,0.0,0.0
2025-10-03 00:00:00-04:00,189.1794627061203,190.34939569471342,185.36967740169,187.6095428466797,137596900,0.0,0.0
2025-10-06 00:00:00-04:00,185.48967202648717,187.21957143407985,183.31979467524326,185.5296630859375,157678100,0.0,0.0
2025-10-07 00:00:00-04:00,186.21962980709273,189.0494741147918,183.9897582054133,185.02969360351562,140088000,0.0,0.0
2025-10-08 00:00:00-04:00,186.55962017208088,189.58945025835604,186.52960780500513,189.09947204589844,130168900,0.0,0.0
2025-10-09 00:00:00-04:00,192.21928773885006,195.28912405123697,191.04935474353755,192.5592803955078,182997200,0.0,0.0
2025-10-10 00:00:00-04:00,193.49922565779727,195.6091088464203,182.0398719523004,183.14981079101562,268774400,0.0,0.0
2025-10-13 00:00:00-04:00,187.9595379156231,190.09941818271824,185.94965529464977,188.3095245361328,153482800,0.0,0.0
2025-10-14 00:00:00-04:00,184.75971529942103,184.78971240822688,179.68999030007896,180.0199737548828,205641400,0.0,0.0
2025-10-15 00:00:00-04:00,184.7897166440438,184.85970481354866,177.2801249034248,179.8199920654297,214450500,0.0,0.0
2025-10-16 00:00:00-04:00,182.21985578014733,183.26980040587233,179.76000120804414,181.7998809814453,179723300,0.0,0.0
2025-10-17 00:00:00-04:00,180.16996892604442,184.08976427610557,179.74000017155936,183.20980834960938,173135200,0.0,0.0
2025-10-20 00:00:00-04:00,183.1198152646831,185.18969215276272,181.71988400794234,182.6298370361328,128544700,0.0,0.0
2025-10-21 00:00:00-04:00,182.77981647710283,182.77981647710283,179.78999271004406,181.14991760253906,124240200,0.0,0.0
2025-10-22 00:00:00-04:00,181.1299112106735,183.42978616900905,176.7501502622395,180.26995849609375,162249600,0.0,0.0
2025-10-23 00:00:00-04:00,180.40994799999942,183.01980322210497,179.7799782111653,182.1498565673828,111363700,0.0,0.0
2025-10-24 00:00:00-04:00,183.8297551720498,187.45955783835475,183.48977777431884,186.24961853027344,131296700,0.0,0.0
2025-10-27 00:00:00-04:00,189.979423148828,191.98930570001696,188.41949722334647,191.47933959960938,153452700,0.0,0.0
2025-10-28 00:00:00-04:00,193.03926234185508,203.1386912540773,191.89932637827522,201.01881408691406,297986200,0.0,0.0
2025-10-29 00:00:00-04:00,207.96842303697136,212.1781954922272,204.76860414707738,207.02847290039062,308829600,0.0,0.0
2025-10-30 00:00:00-04:00,205.1385766163601,206.1485301715792,201.39879452489242,202.8787078857422,178864400,0.0,0.0
2025-10-31 00:00:00-04:00,206.43850017947892,207.95841980607935,202.05875446792163,202.47872924804688,179802200,0.0,0.0
2025-11-03 00:00:00-05:00,208.06841462190084,211.32822759164594,205.5485506791992,206.8684844970703,180267300,0.0,0.0
2025-11-04 00:00:00-05:00,202.98869740675082,203.9586446199207,197.9189723693821,198.67893981933594,188919300,0.0,0.0
2025-11-05 00:00:00-05:00,198.75894188581304,202.90870481768462,194.63916080574026,195.1991424560547,171350300,0.0,0.0
2025-11-06 00:00:00-05:00,196.40906647995496,197.60899664277025,186.3696319662745,188.0695343017578,223029800,0.0,0.0
2025-11-07 00:00:00-05:00,184.8897071775586,188.3095303364016,178.90005019006267,188.1395263671875,264942300,0.0,0.0
2025-11-10 00:00:00-05:00,195.09914200543773,199.9288750287355,193.7792081445882,199.03892517089844,198897100,0.0,0.0
2025-11-11 00:00:00-05:00,195.14913483203398,195.40911485928362,191.28934919242405,193.1492462158203,176483300,0.0,0.0
2025-11-12 00:00:00-05:00,195.70910637927892,195.87909508520013,191.1193655455878,193.78921508789062,154935300,0.0,0.0
2025-11-13 00:00:00-05:00,191.03936321053533,191.42934088057365,183.8397672401686,186.84959411621094,207423100,0.0,0.0
2025-11-14 00:00:00-05:00,182.8498180673128,190.99935813210442,180.56994624954729,190.15940856933594,186591900,0.0,0.0
2025-11-17 00:00:00-05:00,185.95964506857126,188.98947511566342,184.30974305565786,186.58961486816406,173628900,0.0,0.0
2025-11-18 00:00:00-05:00,183.36979105504545,184.7897101334883,179.63998782140993,181.3498992919922,213598900,0.0,0.0
2025-11-19 00:00:00-05:00,184.7796984316032,187.8495347223247,182.8198161698128,186.50961303710938,247246400,0.0,0.0
2025-11-20 00:00:00-05:00,195.9390891568929,195.9890894251709,179.83999453744622,180.62994384765625,343504800,0.0,0.0
2025-11-21 00:00:00-05:00,181.22991004695137,184.54971718190046,172.92036011460985,178.8700408935547,346926200,0.0,0.0
2025-11-24 00:00:00-05:00,179.48001348627363,183.4897847612219,176.47017128450955,182.5398406982422,256618300,0.0,0.0
2025-11-25 00:00:00-05:00,174.90026276869568,178.15008177330986,169.54056066153746,177.8101043701172,320600300,0.0,0.0
2025-11-26 00:00:00-05:00,181.61988829154,182.8998157763143,178.2300777211247,180.2499542236328,183852000,0.0,0.0
2025-11-28 00:00:00-05:00,179.0000253919654,179.28000857805475,176.49017066740046,176.99014282226562,121332800,0.0,0.0
2025-12-01 00:00:00-05:00,174.75027181562072,180.28997214473748,173.67033006996684,179.9099884033203,188131000,0.0,0.0
2025-12-02 00:00:00-05:00,181.74987648908228,185.6496685428864,179.98997995570696,181.4499053955078,182632200,0.0,0.0
2025-12-03 00:00:00-05:00,181.06992440272873,182.43984327721986,179.1000328161426,179.5800018310547,165138000,0.0,0.0
2025-12-04 00:00:00-05:00,181.6199951171875,184.52000427246094,179.9600067138672,183.3800048828125,167364900,0.01,0.0
2025-12-05 00:00:00-05:00,183.88999938964844,184.66000366210938,180.91000366210938,182.41000366210938,143971100,0.0,0.0
2025-12-08 00:00:00-05:00,182.63999938964844,188.0,182.39999389648438,185.5500030517578,204378100,0.0,0.0
2025-12-09 00:00:00-05:00,185.55999755859375,185.72000122070312,183.32000732421875,184.97000122070312,144719700,0.0,0.0
2025-12-10 00:00:00-05:00,184.97000122070312,185.47999572753906,182.0399932861328,183.77999877929688,162785400,0.0,0.0
2025-12-11 00:00:00-05:00,180.27999877929688,181.32000732421875,176.6199951171875,180.92999267578125,182136600,0.0,0.0
2025-12-12 00:00:00-05:00,181.11000061035156,182.82000732421875,174.6199951171875,175.02000427246094,204274900,0.0,0.0
2025-12-15 00:00:00-05:00,177.94000244140625,178.4199981689453,175.02999877929688,176.2899932861328,164775600,0.0,0.0
2025-12-16 00:00:00-05:00,176.25999450683594,178.49000549316406,174.89999389648438,177.72000122070312,148588100,0.0,0.0
2025-12-17 00:00:00-05:00,176.10000610351562,176.1300048828125,170.30999755859375,170.94000244140625,222775500,0.0,0.0
2025-12-18 00:00:00-05:00,174.52999877929688,176.14999389648438,171.82000732421875,174.13999938964844,176096000,0.0,0.0
2025-12-19 00:00:00-05:00,176.6699981689453,181.4499969482422,176.33999633789062,180.99000549316406,324925900,0.0,0.0
2025-12-22 00:00:00-05:00,183.9199981689453,184.16000366210938,182.35000610351562,183.69000244140625,129064400,0.0,0.0
2025-12-23 00:00:00-05:00,182.97000122070312,189.3300018310547,182.89999389648438,189.2100067138672,174873600,0.0,0.0
2025-12-24 00:00:00-05:00,187.94000244140625,188.91000366210938,186.58999633789062,188.61000061035156,65528500,0.0,0.0
2025-12-26 00:00:00-05:00,189.9199981689453,192.69000244140625,188.0,190.52999877929688,139740300,0.0,0.0
2025-12-29 00:00:00-05:00,187.7100067138672,188.75999450683594,185.91000366210938,188.22000122070312,120006100,0.0,0.0
2025-12-30 00:00:00-05:00,188.24000549316406,188.99000549316406,186.92999267578125,187.5399932861328,97687300,0.0,0.0
2025-12-31 00:00:00-05:00,189.57000732421875,190.55999755859375,186.49000549316406,186.5,120100500,0.0,0.0
2026-01-02 00:00:00-05:00,189.83999633789062,192.92999267578125,188.25999450683594,188.85000610351562,148240500,0.0,0.0
2026-01-05 00:00:00-05:00,191.75999450683594,193.6300048828125,186.14999389648438,188.1199951171875,183529700,0.0,0.0
2026-01-06 00:00:00-05:00,190.52000427246094,192.1699981689453,186.82000732421875,187.24000549316406,176862600,0.0,0.0
2026-01-07 00:00:00-05:00,188.57000732421875,191.3699951171875,186.55999755859375,189.11000061035156,153543200,0.0,0.0
2026-01-08 00:00:00-05:00,189.11000061035156,189.5500030517578,183.7100067138672,185.0399932861328,172457000,0.0,0.0
2026-01-09 00:00:00-05:00,185.0800018310547,186.33999633789062,183.6699981689453,184.86000061035156,131327500,0.0,0.0
2026-01-12 00:00:00-05:00,183.22000122070312,187.1199951171875,183.02000427246094,184.94000244140625,137968500,0.0,0.0
2026-01-13 00:00:00-05:00,185.0,188.11000061035156,183.39999389648438,185.80999755859375,160128900,0.0,0.0
2026-01-14 00:00:00-05:00,184.32000732421875,184.4600067138672,180.8000030517578,183.13999938964844,159586100,0.0,0.0
2026-01-15 00:00:00-05:00,186.5,189.6999969482422,186.3300018310547,187.0500030517578,206188600,0.0,0.0
2026-01-16 00:00:00-05:00,189.0800018310547,190.44000244140625,186.0800018310547,186.22999572753906,187967200,0.0,0.0
2026-01-20 00:00:00-05:00,181.89999389648438,182.3800048828125,177.61000061035156,178.07000732421875,223345300,0.0,0.0
2026-01-21 00:00:00-05:00,179.0500030517578,185.3800048828125,178.39999389648438,183.32000732421875,200381000,0.0,0.0
2026-01-22 00:00:00-05:00,184.75,186.1699981689453,183.92999267578125,184.83999633789062,139636600,0.0,0.0
2026-01-23 00:00:00-05:00,187.5,189.60000610351562,186.82000732421875,187.6699981689453,142748100,0.0,0.0
2026-01-26 00:00:00-05:00,187.16000366210938,189.1199951171875,185.99000549316406,186.47000122070312,124799600,0.0,0.0
2026-01-27 00:00:00-05:00,187.24000549316406,190.0,185.6999969482422,188.52000427246094,143711600,0.0,0.0
2026-01-28 00:00:00-05:00,191.27000427246094,192.35000610351562,189.83999633789062,191.52000427246094,148552700,0.0,0.0
2026-01-29 00:00:00-05:00,191.33999633789062,193.47999572753906,186.05999755859375,192.50999450683594,171764400,0.0,0.0
2026-01-30 00:00:00-05:00,191.2100067138672,194.49000549316406,189.47000122070312,191.1300048828125,179489500,0.0,0.0
2026-02-02 00:00:00-05:00,187.1999969482422,190.3000030517578,184.8800048828125,185.61000061035156,165794100,0.0,0.0
2026-02-03 00:00:00-05:00,186.24000549316406,186.27000427246094,176.22999572753906,180.33999633789062,204019600,0.0,0.0
2026-02-04 00:00:00-05:00,179.4600067138672,179.5800018310547,171.91000366210938,174.19000244140625,207014100,0.0,0.0
2026-02-05 00:00:00-05:00,174.92999267578125,176.82000732421875,171.02999877929688,171.8800048828125,206312900,0.0,0.0
2026-02-06 00:00:00-05:00,176.69000244140625,187.0,174.60000610351562,185.41000366210938,231346200,0.0,0.0
2026-02-09 00:00:00-05:00,184.25999450683594,193.66000366210938,183.9499969482422,190.0399932861328,196387400,0.0,0.0
2026-02-10 00:00:00-05:00,191.3800048828125,192.47999572753906,188.1199951171875,188.5399932861328,136764800,0.0,0.0
2026-02-11 00:00:00-05:00,192.4499969482422,193.25999450683594,188.77000427246094,190.0500030517578,144192700,0.0,0.0
2026-02-12 00:00:00-05:00,193.02999877929688,193.61000061035156,186.50999450683594,186.94000244140625,189932500,0.0,0.0
2026-02-13 00:00:00-05:00,187.47999572753906,187.5,181.58999633789062,182.80999755859375,161888000,0.0,0.0
2026-02-17 00:00:00-05:00,181.75,187.14999389648438,179.17999267578125,184.97000122070312,162276900,0.0,0.0
2026-02-18 00:00:00-05:00,188.75,190.3699951171875,186.75999450683594,187.97999572753906,164749100,0.0,0.0
2026-02-19 00:00:00-05:00,187.05999755859375,188.42999267578125,185.66000366210938,187.89999389648438,126554500,0.0,0.0
2026-02-20 00:00:00-05:00,186.57000732421875,190.3300018310547,185.94000244140625,189.82000732421875,178422300,0.0,0.0
2026-02-23 00:00:00-05:00,191.39999389648438,193.9499969482422,189.5800018310547,191.5500030517578,171584800,0.0,0.0
2026-02-24 00:00:00-05:00,191.49000549316406,193.77000427246094,187.39999389648438,192.85000610351562,175123600,0.0,0.0
2026-02-25 00:00:00-05:00,194.4499969482422,197.6300048828125,193.7899932861328,195.55999755859375,250637100,0.0,0.0
2026-02-26 00:00:00-05:00,194.27000427246094,194.2899932861328,184.32000732421875,184.88999938964844,360807900,0.0,0.0
2026-02-27 00:00:00-05:00,181.25,182.58999633789062,176.3800048828125,177.19000244140625,311636500,0.0,0.0
2026-03-02 00:00:00-05:00,175.00999450683594,183.4600067138672,174.63999938964844,182.47999572753906,209095300,0.0,0.0
2026-03-03 00:00:00-05:00,178.49000549316406,180.89999389648438,176.9199981689453,180.0500030517578,177582000,0.0,0.0
